drug_id,rank,prot_id,pred
2-aminopurine,1,Q56UN5,11.825
2-aminopurine,2,P08922,11.806
2-aminopurine,3,Q00535-2,11.804
2-aminopurine,4,P06493-2,11.722
2-aminopurine,5,P24941,11.7
2-aminopurine,6,Q9HAZ1,11.671
2-aminopurine,7,P78527,11.662
2-aminopurine,8,P78527-2,11.662
2-aminopurine,9,P24941-2,11.648
2-aminopurine,10,Q9UEE5,11.647
3-methyl-GABA,1,Q96GD4-4,12.437
3-methyl-GABA,2,Q96GD4,12.355
3-methyl-GABA,3,Q96GD4-5,12.346
3-methyl-GABA,4,Q9UEE5,12.326
3-methyl-GABA,5,Q9UQB9-2,12.32
3-methyl-GABA,6,Q9UQB9-3,12.303
3-methyl-GABA,7,Q9UQB9,12.287
3-methyl-GABA,8,O94768,12.215
3-methyl-GABA,9,P51817,12.14
3-methyl-GABA,10,O00329,12.126
5-iodotubercidin,1,P17948,12.477
5-iodotubercidin,2,P08922,12.192
5-iodotubercidin,3,P17948-3,12.169
5-iodotubercidin,4,P48730,12.099
5-iodotubercidin,5,P06241,12.062
5-iodotubercidin,6,P48730-2,12.06
5-iodotubercidin,7,P17948-2,12.039
5-iodotubercidin,8,P06241-2,12.018
5-iodotubercidin,9,Q9UM73,11.991
5-iodotubercidin,10,P00519,11.971
5-methoxytryptamine,1,Q9HAZ1,12.051
5-methoxytryptamine,2,Q56UN5,12.046
5-methoxytryptamine,3,O75116,12.035
5-methoxytryptamine,4,P48736,12.031
5-methoxytryptamine,5,O60673,11.984
5-methoxytryptamine,6,Q5S007,11.906
5-methoxytryptamine,7,P08922,11.903
5-methoxytryptamine,8,Q13535,11.861
5-methoxytryptamine,9,Q13535-3,11.861
5-methoxytryptamine,10,O75417-2,11.844
5-nonyloxytryptamine,1,O75116,12.756
5-nonyloxytryptamine,2,Q13464,12.484
5-nonyloxytryptamine,3,Q9HAZ1,12.396
5-nonyloxytryptamine,4,O75676,12.341
5-nonyloxytryptamine,5,Q9UEE5,12.333
5-nonyloxytryptamine,6,O75676-2,12.333
5-nonyloxytryptamine,7,Q56UN5,12.17
5-nonyloxytryptamine,8,O43930,12.161
5-nonyloxytryptamine,9,Q5S007,12.157
5-nonyloxytryptamine,10,P78527,12.136
6-aminochrysene,1,O14757,12.24
6-aminochrysene,2,P48736,12.096
6-aminochrysene,3,Q8IW41,12.094
6-aminochrysene,4,Q8IW41-2,12.089
6-aminochrysene,5,O14757-2,12.087
6-aminochrysene,6,Q14680-5,12.004
6-aminochrysene,7,Q5S007,11.993
6-aminochrysene,8,Q14680-6,11.962
6-aminochrysene,9,Q14680-4,11.89
6-aminochrysene,10,Q14680-7,11.886
ABT-737,1,P48736,12.628
ABT-737,2,P17612,12.565
ABT-737,3,Q9HAZ1,12.562
ABT-737,4,O14757,12.502
ABT-737,5,P22694-10,12.499
ABT-737,6,P17612-2,12.456
ABT-737,7,P22694-5,12.434
ABT-737,8,P22694,12.424
ABT-737,9,P22612,12.419
ABT-737,10,P22694-6,12.383
ABT-751,1,O00329,13.377
ABT-751,2,P08922,13.109
ABT-751,3,P42336,12.616
ABT-751,4,Q56UN5-3,12.558
ABT-751,5,Q13535-2,12.479
ABT-751,6,P80192,12.475
ABT-751,7,P29376-4,12.472
ABT-751,8,P80192-4,12.471
ABT-751,9,Q5S007,12.45
ABT-751,10,Q13535,12.449
AG-490,1,Q96GD4-4,12.798
AG-490,2,P51817,12.742
AG-490,3,Q9UQB9-2,12.725
AG-490,4,Q96GD4-5,12.705
AG-490,5,Q96GD4,12.701
AG-490,6,O75460-2,12.686
AG-490,7,Q9UQB9,12.678
AG-490,8,Q9UQB9-3,12.618
AG-490,9,P17948,12.503
AG-490,10,Q9UBE8,12.458
AG-879,1,Q9UEE5,13.057
AG-879,2,O43293,12.987
AG-879,3,Q9UIK4-2,12.931
AG-879,4,P08922,12.93
AG-879,5,O00311,12.816
AG-879,6,O43293-2,12.804
AG-879,7,Q52WX2,12.704
AG-879,8,P0C263,12.7
AG-879,9,Q32MK0,12.687
AG-879,10,O00329,12.678
AICA-ribonucleotide,1,P50613,12.085
AICA-ribonucleotide,2,P24941,12.066
AICA-ribonucleotide,3,P08922,12.03
AICA-ribonucleotide,4,P17948,12.011
AICA-ribonucleotide,5,P17948-3,11.954
AICA-ribonucleotide,6,P24941-2,11.944
AICA-ribonucleotide,7,Q00535-2,11.937
AICA-ribonucleotide,8,P17948-2,11.85
AICA-ribonucleotide,9,O00329,11.842
AICA-ribonucleotide,10,Q16288-2,11.817
ALW-II-49-7,1,P42685,14.124
ALW-II-49-7,2,P17948,13.552
ALW-II-49-7,3,P09769,13.516
ALW-II-49-7,4,P07949,13.422
ALW-II-49-7,5,P07949-2,13.422
ALW-II-49-7,6,P06241-2,13.402
ALW-II-49-7,7,P07947,13.398
ALW-II-49-7,8,P06241,13.341
ALW-II-49-7,9,P54762,13.335
ALW-II-49-7,10,P29320,13.312
AM-404,1,O00329,12.237
AM-404,2,P48736,12.092
AM-404,3,Q96RG2,11.942
AM-404,4,Q96RG2-2,11.942
AM-404,5,Q96RG2-4,11.942
AM-404,6,Q13237-2,11.925
AM-404,7,Q13237,11.894
AM-404,8,P08922,11.89
AM-404,9,Q9Y6R4,11.888
AM-404,10,Q9Y6R4-2,11.888
AM-580,1,Q9UQB9-2,12.32
AM-580,2,Q96GD4-4,12.29
AM-580,3,Q96GD4,12.264
AM-580,4,Q96GD4-5,12.256
AM-580,5,Q9UQB9,12.248
AM-580,6,Q9UQB9-3,12.234
AM-580,7,O00329,12.105
AM-580,8,O75676,12.064
AM-580,9,O75676-2,12.033
AM-580,10,O14965,12.003
AMN-082,1,P48736,11.871
AMN-082,2,O75116,11.812
AMN-082,3,O00329,11.737
AMN-082,4,Q96GD4-4,11.673
AMN-082,5,Q16513,11.658
AMN-082,6,Q96GD4,11.658
AMN-082,7,Q96GD4-5,11.648
AMN-082,8,Q16513-2,11.617
AMN-082,9,Q16513-4,11.591
AMN-082,10,Q96GD4-2,11.567
AR-A014418,1,P49841-2,13.109
AR-A014418,2,P49841,13.091
AR-A014418,3,P49840,12.724
AR-A014418,4,P17948,12.535
AR-A014418,5,P00519,12.302
AR-A014418,6,P06241,12.257
AR-A014418,7,P00519-2,12.25
AR-A014418,8,O75676,12.201
AR-A014418,9,O75676-2,12.196
AR-A014418,10,Q04771,12.184
AR-C133057XX,1,Q9HAZ1,12.586
AR-C133057XX,2,P49841-2,12.294
AR-C133057XX,3,P49841,12.265
AR-C133057XX,4,P49759,12.087
AR-C133057XX,5,P08922,12.071
AR-C133057XX,6,O00329,12.054
AR-C133057XX,7,P78527,11.979
AR-C133057XX,8,P78527-2,11.979
AR-C133057XX,9,Q9Y463,11.939
AR-C133057XX,10,P49759-3,11.934
AS-703026,1,P49841-2,12.302
AS-703026,2,P49841,12.261
AS-703026,3,O00329,12.101
AS-703026,4,Q9HAZ1,12.07
AS-703026,5,Q13976,11.983
AS-703026,6,P17948,11.958
AS-703026,7,Q13976-2,11.843
AS-703026,8,P49840,11.752
AS-703026,9,Q9UBE8,11.729
AS-703026,10,P11802,11.663
AT-7519,1,P51817,12.713
AT-7519,2,P08922,12.549
AT-7519,3,O00329,12.328
AT-7519,4,O43930,12.311
AT-7519,5,P07333,12.309
AT-7519,6,P09769,12.296
AT-7519,7,P48736,12.272
AT-7519,8,P30291,12.258
AT-7519,9,P06241-3,12.231
AT-7519,10,P42685,12.231
AY-9944,1,P48736,12.471
AY-9944,2,P42338,12.416
AY-9944,3,P08581-2,12.354
AY-9944,4,P08581,12.336
AY-9944,5,P51817,12.269
AY-9944,6,P08581-3,12.119
AY-9944,7,Q14680-5,12.063
AY-9944,8,Q13237-2,12.027
AY-9944,9,Q13237,12.011
AY-9944,10,Q14680-6,12.005
AZ-628,1,O00444-2,12.573
AZ-628,2,O00329,12.55
AZ-628,3,P08922,12.546
AZ-628,4,P30291,12.524
AZ-628,5,P42345,12.514
AZ-628,6,P07947,12.363
AZ-628,7,Q07912-2,12.355
AZ-628,8,Q9UBF8,12.308
AZ-628,9,Q9UBF8-2,12.292
AZ-628,10,P12931,12.289
AZD-6482,1,O00311,13.402
AZD-6482,2,P30291,12.675
AZD-6482,3,O43293,12.384
AZD-6482,4,Q8NER5,12.361
AZD-6482,5,Q8NER5-3,12.33
AZD-6482,6,P36896-3,12.307
AZD-6482,7,Q8NER5-4,12.304
AZD-6482,8,Q04771,12.303
AZD-6482,9,Q07912-2,12.282
AZD-6482,10,P68400,12.27
AZD-7762,1,P51817,12.524
AZD-7762,2,O75116,12.296
AZD-7762,3,Q13976-2,12.208
AZD-7762,4,P48736,12.182
AZD-7762,5,O43930,12.178
AZD-7762,6,Q9HAZ1,12.172
AZD-7762,7,Q13976,12.151
AZD-7762,8,Q14680-6,12.086
AZD-7762,9,P17612-2,12.068
AZD-7762,10,Q14680-7,12.056
BAY-K8644,1,Q04771,12.862
BAY-K8644,2,P00519,12.788
BAY-K8644,3,P49841-2,12.749
BAY-K8644,4,P49841,12.74
BAY-K8644,5,P17948,12.73
BAY-K8644,6,P00519-2,12.727
BAY-K8644,7,Q8NER5,12.687
BAY-K8644,8,Q8NER5-4,12.679
BAY-K8644,9,P08922,12.66
BAY-K8644,10,Q8NER5-3,12.629
BI-2536,1,P53350,15.348
BI-2536,2,Q9H4B4,14.785
BI-2536,3,Q9NYY3,14.177
BI-2536,4,O75676,12.971
BI-2536,5,O75676-2,12.929
BI-2536,6,P42345,12.805
BI-2536,7,O43293,12.757
BI-2536,8,P17948,12.632
BI-2536,9,P53355,12.536
BI-2536,10,P53355-3,12.536
BI-78D3,1,P49841-2,12.95
BI-78D3,2,P49841,12.937
BI-78D3,3,P49840,12.931
BI-78D3,4,P08922,12.681
BI-78D3,5,O76039,12.676
BI-78D3,6,O76039-1,12.605
BI-78D3,7,Q00535-2,12.569
BI-78D3,8,Q00535,12.538
BI-78D3,9,Q9NYV4,12.429
BI-78D3,10,Q9NYV4-2,12.429
BIBX-1382,1,P53779,13.936
BIBX-1382,2,P53779-2,13.729
BIBX-1382,3,P00533,13.626
BIBX-1382,4,P45984,13.207
BIBX-1382,5,P53779-3,13.145
BIBX-1382,6,P45984-4,12.989
BIBX-1382,7,P45984-2,12.978
BIBX-1382,8,P42685,12.849
BIBX-1382,9,P45984-3,12.809
BIBX-1382,10,P21860-4,12.777
BIX-01294,1,P29376,13.419
BIX-01294,2,Q9UM73,13.157
BIX-01294,3,P08922,12.972
BIX-01294,4,P29376-4,12.949
BIX-01294,5,P53350,12.756
BIX-01294,6,P10721,12.736
BIX-01294,7,P10721-2,12.728
BIX-01294,8,Q56UN5,12.64
BIX-01294,9,Q13315,12.61
BIX-01294,10,O00329,12.584
BML-190,1,O00329,12.477
BML-190,2,P00519,12.374
BML-190,3,P00519-2,12.326
BML-190,4,O14965,12.295
BML-190,5,P51817,12.274
BML-190,6,P30530,12.263
BML-190,7,Q16288-4,12.259
BML-190,8,Q16288,12.256
BML-190,9,P30530-2,12.251
BML-190,10,P48736,12.239
BML-257,1,O00329,12.584
BML-257,2,P17948,12.446
BML-257,3,O00311,12.422
BML-257,4,Q9UBE8,12.419
BML-257,5,Q96GD4-4,12.364
BML-257,6,Q9UQB9-2,12.335
BML-257,7,Q96GD4-5,12.33
BML-257,8,Q96GD4,12.324
BML-257,9,Q9UQB9,12.295
BML-257,10,Q9UQB9-3,12.278
BMS-299897,1,O00329,12.685
BMS-299897,2,P00533,12.267
BMS-299897,3,P30530,12.231
BMS-299897,4,P30530-2,12.203
BMS-299897,5,Q14680-5,12.111
BMS-299897,6,Q16539-2,12.105
BMS-299897,7,Q16539,12.099
BMS-299897,8,Q14680-4,12.086
BMS-299897,9,O00311,12.07
BMS-299897,10,Q14680-6,12.049
BMS-345541,1,P48736,12.614
BMS-345541,2,O00329,12.545
BMS-345541,3,P08922,12.402
BMS-345541,4,Q9H0K1,12.311
BMS-345541,5,Q9Y6R4,12.291
BMS-345541,6,Q9Y6R4-2,12.291
BMS-345541,7,Q13535-2,12.188
BMS-345541,8,P42336,12.176
BMS-345541,9,Q9NWZ3,12.176
BMS-345541,10,Q96PN8,12.174
BMS-641988,1,P24941-2,12.932
BMS-641988,2,Q00535-2,12.928
BMS-641988,3,P49841-2,12.923
BMS-641988,4,P24941,12.902
BMS-641988,5,P49841,12.888
BMS-641988,6,P08922,12.837
BMS-641988,7,P06493-2,12.804
BMS-641988,8,P49840,12.786
BMS-641988,9,Q00535,12.777
BMS-641988,10,Q5MAI5-2,12.762
BMS-754807,1,P11802,12.782
BMS-754807,2,Q9HAZ1,12.654
BMS-754807,3,Q9H2G2-2,12.546
BMS-754807,4,Q9H2G2,12.536
BMS-754807,5,P36888-2,12.421
BMS-754807,6,Q00534,12.382
BMS-754807,7,P36888,12.379
BMS-754807,8,P08922,12.341
BMS-754807,9,P35916,12.321
BMS-754807,10,P35916-1,12.321
BW-B70C,1,Q96GD4-4,12.775
BW-B70C,2,Q96GD4,12.705
BW-B70C,3,Q96GD4-5,12.691
BW-B70C,4,Q9UQB9-2,12.659
BW-B70C,5,Q9UQB9-3,12.658
BW-B70C,6,Q9UQB9,12.652
BW-B70C,7,P36888-2,12.571
BW-B70C,8,P36888,12.503
BW-B70C,9,P08922,12.436
BW-B70C,10,Q16288-4,12.33
BX-795,1,P35968,13.75
BX-795,2,P35916,13.705
BX-795,3,P35916-1,13.705
BX-795,4,Q9UQB9-2,13.638
BX-795,5,Q96GD4-5,13.626
BX-795,6,Q96GD4-4,13.617
BX-795,7,Q9UQB9,13.609
BX-795,8,Q96GD4,13.604
BX-795,9,Q9UQB9-3,13.523
BX-795,10,P30530,13.484
BX-912,1,Q5S007,14.09
BX-912,2,P36888-2,14.038
BX-912,3,O14965,14.023
BX-912,4,P36888,13.947
BX-912,5,Q08881,13.92
BX-912,6,O60674,13.879
BX-912,7,Q96RR4-4,13.872
BX-912,8,Q9UQB9-3,13.872
BX-912,9,Q96GD4-5,13.863
BX-912,10,Q9UQB9,13.86
CAM-9-026,1,P49336-2,12.425
CAM-9-026,2,P49336,12.419
CAM-9-026,3,O00329,12.144
CAM-9-026,4,Q96GD4-4,11.764
CAM-9-026,5,Q96GD4-5,11.761
CAM-9-026,6,Q96GD4,11.745
CAM-9-026,7,P30530,11.719
CAM-9-026,8,P30530-2,11.705
CAM-9-026,9,Q9UQB9-2,11.681
CAM-9-026,10,Q9UQB9,11.678
CAY-10470,1,P00533,13.753
CAY-10470,2,P49336,13.553
CAY-10470,3,P49336-2,13.549
CAY-10470,4,Q15303-2,12.82
CAY-10470,5,Q15303-4,12.82
CAY-10470,6,Q15303,12.722
CAY-10470,7,Q15303-3,12.722
CAY-10470,8,P21860,12.584
CAY-10470,9,P21860-4,12.502
CAY-10470,10,P04626-4,12.494
CCCP,1,Q8NEV1,12.482
CCCP,2,P68400,12.47
CCCP,3,O00311,12.353
CCCP,4,P48736,12.331
CCCP,5,P19784,12.277
CCCP,6,P00519,12.223
CCCP,7,Q8IW41,12.205
CCCP,8,Q8IW41-2,12.202
CCCP,9,P00519-2,12.179
CCCP,10,P30291,12.158
CCMQ,1,Q8NEV1,12.62
CCMQ,2,P68400,12.598
CCMQ,3,O00329,12.445
CCMQ,4,O00311,12.438
CCMQ,5,P19784,12.39
CCMQ,6,Q9UQ07-3,12.344
CCMQ,7,Q9BRR6-6,12.281
CCMQ,8,O43293,12.277
CCMQ,9,Q9P1W9,12.234
CCMQ,10,P68400-2,12.234
CD-437,1,Q9UQB9,12.745
CD-437,2,Q9UQB9-3,12.734
CD-437,3,O00329,12.724
CD-437,4,Q9UQB9-2,12.705
CD-437,5,Q96GD4-4,12.645
CD-437,6,Q96GD4-5,12.613
CD-437,7,Q96GD4,12.604
CD-437,8,O14965,12.476
CD-437,9,Q9UEE5,12.314
CD-437,10,P07949,12.305
CGK-733,1,P49336-2,12.716
CGK-733,2,P49336,12.712
CGK-733,3,P07949,12.543
CGK-733,4,P07949-2,12.543
CGK-733,5,P00519,12.436
CGK-733,6,P30291,12.409
CGK-733,7,Q96GD4-4,12.406
CGK-733,8,Q9UQB9-2,12.401
CGK-733,9,P00519-2,12.395
CGK-733,10,Q13131-2,12.391
CGP-13501,1,O14757,12.777
CGP-13501,2,P08922,12.611
CGP-13501,3,P57059,12.464
CGP-13501,4,O14757-3,12.434
CGP-13501,5,Q9H0K1,12.378
CGP-13501,6,Q9UEE5,12.342
CGP-13501,7,Q8N5S9,12.339
CGP-13501,8,O75676,12.296
CGP-13501,9,O75676-2,12.296
CGP-13501,10,P16591,12.253
CGP-37157,1,P08922,12.386
CGP-37157,2,O00329,12.199
CGP-37157,3,P48736,12.183
CGP-37157,4,P29376-4,11.988
CGP-37157,5,Q16288-4,11.983
CGP-37157,6,Q16288-5,11.98
CGP-37157,7,Q16288,11.974
CGP-37157,8,Q16288-3,11.973
CGP-37157,9,P07949,11.969
CGP-37157,10,P07949-2,11.969
CGP-53353,1,P29376,12.347
CGP-53353,2,Q9UM73,12.338
CGP-53353,3,O00329,12.315
CGP-53353,4,P00533,12.302
CGP-53353,5,P30291,12.174
CGP-53353,6,O14757,12.173
CGP-53353,7,P29376-4,12.154
CGP-53353,8,P30530,12.037
CGP-53353,9,P29376-5,12.031
CGP-53353,10,P30530-2,12.017
CGP-55845,1,P48736,11.694
CGP-55845,2,Q02763,11.579
CGP-55845,3,Q12866,11.565
CGP-55845,4,P08922,11.557
CGP-55845,5,P49336-2,11.535
CGP-55845,6,P49336,11.533
CGP-55845,7,Q13882-2,11.502
CGP-55845,8,Q8IW41-2,11.491
CGP-55845,9,Q8IW41,11.488
CGP-55845,10,P11309-2,11.478
CGP-57380,1,P08922,12.683
CGP-57380,2,P36888,12.653
CGP-57380,3,P36888-2,12.636
CGP-57380,4,Q9HAZ1,12.506
CGP-57380,5,Q56UN5,12.483
CGP-57380,6,P09619,12.479
CGP-57380,7,Q96GD4-4,12.477
CGP-57380,8,Q96GD4,12.46
CGP-57380,9,P35916,12.455
CGP-57380,10,P35916-1,12.455
CGS-20625,1,O75460-2,12.343
CGS-20625,2,P48736,12.235
CGS-20625,3,Q00535-2,12.183
CGS-20625,4,Q9BRR6-6,12.16
CGS-20625,5,Q9Y259-2,12.111
CGS-20625,6,Q9UQ07-3,12.107
CGS-20625,7,Q9HAZ1,12.066
CGS-20625,8,O15021-4,12.059
CGS-20625,9,O14772-3,12.054
CGS-20625,10,Q13882-2,12.052
CI-966,1,P07949,12.834
CI-966,2,P07949-2,12.834
CI-966,3,P54760,12.766
CI-966,4,Q15375-4,12.665
CI-966,5,Q15375-2,12.663
CI-966,6,Q15375,12.653
CI-966,7,P29320,12.621
CI-966,8,P54762,12.596
CI-966,9,P54764,12.596
CI-966,10,P54764-2,12.572
CITCO,1,Q16539,13.068
CITCO,2,Q16539-2,12.961
CITCO,3,P53779,12.724
CITCO,4,P53779-2,12.652
CITCO,5,O00329,12.497
CITCO,6,P45984,12.477
CITCO,7,Q16539-3,12.44
CITCO,8,Q16539-4,12.423
CITCO,9,Q16539-5,12.422
CITCO,10,Q9UBE8,12.414
CNQX,1,P51617,12.782
CNQX,2,P51617-2,12.732
CNQX,3,P30291,12.691
CNQX,4,P51617-3,12.65
CNQX,5,P51617-4,12.588
CNQX,6,O00311,12.437
CNQX,7,Q8IW41,12.378
CNQX,8,Q8IW41-2,12.375
CNQX,9,O75676-2,12.27
CNQX,10,O75676,12.263
CO-102862,1,Q96GD4-4,12.442
CO-102862,2,Q96GD4,12.402
CO-102862,3,Q96GD4-5,12.385
CO-102862,4,P17948,12.379
CO-102862,5,Q9UQB9-2,12.358
CO-102862,6,Q9UQB9,12.29
CO-102862,7,Q9UQB9-3,12.268
CO-102862,8,P00519,12.199
CO-102862,9,P00519-2,12.158
CO-102862,10,P51817,12.144
CP-55940,1,O00329,12.928
CP-55940,2,Q9UEE5,12.493
CP-55940,3,Q9Y6R4,12.413
CP-55940,4,Q9Y6R4-2,12.413
CP-55940,5,Q13315,12.412
CP-55940,6,Q13535-2,12.408
CP-55940,7,O75676,12.396
CP-55940,8,O75676-2,12.383
CP-55940,9,Q13535,12.379
CP-55940,10,Q13535-3,12.379
CP-93129,1,Q9HAZ1,12.044
CP-93129,2,O00311,11.938
CP-93129,3,P08922,11.86
CP-93129,4,P30291,11.833
CP-93129,5,Q14680-6,11.787
CP-93129,6,Q14680-4,11.763
CP-93129,7,P11309-2,11.742
CP-93129,8,Q12866,11.739
CP-93129,9,Q9Y463,11.722
CP-93129,10,Q9Y463-3,11.721
CP-94253,1,Q9HAZ1,13.192
CP-94253,2,P49759,12.798
CP-94253,3,P49759-3,12.661
CP-94253,4,P49761,12.624
CP-94253,5,P49761-3,12.524
CP-94253,6,Q9Y463,12.48
CP-94253,7,P08922,12.408
CP-94253,8,Q5S007,12.377
CP-94253,9,Q13627,12.321
CP-94253,10,P49760,12.315
CS-110266,1,O14757,12.414
CS-110266,2,P48736,12.37
CS-110266,3,Q14680-6,12.338
CS-110266,4,Q14680-7,12.307
CS-110266,5,Q8N5S9,12.302
CS-110266,6,Q9UEE5,12.301
CS-110266,7,P53667-4,12.291
CS-110266,8,Q14680-5,12.288
CS-110266,9,P11802,12.285
CS-110266,10,P11362-15,12.278
CS-1657,1,P17948,12.168
CS-1657,2,P50750,12.163
CS-1657,3,P49336,12.161
CS-1657,4,P49336-2,12.161
CS-1657,5,P10721,12.109
CS-1657,6,P10721-2,12.102
CS-1657,7,P50750-2,12.099
CS-1657,8,P00519,12.092
CS-1657,9,P00519-2,12.069
CS-1657,10,O96017-9,12.044
DAU-5884,1,P08922,12.472
DAU-5884,2,Q00534,12.133
DAU-5884,3,Q14680-5,12.12
DAU-5884,4,P09769,12.115
DAU-5884,5,P17948,12.11
DAU-5884,6,P10721,12.094
DAU-5884,7,P10721-2,12.089
DAU-5884,8,Q14680-6,12.081
DAU-5884,9,P06241-3,12.073
DAU-5884,10,Q96RG2,12.073
DH-97,1,Q13237,12.117
DH-97,2,P17948,12.108
DH-97,3,P50750,12.106
DH-97,4,Q13237-2,12.081
DH-97,5,P00519,12.076
DH-97,6,Q8IW41,12.064
DH-97,7,Q9P1W9,12.064
DH-97,8,O75676,12.057
DH-97,9,Q8IW41-2,12.056
DH-97,10,P50750-2,12.051
DL-PDMP,1,P00519,12.361
DL-PDMP,2,P00519-2,12.32
DL-PDMP,3,P17948,12.285
DL-PDMP,4,P06241,12.258
DL-PDMP,5,O00329,12.209
DL-PDMP,6,P06241-2,12.183
DL-PDMP,7,P06241-3,12.182
DL-PDMP,8,O43293,12.179
DL-PDMP,9,P51817,12.152
DL-PDMP,10,P42684-2,12.127
DMBI,1,Q96GD4,12.583
DMBI,2,Q96GD4-5,12.582
DMBI,3,Q96GD4-4,12.575
DMBI,4,Q9UQB9,12.547
DMBI,5,Q9UQB9-3,12.518
DMBI,6,Q9UQB9-2,12.512
DMBI,7,O96017,12.495
DMBI,8,O14757,12.459
DMBI,9,O96017-9,12.448
DMBI,10,Q8IWQ3-3,12.446
DMP-543,1,P48736,13.122
DMP-543,2,Q96GD4-4,12.808
DMP-543,3,Q96GD4-5,12.78
DMP-543,4,Q96GD4,12.771
DMP-543,5,Q8IWQ3-6,12.726
DMP-543,6,Q9HAZ1,12.694
DMP-543,7,Q16584,12.685
DMP-543,8,P08581,12.684
DMP-543,9,P08581-2,12.682
DMP-543,10,Q9UQB9,12.68
DR-2313,1,O00311,11.948
DR-2313,2,P17948,11.93
DR-2313,3,P08922,11.898
DR-2313,4,O00329,11.891
DR-2313,5,P10721,11.833
DR-2313,6,Q56UN5,11.831
DR-2313,7,P10721-2,11.83
DR-2313,8,Q14680-5,11.826
DR-2313,9,P16591,11.817
DR-2313,10,Q9UBE8,11.769
DUP-697,1,Q9HAZ1,12.146
DUP-697,2,Q16539,12.127
DUP-697,3,Q16539-2,12.083
DUP-697,4,O00329,12.018
DUP-697,5,O95819-6,12.002
DUP-697,6,O95819-3,11.968
DUP-697,7,O95819,11.964
DUP-697,8,P48736,11.939
DUP-697,9,O95819-2,11.927
DUP-697,10,O95819-5,11.925
EBPC,1,P48736,12.17
EBPC,2,Q9H4B4,11.896
EBPC,3,O00329,11.89
EBPC,4,P30530,11.864
EBPC,5,P30530-2,11.832
EBPC,6,Q6ZMQ8,11.799
EBPC,7,P29376-4,11.758
EBPC,8,Q14680-5,11.754
EBPC,9,Q6ZMQ8-3,11.742
EBPC,10,P16591-2,11.74
EHNA,1,Q5S007,12.894
EHNA,2,Q9HAZ1,12.803
EHNA,3,Q56UN5,12.799
EHNA,4,Q13535-2,12.777
EHNA,5,Q13535,12.747
EHNA,6,Q13535-3,12.747
EHNA,7,Q96Q15-3,12.723
EHNA,8,Q9Y6R4,12.696
EHNA,9,Q9Y6R4-2,12.696
EHNA,10,P78527,12.65
ENMD-2076,1,P08922,13.453
ENMD-2076,2,O14965,13.412
ENMD-2076,3,O60674,13.332
ENMD-2076,4,P36888,13.292
ENMD-2076,5,O00329,13.255
ENMD-2076,6,P35916,13.224
ENMD-2076,7,P35916-1,13.224
ENMD-2076,8,P36888-2,13.169
ENMD-2076,9,P35916-3,13.125
ENMD-2076,10,O15146-3,13.121
FCCP,1,P00519,12.128
FCCP,2,P00519-2,12.098
FCCP,3,P08922,12.087
FCCP,4,P43405-2,12.084
FCCP,5,P43405,12.081
FCCP,6,Q96PF2,12.064
FCCP,7,P16591-2,12.044
FCCP,8,Q08881,12.018
FCCP,9,Q8IW41,12.013
FCCP,10,Q8IW41-2,12.008
FIT,1,O14965,12.865
FIT,2,Q9UQB9-2,12.79
FIT,3,Q8IW41,12.711
FIT,4,O00444,12.709
FIT,5,Q8IW41-2,12.704
FIT,6,Q96GD4-4,12.695
FIT,7,O00444-3,12.689
FIT,8,Q9UQB9,12.662
FIT,9,Q96GD4-5,12.645
FIT,10,Q96GD4,12.634
FPL-55712,1,Q6IA86-6,13.009
FPL-55712,2,Q6IA86,13.007
FPL-55712,3,Q6IA86-5,12.951
FPL-55712,4,Q6IA86-2,12.924
FPL-55712,5,Q6IA86-3,12.924
FPL-55712,6,O00329,12.871
FPL-55712,7,P42336,12.772
FPL-55712,8,Q6IA86-7,12.767
FPL-55712,9,Q6IA86-4,12.743
FPL-55712,10,P54098,12.691
FR-122047,1,Q16539,12.612
FR-122047,2,Q16539-2,12.52
FR-122047,3,P48730,12.378
FR-122047,4,P48730-2,12.291
FR-122047,5,P45984,12.276
FR-122047,6,P49674,12.271
FR-122047,7,O00329,12.261
FR-122047,8,P53779,12.26
FR-122047,9,P36888,12.176
FR-122047,10,P53779-2,12.161
GBR-12783,1,P07949,12.397
GBR-12783,2,P07949-2,12.397
GBR-12783,3,Q08881,12.146
GBR-12783,4,P10721-2,12.126
GBR-12783,5,P10721,12.125
GBR-12783,6,P36888,12.099
GBR-12783,7,Q16288-4,12.062
GBR-12783,8,Q16288,12.052
GBR-12783,9,Q13882-2,12.034
GBR-12783,10,P36888-2,12.025
GBR-12935,1,P07949,12.36
GBR-12935,2,P07949-2,12.36
GBR-12935,3,Q08881,12.248
GBR-12935,4,O00329,12.194
GBR-12935,5,P10721,12.178
GBR-12935,6,P10721-2,12.175
GBR-12935,7,P17948,12.102
GBR-12935,8,P16591,12.075
GBR-12935,9,P35916,12.024
GBR-12935,10,P35916-1,12.024
GBR-13069,1,Q96GD4-4,12.892
GBR-13069,2,Q96GD4,12.852
GBR-13069,3,Q96GD4-5,12.85
GBR-13069,4,P51451,12.714
GBR-13069,5,Q9UQB9-2,12.714
GBR-13069,6,Q9UQB9,12.674
GBR-13069,7,Q9UQB9-3,12.646
GBR-13069,8,P06239-2,12.557
GBR-13069,9,P17948,12.542
GBR-13069,10,Q08881,12.521
GDC-0879,1,O00311,12.6
GDC-0879,2,P30291,12.569
GDC-0879,3,Q9UBE8,12.517
GDC-0879,4,O75676,12.341
GDC-0879,5,O75676-2,12.339
GDC-0879,6,Q16539,12.229
GDC-0879,7,P30291-2,12.206
GDC-0879,8,P78527,12.194
GDC-0879,9,P78527-2,12.194
GDC-0879,10,O00329,12.171
GR-103691,1,P48736,12.152
GR-103691,2,P35916-3,12.13
GR-103691,3,Q14680-5,12.124
GR-103691,4,Q14680-6,12.107
GR-103691,5,P51817,12.098
GR-103691,6,Q13237-2,12.061
GR-103691,7,Q14680,12.054
GR-103691,8,Q14680-4,12.053
GR-103691,9,Q14680-7,12.046
GR-103691,10,O00311,12.034
GR-159897,1,P11309-2,12.554
GR-159897,2,Q9P1W9,12.511
GR-159897,3,P11309,12.383
GR-159897,4,Q5S007,12.304
GR-159897,5,Q56UN5,12.279
GR-159897,6,O75417-2,12.166
GR-159897,7,Q16584-2,12.111
GR-159897,8,Q04912,12.106
GR-159897,9,Q9H0K1,12.105
GR-159897,10,Q04759,12.07
GR-46611,1,Q9HAZ1,12.848
GR-46611,2,Q16513-5,12.713
GR-46611,3,O00329,12.675
GR-46611,4,Q16513-4,12.663
GR-46611,5,Q8N5S9,12.623
GR-46611,6,Q9UEE5,12.621
GR-46611,7,Q16513-2,12.54
GR-46611,8,Q96RR4,12.535
GR-46611,9,Q96RR4-3,12.526
GR-46611,10,Q96RR4-7,12.525
GR-55562,1,Q9HAZ1,13.453
GR-55562,2,P49759-3,12.886
GR-55562,3,O75116,12.84
GR-55562,4,Q04771,12.761
GR-55562,5,P36896-4,12.759
GR-55562,6,P36896,12.749
GR-55562,7,P49759,12.716
GR-55562,8,P36894,12.711
GR-55562,9,P36897-2,12.7
GR-55562,10,O00238-2,12.691
GR-79236,1,O00329,12.095
GR-79236,2,P17948,11.723
GR-79236,3,P07949,11.474
GR-79236,4,P07949-2,11.474
GR-79236,5,P08922,11.415
GR-79236,6,P36888-2,11.397
GR-79236,7,P36888,11.302
GR-79236,8,O43293,11.295
GR-79236,9,P29317-2,11.285
GR-79236,10,Q86TB3,11.267
GS-39783,1,O00329,11.721
GS-39783,2,O00311,11.711
GS-39783,3,Q16288-2,11.708
GS-39783,4,P50750-2,11.685
GS-39783,5,P08922,11.667
GS-39783,6,Q14680-5,11.667
GS-39783,7,P50750,11.655
GS-39783,8,Q16288-4,11.652
GS-39783,9,Q16288-5,11.644
GS-39783,10,Q16288,11.638
GSK-1059615,1,Q9HAZ1,13.581
GSK-1059615,2,Q13627-5,13.436
GSK-1059615,3,Q9Y463,13.434
GSK-1059615,4,Q13627-4,13.429
GSK-1059615,5,Q13627-3,13.417
GSK-1059615,6,Q13627,13.323
GSK-1059615,7,Q13627-2,13.309
GSK-1059615,8,Q9Y463-3,13.264
GSK-1059615,9,Q9Y463-2,13.247
GSK-1059615,10,P49759-3,13.207
GSK-1070916,1,Q8IVH8,13.145
GSK-1070916,2,Q8IVH8-3,13.141
GSK-1070916,3,Q8IVH8-2,13.131
GSK-1070916,4,O00329,13.047
GSK-1070916,5,Q92918-2,12.908
GSK-1070916,6,Q92918,12.876
GSK-1070916,7,Q9HAZ1,12.875
GSK-1070916,8,Q12851,12.855
GSK-1070916,9,Q12851-2,12.853
GSK-1070916,10,P36888-2,12.798
GSK-1904529A,1,P53779,13.84
GSK-1904529A,2,P53779-2,13.671
GSK-1904529A,3,P53779-3,13.115
GSK-1904529A,4,P53350,13.065
GSK-1904529A,5,P29376,12.962
GSK-1904529A,6,P45984,12.918
GSK-1904529A,7,P45984-2,12.913
GSK-1904529A,8,P45984-4,12.902
GSK-1904529A,9,P45984-3,12.9
GSK-1904529A,10,O00329,12.85
GSK-461364,1,Q9UM73,13.693
GSK-461364,2,P29376,13.605
GSK-461364,3,Q9H2G2-2,13.519
GSK-461364,4,P08922,13.444
GSK-461364,5,Q9H2G2,13.43
GSK-461364,6,Q9HAZ1,13.301
GSK-461364,7,P29376-4,13.254
GSK-461364,8,O00329,13.219
GSK-461364,9,Q05397,13.144
GSK-461364,10,Q05397-7,13.144
GTP-14564,1,P07333,12.608
GTP-14564,2,Q16288-4,12.585
GTP-14564,3,Q16288,12.582
GTP-14564,4,Q96GD4,12.562
GTP-14564,5,P10721-2,12.557
GTP-14564,6,P10721,12.554
GTP-14564,7,Q96GD4-4,12.534
GTP-14564,8,Q96GD4-5,12.529
GTP-14564,9,Q16288-3,12.525
GTP-14564,10,Q16288-5,12.52
GW-0742,1,O00329,12.776
GW-0742,2,P08922,12.365
GW-0742,3,P07949,12.342
GW-0742,4,P07949-2,12.342
GW-0742,5,P48736,12.338
GW-0742,6,Q04771,12.334
GW-0742,7,P30530,12.26
GW-0742,8,P30530-2,12.245
GW-0742,9,Q16539-2,12.219
GW-0742,10,Q14680-7,12.218
GW-1929,1,Q14680-7,12.04
GW-1929,2,Q14680-6,12.019
GW-1929,3,Q14680-4,12.012
GW-1929,4,Q14680,11.981
GW-1929,5,Q8N5S9,11.941
GW-1929,6,Q14680-5,11.931
GW-1929,7,Q14680-3,11.917
GW-1929,8,Q14680-2,11.878
GW-1929,9,O14965,11.85
GW-1929,10,P48736,11.85
GW-3965,1,Q8N5S9,12.32
GW-3965,2,Q14680-7,12.307
GW-3965,3,Q14680-5,12.302
GW-3965,4,Q96RR4-2,12.289
GW-3965,5,Q96RR4-7,12.282
GW-3965,6,Q14680,12.28
GW-3965,7,Q96RR4-3,12.277
GW-3965,8,Q14680-6,12.265
GW-3965,9,Q96RR4,12.251
GW-3965,10,P49336-2,12.242
GW-405833,1,P42685,12.68
GW-405833,2,P12931,12.434
GW-405833,3,P12931-3,12.423
GW-405833,4,P09769,12.422
GW-405833,5,P00519,12.421
GW-405833,6,P07333,12.416
GW-405833,7,P12931-2,12.401
GW-405833,8,P00519-2,12.385
GW-405833,9,P42684-10,12.385
GW-405833,10,P42684-4,12.369
GW-5074,1,Q9UEE5,13.64
GW-5074,2,Q9UQB9-2,13.494
GW-5074,3,Q9UQB9,13.467
GW-5074,4,Q9UQB9-3,13.44
GW-5074,5,Q96GD4,13.387
GW-5074,6,Q96GD4-5,13.379
GW-5074,7,Q96GD4-4,13.364
GW-5074,8,O14757,13.278
GW-5074,9,Q8IWQ3-3,13.096
GW-5074,10,Q8IWQ3-2,13.082
GW-6471,1,O00329,12.522
GW-6471,2,P48736,12.055
GW-6471,3,Q8IW41,12.024
GW-6471,4,Q8IW41-2,12.019
GW-6471,5,Q14680-5,11.991
GW-6471,6,P42336,11.966
GW-6471,7,Q9UBF8-2,11.95
GW-6471,8,O00311,11.943
GW-6471,9,P30530,11.94
GW-6471,10,Q9UBF8,11.931
GW-843682X,1,P53350,15.03
GW-843682X,2,Q9H4B4,14.395
GW-843682X,3,Q9NYY3,14.082
GW-843682X,4,Q9H2G2-2,13.993
GW-843682X,5,Q9H2G2,13.909
GW-843682X,6,P10721,13.264
GW-843682X,7,P17948,13.263
GW-843682X,8,P10721-2,13.245
GW-843682X,9,P36888,13.184
GW-843682X,10,Q96PF2,13.164
H-7,1,O75116,13.437
H-7,2,Q13464,12.8
H-7,3,Q9UEE5,12.75
H-7,4,Q8IWQ3-6,12.564
H-7,5,Q8IWQ3-3,12.551
H-7,6,Q8TDC3,12.543
H-7,7,Q8TDC3-2,12.533
H-7,8,P51817,12.531
H-7,9,Q8IWQ3-2,12.518
H-7,10,Q8IWQ3,12.511
H-8,1,O75116,12.63
H-8,2,Q9UEE5,12.493
H-8,3,Q13464,12.313
H-8,4,P51817,12.197
H-8,5,Q9HAZ1,12.135
H-8,6,O43930,12.032
H-8,7,Q9H0K1,12.006
H-8,8,O43781-2,11.979
H-8,9,O43781,11.972
H-8,10,Q9H1R3,11.911
H-89,1,P23443,14.392
H-89,2,P23443-4,14.366
H-89,3,P23443-5,14.21
H-89,4,P23443-3,13.818
H-89,5,P23443-2,13.811
H-89,6,P51817,13.723
H-89,7,Q9UBS0,13.67
H-89,8,O75116,13.654
H-89,9,O75676-2,13.514
H-89,10,O75676,13.5
H-9,1,O75116,13.371
H-9,2,Q13464,12.999
H-9,3,Q9HAZ1,12.893
H-9,4,P51817,12.661
H-9,5,P17948,12.403
H-9,6,P49759,12.383
H-9,7,Q9UEE5,12.325
H-9,8,O43781-2,12.276
H-9,9,Q9H0K1,12.266
H-9,10,O43930,12.261
HA-14-1,1,O14757,12.507
HA-14-1,2,O75676,12.499
HA-14-1,3,O75676-2,12.478
HA-14-1,4,P08922,12.377
HA-14-1,5,O00329,12.343
HA-14-1,6,P00519,12.337
HA-14-1,7,P00519-2,12.294
HA-14-1,8,O00311,12.237
HA-14-1,9,P10721,12.195
HA-14-1,10,P10721-2,12.187
HTMT,1,O75116,12.163
HTMT,2,O00329,12.091
HTMT,3,P17948,11.969
HTMT,4,P51817,11.956
HTMT,5,O75676-2,11.912
HTMT,6,O75676,11.911
HTMT,7,P10721,11.904
HTMT,8,P10721-2,11.903
HTMT,9,Q13976,11.878
HTMT,10,P23443,11.822
HU-211,1,O00329,13.039
HU-211,2,P08922,12.842
HU-211,3,P42336,12.799
HU-211,4,Q13315,12.51
HU-211,5,P78527,12.389
HU-211,6,P78527-2,12.389
HU-211,7,O14757,12.358
HU-211,8,O75676-2,12.342
HU-211,9,O75676,12.338
HU-211,10,Q96Q15-3,12.334
IAA-94,1,P08922,13.109
IAA-94,2,P35968,13.102
IAA-94,3,P30530,12.988
IAA-94,4,P30530-2,12.975
IAA-94,5,P35968-3,12.845
IAA-94,6,P36888-2,12.773
IAA-94,7,Q12866,12.765
IAA-94,8,P35968-2,12.759
IAA-94,9,P35916,12.695
IAA-94,10,P35916-1,12.695
ICI-199441,1,Q5S007,12.217
ICI-199441,2,P08922,12.201
ICI-199441,3,P51817,12.2
ICI-199441,4,Q9HAZ1,12.186
ICI-199441,5,P00519,12.149
ICI-199441,6,P00519-2,12.126
ICI-199441,7,O00329,12.106
ICI-199441,8,Q08881,12.103
ICI-199441,9,P10721,12.085
ICI-199441,10,P10721-2,12.08
ICI-89406,1,P48736,11.977
ICI-89406,2,O00329,11.684
ICI-89406,3,Q9HAZ1,11.556
ICI-89406,4,P68400-2,11.509
ICI-89406,5,Q9Y6R4,11.496
ICI-89406,6,Q9Y6R4-2,11.496
ICI-89406,7,Q56UN5,11.478
ICI-89406,8,Q02779,11.473
ICI-89406,9,P49336,11.472
ICI-89406,10,P49336-2,11.471
IKK-16,1,P53779,13.551
IKK-16,2,P35916-3,13.452
IKK-16,3,P35916,13.45
IKK-16,4,P35916-1,13.45
IKK-16,5,P53779-2,13.438
IKK-16,6,P00533,13.412
IKK-16,7,Q15303,13.392
IKK-16,8,Q15303-3,13.392
IKK-16,9,O14965,13.389
IKK-16,10,P21860,13.351
INCA-6,1,P48736,12.531
INCA-6,2,P30530,12.312
INCA-6,3,O00329,12.277
INCA-6,4,P30530-2,12.276
INCA-6,5,P08922,12.269
INCA-6,6,Q9NRA0-5,12.244
INCA-6,7,P53667-4,12.164
INCA-6,8,P33076-4,12.153
INCA-6,9,P33076,12.14
INCA-6,10,Q9NRA0,12.137
JLK-6,1,O00311,12.31
JLK-6,2,P08922,12.239
JLK-6,3,O00329,12.21
JLK-6,4,P17948,12.071
JLK-6,5,O75676,12.066
JLK-6,6,O75676-2,12.062
JLK-6,7,Q8NEV1,12.044
JLK-6,8,P68400,12.02
JLK-6,9,Q16288-4,12.004
JLK-6,10,Q16288-5,11.997
JNJ-16259685,1,P78527,12.444
JNJ-16259685,2,P78527-2,12.444
JNJ-16259685,3,Q56UN5,12.432
JNJ-16259685,4,Q13535-2,12.43
JNJ-16259685,5,Q13535,12.415
JNJ-16259685,6,Q13535-3,12.415
JNJ-16259685,7,P48736,12.408
JNJ-16259685,8,Q96Q15-3,12.399
JNJ-16259685,9,Q5S007,12.365
JNJ-16259685,10,Q13315,12.342
JNJ-7706621,1,P24941,14.969
JNJ-7706621,2,Q00535,14.784
JNJ-7706621,3,Q00535-2,14.667
JNJ-7706621,4,Q00526,14.642
JNJ-7706621,5,P24941-2,14.542
JNJ-7706621,6,P06493,14.447
JNJ-7706621,7,P06493-2,14.218
JNJ-7706621,8,Q00536,14.215
JNJ-7706621,9,Q07002,14.185
JNJ-7706621,10,Q00536-3,14.117
JTE-907,1,O75676-2,12.468
JTE-907,2,O75676,12.462
JTE-907,3,O00311,12.424
JTE-907,4,Q8N5S9,12.269
JTE-907,5,Q14680-6,12.257
JTE-907,6,Q14680-5,12.25
JTE-907,7,Q14680-7,12.236
JTE-907,8,Q14680-4,12.234
JTE-907,9,Q14680,12.217
JTE-907,10,Q96RR4-3,12.21
JW-7-24-1,1,O14757,13.091
JW-7-24-1,2,O14757-3,12.739
JW-7-24-1,3,O14757-2,12.593
JW-7-24-1,4,P08922,12.499
JW-7-24-1,5,Q5S007,12.42
JW-7-24-1,6,P49336-2,12.418
JW-7-24-1,7,P49336,12.415
JW-7-24-1,8,O00329,12.385
JW-7-24-1,9,Q9UM73,12.374
JW-7-24-1,10,Q14680-4,12.326
JWE-035,1,P08922,13.757
JWE-035,2,P42685,13.706
JWE-035,3,Q07912,13.578
JWE-035,4,P09619,13.402
JWE-035,5,Q07912-3,13.382
JWE-035,6,P07949,13.319
JWE-035,7,P07949-2,13.319
JWE-035,8,P07947,13.303
JWE-035,9,P12931,13.244
JWE-035,10,P12931-2,13.238
JWH-015,1,P42338,12.375
JWH-015,2,Q9Y6R4,12.371
JWH-015,3,Q9Y6R4-2,12.371
JWH-015,4,Q96Q15-3,12.368
JWH-015,5,P42356,12.317
JWH-015,6,P48736,12.298
JWH-015,7,O00329,12.291
JWH-015,8,Q13315,12.249
JWH-015,9,Q96Q15-2,12.207
JWH-015,10,Q13627,12.191
JZL-184,1,O14757,12.387
JZL-184,2,O95819,12.327
JZL-184,3,O95819-6,12.282
JZL-184,4,O95819-2,12.269
JZL-184,5,Q14680-4,12.269
JZL-184,6,O75676,12.268
JZL-184,7,Q06418,12.26
JZL-184,8,O75676-2,12.253
JZL-184,9,O95819-5,12.232
JZL-184,10,O95819-4,12.216
KB-R7943,1,O00329,12.914
KB-R7943,2,Q8IWQ3-6,12.737
KB-R7943,3,Q00534,12.681
KB-R7943,4,P42336,12.621
KB-R7943,5,P11802,12.616
KB-R7943,6,Q8IWQ3-3,12.586
KB-R7943,7,O96017-12,12.583
KB-R7943,8,Q8IWQ3-2,12.577
KB-R7943,9,Q8N5S9,12.564
KB-R7943,10,Q9UQB9-2,12.552
KF-38789,1,Q9HAZ1,14.247
KF-38789,2,O00329,14.222
KF-38789,3,P29376,14.054
KF-38789,4,P08922,14.043
KF-38789,5,O14965,13.988
KF-38789,6,O00311,13.968
KF-38789,7,P49759-3,13.954
KF-38789,8,P49759,13.949
KF-38789,9,P29376-4,13.933
KF-38789,10,O00444,13.878
KIN001-127,1,P35916,12.937
KIN001-127,2,P35916-1,12.937
KIN001-127,3,O00329,12.837
KIN001-127,4,Q8IVH8-2,12.773
KIN001-127,5,Q9H2G2-2,12.756
KIN001-127,6,Q8IVH8,12.731
KIN001-127,7,Q8IVH8-3,12.716
KIN001-127,8,Q9H2G2,12.705
KIN001-127,9,Q9Y4K4,12.693
KIN001-127,10,O14965,12.622
KN-62,1,P51817,12.822
KN-62,2,O75116,12.499
KN-62,3,Q56UN5,12.475
KN-62,4,O43930,12.461
KN-62,5,P17948,12.415
KN-62,6,Q13315,12.384
KN-62,7,Q13535-2,12.33
KN-62,8,P36888-2,12.309
KN-62,9,P36888,12.305
KN-62,10,Q13535,12.302
KN-93,1,P48736,12.893
KN-93,2,P49336-2,12.564
KN-93,3,P49336,12.56
KN-93,4,Q14680-4,12.542
KN-93,5,P09619,12.525
KN-93,6,Q14680-5,12.515
KN-93,7,Q14680-6,12.512
KN-93,8,P42338,12.487
KN-93,9,P51451,12.466
KN-93,10,Q14680-7,12.449
KU-0063794,1,O00329,12.663
KU-0063794,2,P42336,12.115
KU-0063794,3,P42345,11.967
KU-0063794,4,P48736,11.962
KU-0063794,5,P08922,11.844
KU-0063794,6,Q13315,11.773
KU-0063794,7,P78527,11.729
KU-0063794,8,P78527-2,11.729
KU-0063794,9,Q56UN5,11.726
KU-0063794,10,Q9HAZ1,11.704
KU-55933,1,Q9HAZ1,12.289
KU-55933,2,O00311,12.244
KU-55933,3,Q96GD4-5,12.217
KU-55933,4,O00329,12.212
KU-55933,5,Q96GD4,12.211
KU-55933,6,Q96GD4-4,12.206
KU-55933,7,Q9UQB9-3,12.187
KU-55933,8,P48736,12.16
KU-55933,9,Q9UQB9,12.146
KU-55933,10,P42336,12.145
L-165041,1,P48736,12.436
L-165041,2,O00329,12.423
L-165041,3,O14757,12.336
L-165041,4,P30530-2,12.177
L-165041,5,P30530,12.174
L-165041,6,O14757-3,12.094
L-165041,7,O14757-2,12.091
L-165041,8,Q02763-3,12.05
L-165041,9,P42336,12.043
L-165041,10,Q13237,12.043
L-168049,1,P30291,13.388
L-168049,2,O00329,12.987
L-168049,3,Q04771,12.977
L-168049,4,P30291-2,12.839
L-168049,5,P42685,12.715
L-168049,6,Q8NER5,12.68
L-168049,7,Q8NER5-3,12.643
L-168049,8,P00519,12.642
L-168049,9,P42684,12.64
L-168049,10,Q8NER5-4,12.634
L-655240,1,P49336-2,12.584
L-655240,2,P49336,12.581
L-655240,3,P51817,12.574
L-655240,4,P17948,12.4
L-655240,5,Q9UBE8,12.347
L-655240,6,P00519,12.297
L-655240,7,P00519-2,12.245
L-655240,8,O00329,12.229
L-655240,9,O75676,12.187
L-655240,10,O43930,12.181
L-655708,1,O00329,12.086
L-655708,2,Q16288-2,11.909
L-655708,3,P08922,11.883
L-655708,4,P49841-2,11.871
L-655708,5,P49841,11.837
L-655708,6,Q13882-2,11.8
L-655708,7,P50613,11.797
L-655708,8,P24941-2,11.738
L-655708,9,Q13237-2,11.694
L-655708,10,O76039,11.686
L-689560,1,P51817,12.504
L-689560,2,Q9HAZ1,12.449
L-689560,3,P08922,12.33
L-689560,4,O43930,12.225
L-689560,5,O00329,12.17
L-689560,6,O00311,12.153
L-689560,7,P17948,12.113
L-689560,8,O75676,12.1
L-689560,9,O75676-2,12.092
L-689560,10,Q16288-4,12.087
L-690330,1,O14746-2,12.883
L-690330,2,Q9NRA0,12.832
L-690330,3,Q9NRA0-5,12.818
L-690330,4,Q9NRA0-2,12.748
L-690330,5,Q9NRA0-4,12.744
L-690330,6,Q9NRA0-3,12.703
L-690330,7,O14746,12.698
L-690330,8,O14746-3,12.692
L-690330,9,Q7Z695,12.631
L-690330,10,P48736,12.628
L-694247,1,Q04759,13.52
L-694247,2,Q04759-3,13.254
L-694247,3,O75116,13.069
L-694247,4,P51817,13.068
L-694247,5,O43930,12.941
L-694247,6,P22694-9,12.908
L-694247,7,P22694-3,12.899
L-694247,8,P22694-2,12.884
L-694247,9,Q04759-2,12.877
L-694247,10,P22694-6,12.876
L-732138,1,P51817,12.329
L-732138,2,P49336-2,12.291
L-732138,3,P49336,12.284
L-732138,4,P17948,12.255
L-732138,5,Q16288-4,12.225
L-732138,6,Q16288,12.208
L-732138,7,P00519,12.197
L-732138,8,Q16288-5,12.189
L-732138,9,Q16288-3,12.177
L-732138,10,P10721,12.158
L-733060,1,Q16288-4,12.717
L-733060,2,Q16288,12.696
L-733060,3,Q16288-5,12.653
L-733060,4,Q16288-3,12.637
L-733060,5,P51817,12.535
L-733060,6,P17948,12.446
L-733060,7,P00519,12.443
L-733060,8,P00519-2,12.39
L-733060,9,Q16288-2,12.376
L-733060,10,P07949,12.315
L-741626,1,Q9HAZ1,12.19
L-741626,2,P36888,12.167
L-741626,3,O00311,12.148
L-741626,4,P36888-2,12.136
L-741626,5,Q14680-5,12.108
L-741626,6,Q9P1W9,12.104
L-741626,7,O00329,12.075
L-741626,8,Q9UBE8,12.069
L-741626,9,P10721,12.062
L-741626,10,P10721-2,12.052
L-745870,1,Q9HAZ1,13.142
L-745870,2,O00311,13.14
L-745870,3,Q13464,12.816
L-745870,4,O75116,12.801
L-745870,5,O00329,12.787
L-745870,6,P49759-3,12.755
L-745870,7,P49759,12.622
L-745870,8,O95819-3,12.591
L-745870,9,O95819-5,12.538
L-745870,10,O95819-6,12.538
L-803087,1,Q96GD4-4,13.145
L-803087,2,Q96GD4,13.134
L-803087,3,Q96GD4-5,13.123
L-803087,4,Q9UQB9,12.957
L-803087,5,Q9UQB9-2,12.953
L-803087,6,O14965,12.934
L-803087,7,P17948,12.914
L-803087,8,Q9UQB9-3,12.903
L-803087,9,P00519,12.672
L-803087,10,P07949,12.667
LE-135,1,O00329,12.843
LE-135,2,P08922,12.597
LE-135,3,P29376,12.546
LE-135,4,P36888,12.403
LE-135,5,Q9UM73,12.4
LE-135,6,P29376-4,12.37
LE-135,7,Q12866,12.292
LE-135,8,P42336,12.291
LE-135,9,P42685,12.289
LE-135,10,P36888-2,12.278
LM-1685,1,P48736,12.559
LM-1685,2,P51817,12.388
LM-1685,3,O43930,12.302
LM-1685,4,O75116,12.185
LM-1685,5,O00329,12.147
LM-1685,6,Q08881,12.07
LM-1685,7,P17612-2,12.061
LM-1685,8,P17612,12.052
LM-1685,9,O75676,12.042
LM-1685,10,P29376-4,12.041
LY-2183240,1,P49841-2,12.779
LY-2183240,2,P49841,12.741
LY-2183240,3,P49840,12.654
LY-2183240,4,P00519,12.345
LY-2183240,5,P17948,12.327
LY-2183240,6,P00519-2,12.297
LY-2183240,7,P24941,12.271
LY-2183240,8,O14965,12.238
LY-2183240,9,P50750,12.206
LY-2183240,10,P42684-2,12.157
LY-320135,1,P49336-2,12.541
LY-320135,2,P49336,12.539
LY-320135,3,O00329,12.449
LY-320135,4,Q9P1W9,12.313
LY-320135,5,P42336,12.274
LY-320135,6,O75676,12.244
LY-320135,7,O75676-2,12.243
LY-320135,8,Q9UBF8-2,12.219
LY-320135,9,P48736,12.206
LY-320135,10,Q9UBF8,12.198
LY-344864,1,Q56UN5,12.991
LY-344864,2,Q9Y6R4,12.818
LY-344864,3,Q9Y6R4-2,12.818
LY-344864,4,P48736,12.79
LY-344864,5,P78527,12.783
LY-344864,6,P78527-2,12.783
LY-344864,7,O60673,12.746
LY-344864,8,Q5S007,12.738
LY-344864,9,Q13315,12.711
LY-344864,10,O75417-2,12.677
LY-456236,1,P00533,14.405
LY-456236,2,P21860,12.927
LY-456236,3,P00533-4,12.822
LY-456236,4,P21860-4,12.773
LY-456236,5,P00533-3,12.703
LY-456236,6,O00329,12.6
LY-456236,7,Q9HAZ1,12.481
LY-456236,8,P08922,12.467
LY-456236,9,Q15303-2,12.285
LY-456236,10,Q15303-4,12.285
MAZ-51,1,P36888,13.523
MAZ-51,2,P36888-2,13.459
MAZ-51,3,Q96GD4,13.035
MAZ-51,4,Q96GD4-4,13.02
MAZ-51,5,Q96GD4-5,13.013
MAZ-51,6,Q9UQB9,12.813
MAZ-51,7,Q9UQB9-2,12.793
MAZ-51,8,Q9UQB9-3,12.756
MAZ-51,9,Q5S007,12.59
MAZ-51,10,Q16288,12.574
MBCQ,1,P00533,14.895
MBCQ,2,P21860,13.247
MBCQ,3,P00533-4,13.168
MBCQ,4,P00533-3,13.135
MBCQ,5,P21860-4,13.099
MBCQ,6,Q9HAZ1,13.012
MBCQ,7,P49336,12.676
MBCQ,8,P49336-2,12.66
MBCQ,9,O00311,12.628
MBCQ,10,P49759-3,12.522
MDM2-inhibitor,1,Q9UQB9-2,12.707
MDM2-inhibitor,2,Q96GD4-4,12.706
MDM2-inhibitor,3,P49336-2,12.705
MDM2-inhibitor,4,P49336,12.703
MDM2-inhibitor,5,Q9UQB9,12.675
MDM2-inhibitor,6,O00311,12.665
MDM2-inhibitor,7,Q96GD4,12.655
MDM2-inhibitor,8,Q96GD4-5,12.655
MDM2-inhibitor,9,Q9UQB9-3,12.646
MDM2-inhibitor,10,Q14680-7,12.498
MG-132,1,O75116,11.995
MG-132,2,Q00534,11.776
MG-132,3,O14757,11.739
MG-132,4,P11802,11.722
MG-132,5,Q13464,11.654
MG-132,6,O00329,11.624
MG-132,7,Q13882-2,11.609
MG-132,8,O14757-3,11.589
MG-132,9,P48736,11.527
MG-132,10,O75460-2,11.514
MK-2206,1,Q96GD4-4,12.588
MK-2206,2,Q96GD4,12.549
MK-2206,3,Q96GD4-5,12.537
MK-2206,4,Q96GD4-2,12.534
MK-2206,5,Q9UQB9-3,12.475
MK-2206,6,Q14680-6,12.469
MK-2206,7,Q9UQB9,12.465
MK-2206,8,O00329,12.462
MK-2206,9,Q14680-4,12.451
MK-2206,10,Q9UQB9-2,12.448
MLN-4924,1,P49841-2,12.671
MLN-4924,2,O00329,12.655
MLN-4924,3,P49841,12.634
MLN-4924,4,P42336,12.385
MLN-4924,5,Q13315,12.369
MLN-4924,6,P49840,12.294
MLN-4924,7,Q5S007,12.261
MLN-4924,8,Q56UN5,12.239
MLN-4924,9,P42345,12.234
MLN-4924,10,Q9UM73,12.231
MLN-8054,1,O14965,13.973
MLN-8054,2,Q16539,13.705
MLN-8054,3,Q9UQB9-2,13.704
MLN-8054,4,Q9UQB9,13.638
MLN-8054,5,Q16539-2,13.619
MLN-8054,6,Q96GD4-4,13.534
MLN-8054,7,Q96GD4-5,13.498
MLN-8054,8,Q9UQB9-3,13.492
MLN-8054,9,Q96GD4,13.483
MLN-8054,10,Q16539-5,13.078
MRS-1220,1,Q9HAZ1,12.483
MRS-1220,2,Q9Y6R4,12.32
MRS-1220,3,Q9Y6R4-2,12.32
MRS-1220,4,Q86V86,12.197
MRS-1220,5,O00311,12.142
MRS-1220,6,Q13882-2,12.09
MRS-1220,7,P78527,12.085
MRS-1220,8,P78527-2,12.085
MRS-1220,9,P42345,12.079
MRS-1220,10,Q8WZ42,12.074
MY-5445,1,O00329,12.707
MY-5445,2,P07949,12.248
MY-5445,3,P07949-2,12.248
MY-5445,4,P36888-2,12.229
MY-5445,5,Q9UBE8,12.22
MY-5445,6,Q13535-2,12.219
MY-5445,7,Q13535,12.213
MY-5445,8,Q13535-3,12.213
MY-5445,9,P00533,12.18
MY-5445,10,P10721-2,12.18
NAS-181,1,Q96GD4-4,12.447
NAS-181,2,Q96GD4,12.387
NAS-181,3,Q9UQB9-2,12.383
NAS-181,4,Q96GD4-5,12.368
NAS-181,5,Q9UQB9-3,12.343
NAS-181,6,Q9UQB9,12.318
NAS-181,7,Q96GD4-2,12.005
NAS-181,8,P78527,11.97
NAS-181,9,P78527-2,11.97
NAS-181,10,Q13535-2,11.917
NBI-27914,1,P09769,12.745
NBI-27914,2,P06239-3,12.732
NBI-27914,3,P07947,12.688
NBI-27914,4,Q8NER5,12.662
NBI-27914,5,Q06418,12.658
NBI-27914,6,P12931,12.636
NBI-27914,7,P06239,12.624
NBI-27914,8,P06241-2,12.593
NBI-27914,9,Q8NER5-4,12.587
NBI-27914,10,P12931-2,12.579
NCS-382,1,P68400,12.48
NCS-382,2,Q8NEV1,12.472
NCS-382,3,P19784,12.416
NCS-382,4,P68400-2,12.073
NCS-382,5,Q86V86,12.054
NCS-382,6,O00311,11.984
NCS-382,7,Q6ZMQ8-2,11.941
NCS-382,8,O14746-4,11.854
NCS-382,9,P08922,11.809
NCS-382,10,P54760-2,11.796
NECA,1,O00329,12.504
NECA,2,P08922,12.303
NECA,3,P17948,12.231
NECA,4,Q15375-5,12.084
NECA,5,Q04771,12.076
NECA,6,P07949,12.0
NECA,7,P07949-2,12.0
NECA,8,Q00535-2,11.99
NECA,9,P29317-2,11.985
NECA,10,P29322-2,11.984
NF-449,1,O00329,12.953
NF-449,2,Q96GD4-4,12.529
NF-449,3,Q96GD4,12.495
NF-449,4,Q96GD4-5,12.481
NF-449,5,Q9UQB9-2,12.343
NF-449,6,P42336,12.337
NF-449,7,Q9UQB9-3,12.321
NF-449,8,Q9UQB9,12.303
NF-449,9,P30530,12.273
NF-449,10,P30530-2,12.249
NM-PP1,1,P51451,13.324
NM-PP1,2,Q9H0K1,13.282
NM-PP1,3,P08631,13.214
NM-PP1,4,P08631-4,13.213
NM-PP1,5,P08631-2,13.193
NM-PP1,6,P08631-3,13.191
NM-PP1,7,P06241-2,13.147
NM-PP1,8,P06241,13.093
NM-PP1,9,P12931,13.083
NM-PP1,10,P09769,13.08
NPI-2358,1,O95819,12.735
NPI-2358,2,Q5S007,12.717
NPI-2358,3,O95819-2,12.705
NPI-2358,4,O95819-4,12.682
NPI-2358,5,O95819-6,12.666
NPI-2358,6,O95819-5,12.664
NPI-2358,7,Q9UKE5-2,12.608
NPI-2358,8,Q9UKE5-4,12.607
NPI-2358,9,Q9UKE5,12.604
NPI-2358,10,Q9UKE5-6,12.602
NSC-3852,1,P48736,12.437
NSC-3852,2,P68400,12.209
NSC-3852,3,Q8NEV1,12.206
NSC-3852,4,P30530,12.103
NSC-3852,5,O14746-4,12.103
NSC-3852,6,P08922,12.102
NSC-3852,7,Q9UBF8-2,12.089
NSC-3852,8,Q9UBF8,12.087
NSC-3852,9,P30530-2,12.083
NSC-3852,10,Q6ZMQ8,12.06
NSC-632839,1,P31749,12.689
NSC-632839,2,Q14680-7,12.674
NSC-632839,3,Q14680,12.651
NSC-632839,4,P48736,12.636
NSC-632839,5,Q14680-6,12.627
NSC-632839,6,Q8IWQ3-6,12.564
NSC-632839,7,P31751-2,12.555
NSC-632839,8,Q9Y243-2,12.551
NSC-632839,9,Q96GD4-4,12.548
NSC-632839,10,Q96GD4-5,12.504
NSC-663284,1,O00329,12.37
NSC-663284,2,P08922,11.978
NSC-663284,3,P42336,11.736
NSC-663284,4,Q56UN5,11.735
NSC-663284,5,P48736,11.732
NSC-663284,6,O00311,11.66
NSC-663284,7,O60673,11.628
NSC-663284,8,P78527,11.616
NSC-663284,9,P78527-2,11.616
NSC-663284,10,O75417-2,11.611
NSC-94258,1,Q9HAZ1,13.095
NSC-94258,2,P48736,12.537
NSC-94258,3,P49759,12.25
NSC-94258,4,P49759-3,12.248
NSC-94258,5,P49336,12.189
NSC-94258,6,P49336-2,12.181
NSC-94258,7,Q6ZMQ8,12.133
NSC-94258,8,Q96RG2,12.126
NSC-94258,9,Q96RG2-2,12.126
NSC-94258,10,Q96RG2-4,12.126
NVP-AUY922,1,P42685,13.761
NVP-AUY922,2,Q16539,13.423
NVP-AUY922,3,Q16539-2,13.363
NVP-AUY922,4,P09769,13.353
NVP-AUY922,5,P06241-2,13.274
NVP-AUY922,6,P06241,13.242
NVP-AUY922,7,P07947,13.141
NVP-AUY922,8,P12931,13.126
NVP-AUY922,9,Q8IVH8-3,13.125
NVP-AUY922,10,Q8IVH8,13.121
NVP-TAE684,1,P08922,14.972
NVP-TAE684,2,P29376,14.912
NVP-TAE684,3,Q9UM73,14.664
NVP-TAE684,4,P16591,14.597
NVP-TAE684,5,Q05397-7,14.442
NVP-TAE684,6,Q05397,14.439
NVP-TAE684,7,P29376-4,14.438
NVP-TAE684,8,Q05397-5,14.406
NVP-TAE684,9,P16591-2,14.225
NVP-TAE684,10,Q05397-2,14.198
O-2050,1,Q00535-2,13.041
O-2050,2,Q00535,12.941
O-2050,3,O00329,12.855
O-2050,4,P08922,12.836
O-2050,5,P11802,12.726
O-2050,6,Q9HAZ1,12.662
O-2050,7,O14757,12.661
O-2050,8,P42336,12.606
O-2050,9,P06493-2,12.598
O-2050,10,P24941,12.592
OBAA,1,Q13315,12.195
OBAA,2,O00329,12.153
OBAA,3,Q96Q15-2,12.127
OBAA,4,Q9Y6R4,12.114
OBAA,5,Q9Y6R4-2,12.114
OBAA,6,Q96Q15,12.106
OBAA,7,Q56UN5,12.094
OBAA,8,O60673,12.06
OBAA,9,P42356,12.022
OBAA,10,O14746,11.983
ODQ,1,Q86V86,12.31
ODQ,2,P17948,12.257
ODQ,3,P08922,12.219
ODQ,4,P48736,12.074
ODQ,5,P11309-2,12.045
ODQ,6,P11309,12.031
ODQ,7,Q9P1W9,12.014
ODQ,8,P17948-3,11.996
ODQ,9,P68400,11.97
ODQ,10,Q8NEV1,11.922
OMDM-2,1,O00329,12.312
OMDM-2,2,Q9HAZ1,12.097
OMDM-2,3,P48736,12.059
OMDM-2,4,Q00535-2,12.035
OMDM-2,5,P50750,12.029
OMDM-2,6,P50750-2,11.945
OMDM-2,7,O14772-3,11.931
OMDM-2,8,P08069,11.921
OMDM-2,9,P78527,11.917
OMDM-2,10,P78527-2,11.917
ON-01910,1,O00329,12.823
ON-01910,2,P08922,12.698
ON-01910,3,P06241-2,12.396
ON-01910,4,P30530,12.354
ON-01910,5,P30530-2,12.345
ON-01910,6,P06241,12.341
ON-01910,7,P09769,12.253
ON-01910,8,P00519,12.219
ON-01910,9,Q96GD4-4,12.196
ON-01910,10,P06241-3,12.194
OSI-027,1,O00329,12.45
OSI-027,2,O00311,12.339
OSI-027,3,O14965,12.316
OSI-027,4,Q96GD4-4,12.301
OSI-027,5,Q96GD4,12.292
OSI-027,6,Q96GD4-5,12.289
OSI-027,7,Q9UQB9-2,12.239
OSI-027,8,P78527,12.218
OSI-027,9,P78527-2,12.218
OSI-027,10,Q9UQB9,12.214
PAC-1,1,P00519,12.413
PAC-1,2,P51817,12.38
PAC-1,3,P00519-2,12.378
PAC-1,4,P06241,12.278
PAC-1,5,P17948,12.265
PAC-1,6,P06241-2,12.247
PAC-1,7,P12931,12.231
PAC-1,8,P42684-2,12.211
PAC-1,9,P42684-3,12.209
PAC-1,10,P42684-4,12.208
PCO-400,1,O00329,12.095
PCO-400,2,P08922,12.086
PCO-400,3,Q12866,11.851
PCO-400,4,P42336,11.768
PCO-400,5,P07949,11.735
PCO-400,6,P07949-2,11.735
PCO-400,7,Q9UM73,11.73
PCO-400,8,P54760-2,11.634
PCO-400,9,P29376-3,11.604
PCO-400,10,Q96SB4-4,11.592
PD-0325901,1,P07949,12.154
PD-0325901,2,P07949-2,12.154
PD-0325901,3,P17948,12.0
PD-0325901,4,O00329,11.983
PD-0325901,5,P17948-3,11.894
PD-0325901,6,P35916,11.822
PD-0325901,7,P35916-1,11.822
PD-0325901,8,Q9UM73,11.806
PD-0325901,9,O14965,11.753
PD-0325901,10,P35968,11.746
PD-160170,1,P50750,12.7
PD-160170,2,P50750-2,12.609
PD-160170,3,P48736,12.581
PD-160170,4,Q00535-2,12.328
PD-160170,5,Q00535,12.155
PD-160170,6,P24941-2,12.113
PD-160170,7,P24941,12.085
PD-160170,8,Q9HAZ1,12.084
PD-160170,9,P51617,12.028
PD-160170,10,P51617-2,12.028
PD-166793,1,P51817,12.187
PD-166793,2,O00329,12.178
PD-166793,3,O43293,12.093
PD-166793,4,P17948,12.081
PD-166793,5,O43930,12.034
PD-166793,6,O75676-2,12.027
PD-166793,7,O75676,12.026
PD-166793,8,Q13237,12.016
PD-166793,9,Q9P1W9,12.014
PD-166793,10,Q96PF2,12.0
PD-173074,1,P21802,14.038
PD-173074,2,P21802-5,14.037
PD-173074,3,P21802-16,14.02
PD-173074,4,P21802-20,14.019
PD-173074,5,P21802-6,14.014
PD-173074,6,P21802-21,13.982
PD-173074,7,P11362-14,13.971
PD-173074,8,P11362-3,13.969
PD-173074,9,P11362-4,13.963
PD-173074,10,P21802-18,13.955
PD-198306,1,Q16539-2,13.533
PD-198306,2,Q16539,13.509
PD-198306,3,Q16539-4,12.805
PD-198306,4,Q16539-3,12.768
PD-198306,5,Q16539-5,12.604
PD-198306,6,Q15759,12.457
PD-198306,7,P07949,12.122
PD-198306,8,P07949-2,12.122
PD-198306,9,P09769,12.069
PD-198306,10,P42685,12.055
PF-3845,1,P36888,13.423
PF-3845,2,P36888-2,13.339
PF-3845,3,P16234,13.038
PF-3845,4,P09619,12.913
PF-3845,5,P35968,12.859
PF-3845,6,P07949,12.776
PF-3845,7,P07949-2,12.776
PF-3845,8,Q96GD4,12.772
PF-3845,9,Q96GD4-5,12.754
PF-3845,10,O75116,12.747
PG-9,1,Q14680-6,12.491
PG-9,2,Q14680-5,12.451
PG-9,3,Q14680-7,12.44
PG-9,4,O14757,12.417
PG-9,5,Q14680,12.4
PG-9,6,Q06418,12.336
PG-9,7,P35590,12.328
PG-9,8,P30530,12.311
PG-9,9,P30530-2,12.299
PG-9,10,Q8IW41,12.292
PHA-665752,1,P29376,14.047
PHA-665752,2,Q9H2G2,14.016
PHA-665752,3,Q9H2G2-2,14.005
PHA-665752,4,P29376-4,13.736
PHA-665752,5,Q9UM73,13.572
PHA-665752,6,P07949,13.568
PHA-665752,7,P07949-2,13.568
PHA-665752,8,P30530,13.452
PHA-665752,9,Q08881,13.452
PHA-665752,10,P30530-2,13.431
PHA-793887,1,P50613,14.58
PHA-793887,2,Q00535,14.462
PHA-793887,3,Q00535-2,14.309
PHA-793887,4,P24941,14.296
PHA-793887,5,Q00526,14.134
PHA-793887,6,P24941-2,14.002
PHA-793887,7,O94921-3,13.925
PHA-793887,8,O94921-2,13.836
PHA-793887,9,O94921,13.832
PHA-793887,10,P06493,13.828
PI-103,1,O00329,13.484
PI-103,2,P42336,13.022
PI-103,3,Q96Q15-4,12.775
PI-103,4,P28340,12.769
PI-103,5,Q8NEB9,12.729
PI-103,6,Q9UBF8,12.682
PI-103,7,P78527,12.681
PI-103,8,P78527-2,12.681
PI-103,9,Q9UBF8-2,12.679
PI-103,10,O95602,12.61
PIK-75,1,Q16539,13.038
PIK-75,2,Q16539-2,12.993
PIK-75,3,P06241,12.977
PIK-75,4,P06241-2,12.972
PIK-75,5,P06241-3,12.891
PIK-75,6,P09769,12.866
PIK-75,7,O00329,12.83
PIK-75,8,P42685,12.827
PIK-75,9,Q04771,12.765
PIK-75,10,P00519,12.709
PIK-90,1,O00329,12.467
PIK-90,2,P00519,12.296
PIK-90,3,P24941-2,12.283
PIK-90,4,P24941,12.251
PIK-90,5,P17948,12.248
PIK-90,6,P00519-2,12.247
PIK-90,7,Q00535-2,12.226
PIK-90,8,O43293,12.2
PIK-90,9,P11309-2,12.193
PIK-90,10,Q00535,12.15
PK-11195,1,Q9UBE8,12.413
PK-11195,2,P21860-5,12.184
PK-11195,3,P07949,12.145
PK-11195,4,P07949-2,12.145
PK-11195,5,P36507,12.132
PK-11195,6,P45984,12.085
PK-11195,7,P04049,12.049
PK-11195,8,P04049-2,12.031
PK-11195,9,O00311,12.027
PK-11195,10,Q07912-2,12.027
PLX-4720,1,Q9HAZ1,12.989
PLX-4720,2,O00329,12.684
PLX-4720,3,Q9Y463,12.523
PLX-4720,4,P49336,12.456
PLX-4720,5,P49759,12.455
PLX-4720,6,P49336-2,12.45
PLX-4720,7,P49759-3,12.416
PLX-4720,8,Q9Y463-3,12.369
PLX-4720,9,Q9Y463-2,12.354
PLX-4720,10,P30530,12.26
PNU-120596,1,Q9UBE8,12.933
PNU-120596,2,Q16539,12.899
PNU-120596,3,Q16539-2,12.845
PNU-120596,4,P07333,12.759
PNU-120596,5,P07949,12.739
PNU-120596,6,P07949-2,12.739
PNU-120596,7,O00311,12.544
PNU-120596,8,O00329,12.522
PNU-120596,9,P09619,12.487
PNU-120596,10,P00519,12.466
PNU-22394,1,P48736,12.522
PNU-22394,2,P08922,12.231
PNU-22394,3,Q9HAZ1,11.894
PNU-22394,4,Q56UN5,11.874
PNU-22394,5,O60673,11.862
PNU-22394,6,P29376-4,11.818
PNU-22394,7,O94768,11.802
PNU-22394,8,Q9Y6R4,11.789
PNU-22394,9,Q9Y6R4-2,11.789
PNU-22394,10,P29376-5,11.786
PP-1,1,Q13882,13.85
PP-1,2,P51451,13.843
PP-1,3,P07949,13.736
PP-1,4,P07949-2,13.736
PP-1,5,P12931,13.585
PP-1,6,P12931-2,13.55
PP-1,7,P12931-3,13.526
PP-1,8,P08631-3,13.511
PP-1,9,P08631-4,13.503
PP-1,10,P08631-2,13.499
PSB-069,1,P08922,13.021
PSB-069,2,O00329,12.6
PSB-069,3,P30530,12.496
PSB-069,4,P42685,12.487
PSB-069,5,Q5S007,12.475
PSB-069,6,P30530-2,12.444
PSB-069,7,Q96Q15-3,12.267
PSB-069,8,Q12866,12.259
PSB-069,9,P29376,12.228
PSB-069,10,P36888-2,12.206
PSB-1115,1,P24941-2,12.671
PSB-1115,2,O00311,12.661
PSB-1115,3,P24941,12.638
PSB-1115,4,Q9HAZ1,12.607
PSB-1115,5,P50613,12.589
PSB-1115,6,P49841-2,12.555
PSB-1115,7,O00329,12.538
PSB-1115,8,P49841,12.507
PSB-1115,9,P49840,12.464
PSB-1115,10,Q00535-2,12.407
QS-11,1,P06239,13.208
QS-11,2,P06239-3,13.083
QS-11,3,P42685,13.081
QS-11,4,P09769,12.82
QS-11,5,P06241-2,12.795
QS-11,6,P07947,12.781
QS-11,7,Q9UQB9-3,12.779
QS-11,8,P06241,12.774
QS-11,9,Q9UQB9,12.771
QS-11,10,Q96GD4-4,12.757
R-96544,1,P36888,13.186
R-96544,2,P36888-2,13.152
R-96544,3,P35916,13.089
R-96544,4,P35916-1,13.089
R-96544,5,P35968,12.984
R-96544,6,Q5S007,12.828
R-96544,7,P17948,12.637
R-96544,8,P78527,12.627
R-96544,9,P78527-2,12.627
R-96544,10,Q13315,12.62
RK-682,1,O00329,12.22
RK-682,2,O00311,11.814
RK-682,3,P42336,11.792
RK-682,4,Q13237,11.708
RK-682,5,Q13237-2,11.7
RK-682,6,P08922,11.662
RK-682,7,P49841-2,11.649
RK-682,8,Q9UBE8,11.644
RK-682,9,P00519,11.642
RK-682,10,P10721,11.634
RS-100329,1,Q9UQB9-2,12.387
RS-100329,2,P08922,12.385
RS-100329,3,Q9H0K1,12.354
RS-100329,4,Q9UQB9,12.324
RS-100329,5,Q9UQB9-3,12.314
RS-100329,6,Q96GD4-4,12.207
RS-100329,7,Q96GD4-5,12.205
RS-100329,8,Q96GD4,12.194
RS-100329,9,Q96GD4-2,12.176
RS-100329,10,P16591,12.173
RS-17053,1,P36888-2,12.946
RS-17053,2,P36888,12.795
RS-17053,3,P49336-2,12.466
RS-17053,4,P49336,12.46
RS-17053,5,Q16288-4,12.415
RS-17053,6,Q16288,12.411
RS-17053,7,Q16288-3,12.348
RS-17053,8,Q16288-5,12.347
RS-17053,9,P17948,12.323
RS-17053,10,O00329,12.299
RS-39604,1,P48736,12.056
RS-39604,2,P10721,12.025
RS-39604,3,P10721-2,12.019
RS-39604,4,Q13237,12.01
RS-39604,5,Q13237-2,11.993
RS-39604,6,O75460-2,11.989
RS-39604,7,O43930,11.981
RS-39604,8,P51817,11.977
RS-39604,9,Q13976,11.944
RS-39604,10,P00519,11.932
RS-45041-190,1,P08922,12.229
RS-45041-190,2,O00329,12.185
RS-45041-190,3,P29376-4,11.97
RS-45041-190,4,P16591,11.94
RS-45041-190,5,P48736,11.928
RS-45041-190,6,P16591-2,11.898
RS-45041-190,7,P78527,11.889
RS-45041-190,8,P78527-2,11.889
RS-45041-190,9,Q9Y6R4,11.87
RS-45041-190,10,Q9Y6R4-2,11.87
RS-504393,1,O00329,13.001
RS-504393,2,P30291,12.534
RS-504393,3,P30291-2,12.494
RS-504393,4,P29376,12.487
RS-504393,5,P42336,12.482
RS-504393,6,P29376-4,12.449
RS-504393,7,P42685,12.426
RS-504393,8,P42685-2,12.415
RS-504393,9,Q15772-4,12.41
RS-504393,10,Q9UBE8,12.4
RU-24969,1,Q9HAZ1,12.92
RU-24969,2,P08922,12.475
RU-24969,3,P49759,12.283
RU-24969,4,Q9Y463,12.23
RU-24969,5,Q56UN5,12.201
RU-24969,6,Q13535-2,12.201
RU-24969,7,Q13535,12.184
RU-24969,8,Q13535-3,12.184
RU-24969,9,P49759-3,12.176
RU-24969,10,P48736,12.169
RWJ-21757,1,Q9HAZ1,12.228
RWJ-21757,2,O00329,12.185
RWJ-21757,3,P08922,12.012
RWJ-21757,4,O00311,11.981
RWJ-21757,5,P49759,11.807
RWJ-21757,6,P49761,11.779
RWJ-21757,7,P49761-3,11.752
RWJ-21757,8,P17948,11.73
RWJ-21757,9,Q00535-2,11.729
RWJ-21757,10,Q56UN5,11.676
RX-821002,1,P08922,11.836
RX-821002,2,P68400,11.763
RX-821002,3,Q8NEV1,11.757
RX-821002,4,Q13882-2,11.742
RX-821002,5,O75460-2,11.69
RX-821002,6,P29317-2,11.678
RX-821002,7,P48736,11.628
RX-821002,8,O00329,11.624
RX-821002,9,P19784,11.601
RX-821002,10,P68400-2,11.569
SANT-1,1,P42685,13.144
SANT-1,2,P09769,12.86
SANT-1,3,P06241-2,12.73
SANT-1,4,P06241,12.689
SANT-1,5,P07947,12.684
SANT-1,6,P08922,12.65
SANT-1,7,P42684-10,12.648
SANT-1,8,P16234,12.645
SANT-1,9,P42684-3,12.639
SANT-1,10,P42684-4,12.634
SB-200646,1,P36888-2,13.174
SB-200646,2,P35968,13.096
SB-200646,3,P36888,13.025
SB-200646,4,P35916-3,12.743
SB-200646,5,P35968-2,12.657
SB-200646,6,P35916,12.634
SB-200646,7,P35916-1,12.634
SB-200646,8,P08922,12.614
SB-200646,9,P35968-3,12.603
SB-200646,10,Q9UEE5,12.566
SB-203580,1,Q16539-2,13.589
SB-203580,2,Q16539,13.54
SB-203580,3,Q15759,13.209
SB-203580,4,Q16539-4,13.039
SB-203580,5,Q16539-3,13.014
SB-203580,6,Q16539-5,12.975
SB-203580,7,Q04771,12.719
SB-203580,8,P49674,12.626
SB-203580,9,P48730-2,12.624
SB-203580,10,P48730,12.575
SB-205607,1,P48736,12.346
SB-205607,2,Q9Y6R4,12.172
SB-205607,3,Q9Y6R4-2,12.172
SB-205607,4,P78527,12.155
SB-205607,5,P78527-2,12.155
SB-205607,6,Q14680-5,12.144
SB-205607,7,Q96Q15-3,12.14
SB-205607,8,P35916-3,12.124
SB-205607,9,Q56UN5,12.113
SB-205607,10,O75676,12.112
SB-216641,1,Q16539,13.953
SB-216641,2,Q16539-2,13.932
SB-216641,3,Q16539-4,13.072
SB-216641,4,Q16539-3,13.036
SB-216641,5,O00329,12.888
SB-216641,6,Q16539-5,12.848
SB-216641,7,Q15759,12.826
SB-216641,8,P09619,12.542
SB-216641,9,Q9UBF8,12.482
SB-216641,10,P16234,12.467
SB-216763,1,P49841,13.66
SB-216763,2,P49841-2,13.632
SB-216763,3,P05771,13.467
SB-216763,4,P11309-2,13.418
SB-216763,5,P05771-2,13.362
SB-216763,6,P11309,13.187
SB-216763,7,Q9P1W9,13.185
SB-216763,8,P49840,13.082
SB-216763,9,Q04759,13.075
SB-216763,10,P24723-2,12.907
SB-218795,1,O00329,11.942
SB-218795,2,Q8IW41,11.813
SB-218795,3,Q8IW41-2,11.807
SB-218795,4,P48736,11.793
SB-218795,5,Q14680-6,11.761
SB-218795,6,Q14680-5,11.76
SB-218795,7,Q13882-2,11.735
SB-218795,8,P17948,11.728
SB-218795,9,Q14680-7,11.721
SB-218795,10,Q13237-2,11.717
SB-225002,1,Q9H2X6-3,12.418
SB-225002,2,Q9H2X6,12.411
SB-225002,3,O00329,12.325
SB-225002,4,Q86Z02,12.319
SB-225002,5,Q86Z02-2,12.319
SB-225002,6,Q9H2X6-2,12.271
SB-225002,7,P30291,12.246
SB-225002,8,O00311,12.234
SB-225002,9,P50750,12.194
SB-225002,10,P48736,12.179
SB-239063,1,Q16539,12.689
SB-239063,2,O00329,12.672
SB-239063,3,P48730-2,12.586
SB-239063,4,Q16539-2,12.576
SB-239063,5,P48730,12.572
SB-239063,6,P17948,12.489
SB-239063,7,P00519,12.427
SB-239063,8,P45984,12.4
SB-239063,9,P00519-2,12.366
SB-239063,10,P45984-2,12.354
SB-415286,1,O14757,12.814
SB-415286,2,O14757-3,12.554
SB-415286,3,Q00535-2,12.522
SB-415286,4,P50750-2,12.506
SB-415286,5,P50750,12.48
SB-415286,6,P30291,12.46
SB-415286,7,P11309-2,12.433
SB-415286,8,P24941-2,12.382
SB-415286,9,P35968-2,12.352
SB-415286,10,Q9Y4K4,12.347
SB-431542,1,O00329,12.712
SB-431542,2,Q96GD4,12.669
SB-431542,3,Q96GD4-5,12.663
SB-431542,4,Q96GD4-4,12.648
SB-431542,5,Q9UQB9-3,12.562
SB-431542,6,Q9UQB9,12.516
SB-431542,7,O75676,12.464
SB-431542,8,Q96GD4-2,12.452
SB-431542,9,O75676-2,12.442
SB-431542,10,Q9UQB9-2,12.437
SB-525334,1,Q96GD4-4,12.862
SB-525334,2,Q96GD4,12.82
SB-525334,3,Q96GD4-5,12.798
SB-525334,4,Q9UQB9-2,12.755
SB-525334,5,Q9UQB9,12.681
SB-525334,6,O00329,12.672
SB-525334,7,Q9UQB9-3,12.637
SB-525334,8,Q96GD4-2,12.634
SB-525334,9,O00311,12.574
SB-525334,10,Q9HAZ1,12.345
SB-590885,1,Q16539,13.715
SB-590885,2,Q16539-2,13.715
SB-590885,3,Q16539-4,13.166
SB-590885,4,Q9UBE8,13.149
SB-590885,5,Q16539-3,13.088
SB-590885,6,Q15759,12.988
SB-590885,7,Q16539-5,12.937
SB-590885,8,O00329,12.656
SB-590885,9,P45984,12.584
SB-590885,10,P53779,12.578
SC-68376,1,O00311,12.766
SC-68376,2,P49674,12.674
SC-68376,3,P48730,12.665
SC-68376,4,P48730-2,12.664
SC-68376,5,Q16539,12.559
SC-68376,6,Q16539-2,12.539
SC-68376,7,Q9UBE8,12.482
SC-68376,8,O43293,12.405
SC-68376,9,O00329,12.275
SC-68376,10,P53779,12.214
SC-9,1,P51817,12.222
SC-9,2,P00519,12.209
SC-9,3,P17948,12.18
SC-9,4,P00519-2,12.162
SC-9,5,O00311,12.142
SC-9,6,P07949,12.126
SC-9,7,P07949-2,12.126
SC-9,8,Q13237,12.082
SC-9,9,Q13237-2,12.049
SC-9,10,P10721,12.048
SCH-442416,1,O00329,12.234
SCH-442416,2,Q9Y6R4,12.158
SCH-442416,3,Q9Y6R4-2,12.158
SCH-442416,4,Q56UN5,12.126
SCH-442416,5,Q13315,12.112
SCH-442416,6,P48736,12.086
SCH-442416,7,O75417-2,12.084
SCH-442416,8,O60673,12.055
SCH-442416,9,Q96Q15-4,12.03
SCH-442416,10,Q96Q15-3,12.023
SCH-58261,1,Q9Y6R4,12.018
SCH-58261,2,Q9Y6R4-2,12.018
SCH-58261,3,Q56UN5,11.945
SCH-58261,4,Q9HAZ1,11.904
SCH-58261,5,O00311,11.903
SCH-58261,6,Q96Q15-3,11.881
SCH-58261,7,P78527,11.874
SCH-58261,8,P78527-2,11.874
SCH-58261,9,Q9Y6M4-5,11.858
SCH-58261,10,Q13315,11.844
SCH-79797,1,Q56UN5,13.325
SCH-79797,2,Q5S007,13.118
SCH-79797,3,Q13535-2,13.089
SCH-79797,4,Q13535,13.08
SCH-79797,5,Q13535-3,13.08
SCH-79797,6,Q9Y6R4,13.032
SCH-79797,7,Q9Y6R4-2,13.032
SCH-79797,8,P78527,12.993
SCH-79797,9,P78527-2,12.993
SCH-79797,10,P08922,12.984
SDZ-205-557,1,P08922,12.037
SDZ-205-557,2,Q14680-5,12.002
SDZ-205-557,3,O00311,11.994
SDZ-205-557,4,P48736,11.974
SDZ-205-557,5,Q14680-6,11.973
SDZ-205-557,6,Q14680-7,11.958
SDZ-205-557,7,P10721,11.956
SDZ-205-557,8,P10721-2,11.954
SDZ-205-557,9,P07333,11.943
SDZ-205-557,10,Q14680,11.934
SID-26681509,1,O14757,12.157
SID-26681509,2,P11802,12.133
SID-26681509,3,O00329,12.079
SID-26681509,4,O14757-3,12.052
SID-26681509,5,Q00534,12.047
SID-26681509,6,Q9UBF8-2,12.037
SID-26681509,7,P48736,12.026
SID-26681509,8,Q9UBF8,12.022
SID-26681509,9,Q8N5S9,12.001
SID-26681509,10,P42336,11.99
SKF-81297,1,Q9HAZ1,12.68
SKF-81297,2,P08922,12.636
SKF-81297,3,P48736,12.406
SKF-81297,4,Q9H0K1,12.367
SKF-81297,5,Q12866,12.331
SKF-81297,6,P29376-4,12.218
SKF-81297,7,Q16584-2,12.214
SKF-81297,8,P30530,12.185
SKF-81297,9,Q5S007,12.177
SKF-81297,10,P29376,12.174
SQ-22536,1,P08922,12.636
SQ-22536,2,Q56UN5,12.504
SQ-22536,3,O60673,12.347
SQ-22536,4,O75417-2,12.262
SQ-22536,5,P48730-2,12.243
SQ-22536,6,P48730,12.223
SQ-22536,7,O60673-2,12.195
SQ-22536,8,Q56UN5-3,12.177
SQ-22536,9,Q86TB3,12.152
SQ-22536,10,Q9Y6R4,12.131
SR-27897,1,O00311,12.331
SR-27897,2,P48736,12.238
SR-27897,3,P68400,12.177
SR-27897,4,Q8NEV1,12.165
SR-27897,5,O00329,12.163
SR-27897,6,Q8IW41-2,12.137
SR-27897,7,Q8IW41,12.136
SR-27897,8,Q86V86,12.082
SR-27897,9,P51817,12.075
SR-27897,10,P07949,12.067
SR-57227A,1,P48736,13.206
SR-57227A,2,Q9HAZ1,13.151
SR-57227A,3,Q9Y6R4,12.698
SR-57227A,4,Q9Y6R4-2,12.698
SR-57227A,5,P49759,12.694
SR-57227A,6,P49759-3,12.67
SR-57227A,7,Q9H0K1,12.659
SR-57227A,8,P48729,12.63
SR-57227A,9,Q56UN5,12.59
SR-57227A,10,O60673,12.588
SR-59230A,1,P48736,12.572
SR-59230A,2,P30530,12.358
SR-59230A,3,P30530-2,12.346
SR-59230A,4,P42338,12.171
SR-59230A,5,P78527,12.146
SR-59230A,6,P78527-2,12.146
SR-59230A,7,Q13315,12.133
SR-59230A,8,O00329,12.116
SR-59230A,9,O14757,12.06
SR-59230A,10,P53667-4,12.041
ST-638,1,P30291,12.625
ST-638,2,O00311,12.534
ST-638,3,P11309-2,12.386
ST-638,4,P08922,12.335
ST-638,5,P78527,12.331
ST-638,6,P78527-2,12.331
ST-638,7,P11309,12.298
ST-638,8,O14757,12.285
ST-638,9,Q86V86,12.284
ST-638,10,Q9UEE5,12.26
STO-609,1,P68400,13.635
STO-609,2,Q8NEV1,13.609
STO-609,3,P19784,13.443
STO-609,4,O00311,13.032
STO-609,5,O00329,12.854
STO-609,6,Q86V86,12.735
STO-609,7,P68400-2,12.644
STO-609,8,P42338,12.338
STO-609,9,P42336,12.331
STO-609,10,Q9P1W9,12.304
SU-11274,1,P17948,14.076
SU-11274,2,P07949,13.941
SU-11274,3,P07949-2,13.941
SU-11274,4,P30530,13.869
SU-11274,5,Q9UM73,13.863
SU-11274,6,P30530-2,13.859
SU-11274,7,Q16288,13.8
SU-11274,8,Q16288-4,13.783
SU-11274,9,Q16288-3,13.738
SU-11274,10,Q16288-5,13.722
SU-11652,1,P07949,14.734
SU-11652,2,P07949-2,14.734
SU-11652,3,P09619,14.305
SU-11652,4,P30530,14.288
SU-11652,5,P07333,14.272
SU-11652,6,P30530-2,14.246
SU-11652,7,P36888,13.903
SU-11652,8,P35968,13.892
SU-11652,9,Q02750-2,13.882
SU-11652,10,P35916,13.815
SU-1498,1,O00329,12.384
SU-1498,2,Q14680,12.278
SU-1498,3,Q14680-7,12.277
SU-1498,4,O75676,12.244
SU-1498,5,O75676-2,12.235
SU-1498,6,Q14680-6,12.228
SU-1498,7,Q96GD4-4,12.13
SU-1498,8,Q9Y4K4,12.122
SU-1498,9,Q14680-5,12.113
SU-1498,10,Q96GD4-5,12.098
SU-4312,1,Q96GD4,12.583
SU-4312,2,Q96GD4-5,12.582
SU-4312,3,Q96GD4-4,12.575
SU-4312,4,Q9UQB9,12.547
SU-4312,5,Q9UQB9-3,12.518
SU-4312,6,Q9UQB9-2,12.512
SU-4312,7,O96017,12.495
SU-4312,8,O14757,12.459
SU-4312,9,O96017-9,12.448
SU-4312,10,Q8IWQ3-3,12.446
T-0156,1,Q02763,12.68
T-0156,2,P42685,12.677
T-0156,3,O00329,12.616
T-0156,4,Q9UBF8,12.542
T-0156,5,Q9UBF8-2,12.524
T-0156,6,Q8IVH8-3,12.471
T-0156,7,Q8IVH8-2,12.463
T-0156,8,Q8IVH8,12.456
T-0156,9,Q02763-3,12.422
T-0156,10,P35590,12.41
T-0901317,1,P48736,12.251
T-0901317,2,P00519,12.248
T-0901317,3,Q8IW41-2,12.215
T-0901317,4,Q8IW41,12.213
T-0901317,5,P00519-2,12.208
T-0901317,6,P09769,12.202
T-0901317,7,P42684-10,12.18
T-0901317,8,P42684-4,12.159
T-0901317,9,Q06418,12.153
T-0901317,10,P07949,12.137
T-98475,1,O00329,13.171
T-98475,2,P42336,12.811
T-98475,3,P17948,12.757
T-98475,4,Q9Y4K4,12.729
T-98475,5,Q92918,12.653
T-98475,6,Q92918-2,12.646
T-98475,7,Q8IVH8-2,12.613
T-98475,8,Q8IVH8,12.545
T-98475,9,Q8IVH8-3,12.53
T-98475,10,P42345,12.528
TAK-715,1,Q16539,14.434
TAK-715,2,Q16539-2,14.39
TAK-715,3,Q16539-4,13.852
TAK-715,4,Q16539-3,13.85
TAK-715,5,Q16539-5,13.754
TAK-715,6,P48730-2,13.58
TAK-715,7,O95819-6,13.575
TAK-715,8,P48730,13.551
TAK-715,9,O95819,13.536
TAK-715,10,O95819-2,13.535
TCB2,1,P11309-2,12.387
TCB2,2,P08922,12.249
TCB2,3,P48736,12.222
TCB2,4,P11309,12.189
TCB2,5,Q14680-5,12.054
TCB2,6,Q14680-6,12.027
TCB2,7,Q96RG2,11.994
TCB2,8,Q96RG2-2,11.994
TCB2,9,Q96RG2-4,11.994
TCB2,10,O00311,11.981
TG-101348,1,P42685,14.427
TG-101348,2,Q9UQB9-2,14.355
TG-101348,3,Q9UQB9,14.304
TG-101348,4,O14965,14.278
TG-101348,5,P07947,14.231
TG-101348,6,Q9UQB9-3,14.178
TG-101348,7,Q96GD4-4,14.113
TG-101348,8,Q96GD4-5,14.1
TG-101348,9,Q96GD4,14.07
TG-101348,10,P06239-3,14.004
TGX-221,1,P08922,12.64
TGX-221,2,P42685,12.585
TGX-221,3,O00311,12.262
TGX-221,4,Q13882,12.244
TGX-221,5,Q07912-2,12.145
TGX-221,6,P42685-2,12.131
TGX-221,7,P09769,12.061
TGX-221,8,P12931,12.034
TGX-221,9,P12931-3,12.024
TGX-221,10,P12931-2,12.02
TW-37,1,O00329,12.349
TW-37,2,Q96GD4,12.019
TW-37,3,Q96GD4-5,12.012
TW-37,4,Q96GD4-4,12.006
TW-37,5,Q13315,11.993
TW-37,6,P35968,11.946
TW-37,7,Q9UQB9-3,11.924
TW-37,8,Q9UQB9,11.894
TW-37,9,Q9UQB9-2,11.864
TW-37,10,P08922,11.815
U-0126,1,P53667,12.808
U-0126,2,P53667-4,12.771
U-0126,3,P53667-2,12.751
U-0126,4,Q96Q15-2,12.679
U-0126,5,Q96Q15-3,12.602
U-0126,6,Q5S007,12.601
U-0126,7,Q96Q15,12.511
U-0126,8,P33076,12.478
U-0126,9,Q13315,12.465
U-0126,10,P33076-4,12.464
U-18666A,1,P36888-2,12.495
U-18666A,2,P36888,12.487
U-18666A,3,P08922,12.084
U-18666A,4,Q12866,12.032
U-18666A,5,P07949,12.028
U-18666A,6,P07949-2,12.028
U-18666A,7,P35968,11.999
U-18666A,8,P10721,11.995
U-18666A,9,P10721-2,11.995
U-18666A,10,P07333,11.969
U-46619,1,O00329,12.333
U-46619,2,P42336,11.896
U-46619,3,P08922,11.828
U-46619,4,P10721,11.686
U-46619,5,P10721-2,11.684
U-46619,6,P16591,11.677
U-46619,7,Q86V86,11.666
U-46619,8,Q16288-4,11.658
U-46619,9,Q16288,11.653
U-46619,10,P16591-2,11.652
U-74389F,1,P29376,12.934
U-74389F,2,P08922,12.732
U-74389F,3,P29376-4,12.577
U-74389F,4,P53667,12.491
U-74389F,5,Q5S007,12.43
U-74389F,6,P53667-2,12.417
U-74389F,7,P29376-5,12.413
U-74389F,8,Q8N5S9,12.404
U-74389F,9,P53667-4,12.393
U-74389F,10,P35916,12.383
UCL-2077,1,Q13976-2,12.379
UCL-2077,2,Q9HAZ1,12.303
UCL-2077,3,P48736,12.269
UCL-2077,4,Q13976,12.142
UCL-2077,5,P11309-2,12.101
UCL-2077,6,Q13976-3,12.051
UCL-2077,7,P31749,11.953
UCL-2077,8,P11309,11.936
UCL-2077,9,P11802,11.921
UCL-2077,10,Q86V86,11.889
VER-155008,1,Q16539,14.377
VER-155008,2,Q16539-2,14.237
VER-155008,3,Q16539-4,13.508
VER-155008,4,Q16539-3,13.469
VER-155008,5,Q16539-5,13.367
VER-155008,6,P07333,12.804
VER-155008,7,P17948,12.532
VER-155008,8,Q15759,12.528
VER-155008,9,P07949,12.433
VER-155008,10,P07949-2,12.433
VX-702,1,P36888,12.642
VX-702,2,Q96GD4-4,12.624
VX-702,3,Q96GD4,12.6
VX-702,4,O14965,12.595
VX-702,5,Q96GD4-5,12.58
VX-702,6,Q9UQB9-3,12.435
VX-702,7,P36888-2,12.418
VX-702,8,Q5S007,12.416
VX-702,9,Q9UQB9-2,12.415
VX-702,10,O00329,12.407
WAY-170523,1,P30530,13.059
WAY-170523,2,P30530-2,13.03
WAY-170523,3,P48736,12.395
WAY-170523,4,P09769,12.273
WAY-170523,5,Q02763-3,12.272
WAY-170523,6,Q08881,12.262
WAY-170523,7,P36888-2,12.252
WAY-170523,8,P36888,12.246
WAY-170523,9,Q14680-7,12.219
WAY-170523,10,P12931,12.214
WYE-354,1,P42345,13.321
WYE-354,2,Q13315,12.298
WYE-354,3,Q96Q15-2,12.233
WYE-354,4,Q96Q15,12.155
WYE-354,5,O00329,12.065
WYE-354,6,Q96QP1,11.955
WYE-354,7,Q16760,11.954
WYE-354,8,Q96Q15-3,11.953
WYE-354,9,P78527,11.952
WYE-354,10,P78527-2,11.952
WZ-3146,1,P35916,14.064
WZ-3146,2,P35916-1,14.064
WZ-3146,3,Q96GD4-4,13.857
WZ-3146,4,P07949,13.851
WZ-3146,5,P07949-2,13.851
WZ-3146,6,Q9UQB9-2,13.843
WZ-3146,7,Q9UQB9,13.826
WZ-3146,8,Q96GD4,13.821
WZ-3146,9,Q96GD4-5,13.818
WZ-3146,10,P36888,13.811
WZ-4002,1,P06239,14.256
WZ-4002,2,P35916,14.244
WZ-4002,3,P35916-1,14.244
WZ-4002,4,P06239-3,14.198
WZ-4002,5,P35968,13.973
WZ-4002,6,P42685,13.941
WZ-4002,7,P07949,13.853
WZ-4002,8,P07949-2,13.853
WZ-4002,9,P07947,13.819
WZ-4002,10,P07948,13.663
XAV-939,1,P08922,12.232
XAV-939,2,Q14680-5,12.196
XAV-939,3,Q14680-6,12.183
XAV-939,4,Q14680-4,12.178
XAV-939,5,Q8IW41,12.148
XAV-939,6,Q8IW41-2,12.144
XAV-939,7,O00311,12.135
XAV-939,8,P10721,12.131
XAV-939,9,P10721-2,12.126
XAV-939,10,Q14680,12.122
Y-26763,1,O00329,12.836
Y-26763,2,P08922,12.808
Y-26763,3,P42336,12.491
Y-26763,4,Q8NEV1,12.337
Y-26763,5,P68400,12.315
Y-26763,6,O43293,12.258
Y-26763,7,Q9UM73,12.105
Y-26763,8,Q9UIK4-2,12.104
Y-26763,9,O00311,12.066
Y-26763,10,P29376-3,12.036
Y-27152,1,O00329,12.55
Y-27152,2,P08922,12.485
Y-27152,3,Q96GD4-4,12.279
Y-27152,4,Q96GD4-5,12.265
Y-27152,5,Q96GD4,12.261
Y-27152,6,Q9UM73,12.247
Y-27152,7,P17948-3,12.228
Y-27152,8,Q14680-7,12.225
Y-27152,9,P17948,12.211
Y-27152,10,Q14680,12.205
YC-1,1,Q96GD4-2,12.387
YC-1,2,Q9UQB9-3,12.368
YC-1,3,Q9UQB9-2,12.347
YC-1,4,Q96GD4-4,12.341
YC-1,5,Q9UQB9,12.328
YC-1,6,Q96GD4,12.268
YC-1,7,Q96GD4-5,12.263
YC-1,8,P48736,12.053
YC-1,9,O96017,11.96
YC-1,10,Q9H477,11.877
YM-155,1,Q9UBF8,12.412
YM-155,2,Q9UBF8-2,12.406
YM-155,3,O00329,12.351
YM-155,4,P42345,12.351
YM-155,5,P78527,12.281
YM-155,6,P78527-2,12.281
YM-155,7,O00311,12.277
YM-155,8,Q16513-4,12.257
YM-155,9,O75116,12.203
YM-155,10,Q16513,12.201
YM-298198,1,O00329,12.532
YM-298198,2,O00311,12.299
YM-298198,3,P42336,12.259
YM-298198,4,Q9HAZ1,12.231
YM-298198,5,P48736,12.186
YM-298198,6,P48730-2,12.167
YM-298198,7,P78527,12.124
YM-298198,8,P78527-2,12.124
YM-298198,9,Q8IW41,12.12
YM-298198,10,Q8IW41-2,12.116
ZD-7155,1,P42685,12.772
ZD-7155,2,O00329,12.593
ZD-7155,3,Q9UBE8,12.542
ZD-7155,4,P49336,12.455
ZD-7155,5,P49336-2,12.454
ZD-7155,6,P42338,12.397
ZD-7155,7,O14965,12.356
ZD-7155,8,Q14680-5,12.347
ZD-7155,9,Q9UQB9-2,12.334
ZD-7155,10,Q9UQB9,12.326
ZK-164015,1,O00329,13.155
ZK-164015,2,Q13315,13.093
ZK-164015,3,Q96Q15-3,12.879
ZK-164015,4,Q96Q15-2,12.857
ZK-164015,5,P42356,12.851
ZK-164015,6,P78527,12.813
ZK-164015,7,P78527-2,12.813
ZK-164015,8,Q38SD2,12.795
ZK-164015,9,Q96Q15,12.78
ZK-164015,10,Q9Y6R4,12.758
ZK-756326,1,Q96GD4-4,12.86
ZK-756326,2,Q96GD4,12.839
ZK-756326,3,Q96GD4-5,12.817
ZK-756326,4,Q9UQB9-2,12.817
ZK-756326,5,Q9UQB9,12.732
ZK-756326,6,Q9UQB9-3,12.703
ZK-756326,7,Q96GD4-2,12.443
ZK-756326,8,P07949,12.44
ZK-756326,9,P07949-2,12.44
ZK-756326,10,P51451,12.402
ZK-93426,1,O00329,12.469
ZK-93426,2,P08922,12.345
ZK-93426,3,Q5S007,12.302
ZK-93426,4,P78527,12.277
ZK-93426,5,P78527-2,12.277
ZK-93426,6,P48736,12.122
ZK-93426,7,Q04771,12.103
ZK-93426,8,P30530,12.073
ZK-93426,9,Q9HAZ1,12.073
ZK-93426,10,P16591,12.053
ZM-241385,1,Q9Y6R4,12.467
ZM-241385,2,Q9Y6R4-2,12.467
ZM-241385,3,P78527,12.388
ZM-241385,4,P78527-2,12.388
ZM-241385,5,P42356,12.317
ZM-241385,6,P53779,12.315
ZM-241385,7,Q96Q15-4,12.308
ZM-241385,8,P11274,12.283
ZM-241385,9,Q96Q15-3,12.281
ZM-241385,10,Q13535,12.249
ZM-306416,1,P00533,15.186
ZM-306416,2,P21860,13.735
ZM-306416,3,P00533-4,13.576
ZM-306416,4,P21860-4,13.537
ZM-306416,5,P00533-3,13.444
ZM-306416,6,Q15303-2,13.174
ZM-306416,7,Q15303-4,13.174
ZM-306416,8,Q15303,13.047
ZM-306416,9,Q15303-3,13.047
ZM-306416,10,P04626-4,12.964
ZM-323881,1,Q9HAZ1,12.881
ZM-323881,2,P00533,12.852
ZM-323881,3,P42685,12.824
ZM-323881,4,O00329,12.734
ZM-323881,5,P08922,12.648
ZM-323881,6,P21860,12.619
ZM-323881,7,P21860-4,12.607
ZM-323881,8,P09769,12.578
ZM-323881,9,P48736,12.53
ZM-323881,10,P42684-10,12.505
ZM-39923,1,P51817,12.352
ZM-39923,2,O43930,12.227
ZM-39923,3,P49336,12.202
ZM-39923,4,P49336-2,12.201
ZM-39923,5,P48736,12.178
ZM-39923,6,Q8IW41,12.174
ZM-39923,7,Q8IW41-2,12.169
ZM-39923,8,O00311,12.108
ZM-39923,9,O00329,12.101
ZM-39923,10,Q14680-5,12.067
ZM-447439,1,P21860,13.864
ZM-447439,2,P21860-4,13.814
ZM-447439,3,P00533,13.734
ZM-447439,4,Q15303-2,13.705
ZM-447439,5,Q15303-4,13.705
ZM-447439,6,Q9UQB9-2,13.63
ZM-447439,7,Q15303,13.623
ZM-447439,8,Q15303-3,13.623
ZM-447439,9,Q9UQB9,13.6
ZM-447439,10,Q96GD4-4,13.6
ZSTK-474,1,P78527,12.919
ZSTK-474,2,P78527-2,12.919
ZSTK-474,3,Q13535-2,12.835
ZSTK-474,4,Q13315,12.822
ZSTK-474,5,Q56UN5,12.822
ZSTK-474,6,Q13535,12.81
ZSTK-474,7,Q13535-3,12.81
ZSTK-474,8,P42356,12.74
ZSTK-474,9,Q96Q15-3,12.726
ZSTK-474,10,Q5S007,12.65
acebutolol,1,P78527,11.901
acebutolol,2,P78527-2,11.901
acebutolol,3,P48736,11.827
acebutolol,4,Q13535-2,11.793
acebutolol,5,Q13535,11.777
acebutolol,6,Q13535-3,11.777
acebutolol,7,Q96Q15-3,11.759
acebutolol,8,P42356,11.758
acebutolol,9,Q13315,11.75
acebutolol,10,O75116,11.725
acepromazine,1,P48736,13.064
acepromazine,2,Q9HAZ1,12.495
acepromazine,3,O14757,12.458
acepromazine,4,P42336,12.421
acepromazine,5,O00329,12.409
acepromazine,6,O14757-2,12.376
acepromazine,7,P53667-4,12.36
acepromazine,8,O14746-4,12.326
acepromazine,9,Q8TDR2,12.282
acepromazine,10,P53667-2,12.261
acyclovir,1,Q13535-2,12.486
acyclovir,2,Q13535,12.459
acyclovir,3,Q13535-3,12.459
acyclovir,4,O00311,12.368
acyclovir,5,Q9Y6R4,12.253
acyclovir,6,Q9Y6R4-2,12.253
acyclovir,7,P42356,12.244
acyclovir,8,Q96Q15-3,12.241
acyclovir,9,Q56UN5,12.239
acyclovir,10,P48730,12.233
afatinib,1,P00533,13.98
afatinib,2,P21860,13.536
afatinib,3,Q15303-2,13.48
afatinib,4,Q15303-4,13.48
afatinib,5,P21860-4,13.43
afatinib,6,P04626-4,13.414
afatinib,7,Q15303,13.359
afatinib,8,Q15303-3,13.359
afatinib,9,P04626,13.352
afatinib,10,P04626-5,13.306
albendazole,1,O00311,12.275
albendazole,2,Q9HAZ1,12.204
albendazole,3,O00329,12.044
albendazole,4,P48736,12.039
albendazole,5,Q13627,11.997
albendazole,6,Q13627-2,11.974
albendazole,7,Q13535-2,11.958
albendazole,8,Q56UN5-3,11.949
albendazole,9,Q13535,11.933
albendazole,10,Q13535-3,11.933
alclometasone,1,O00329,12.362
alclometasone,2,P42336,11.937
alclometasone,3,O43293,11.822
alclometasone,4,P17948,11.732
alclometasone,5,Q96RG2,11.692
alclometasone,6,Q96RG2-2,11.692
alclometasone,7,Q96RG2-4,11.692
alclometasone,8,P10721-2,11.611
alclometasone,9,P10721,11.61
alclometasone,10,P36888,11.61
alfacalcidol,1,O00329,13.244
alfacalcidol,2,P07949,12.482
alfacalcidol,3,P07949-2,12.482
alfacalcidol,4,P36888,12.465
alfacalcidol,5,P42336,12.397
alfacalcidol,6,O43293,12.342
alfacalcidol,7,P17948,12.333
alfacalcidol,8,P36888-2,12.297
alfacalcidol,9,P35968,12.189
alfacalcidol,10,Q16288,12.099
alfuzosin,1,O00329,12.881
alfuzosin,2,P35916,12.771
alfuzosin,3,P35916-1,12.771
alfuzosin,4,Q5S007,12.734
alfuzosin,5,P30530,12.648
alfuzosin,6,P30530-2,12.647
alfuzosin,7,P09619,12.642
alfuzosin,8,P08922,12.615
alfuzosin,9,Q9H0K1,12.574
alfuzosin,10,Q56UN5,12.545
alimemazine,1,P48736,13.011
alimemazine,2,O14757,12.865
alimemazine,3,O00329,12.691
alimemazine,4,O14757-2,12.604
alimemazine,5,P30530,12.597
alimemazine,6,P30530-2,12.573
alimemazine,7,Q9NRA0-5,12.542
alimemazine,8,P42336,12.54
alimemazine,9,Q8IWQ3-6,12.513
alimemazine,10,P42338,12.485
alisertib,1,O14965,15.246
alisertib,2,Q9UQB9-2,14.485
alisertib,3,Q9UQB9,14.365
alisertib,4,Q96GD4-4,14.301
alisertib,5,Q96GD4-5,14.267
alisertib,6,Q96GD4,14.251
alisertib,7,Q9UQB9-3,14.213
alisertib,8,P51451,13.524
alisertib,9,P30530,13.483
alisertib,10,P30530-2,13.469
aliskiren,1,O00329,12.652
aliskiren,2,O75116,12.512
aliskiren,3,Q13464,12.12
aliskiren,4,P42336,12.073
aliskiren,5,Q9HAZ1,12.053
aliskiren,6,P78527,11.969
aliskiren,7,P78527-2,11.969
aliskiren,8,P08922,11.96
aliskiren,9,P17948,11.943
aliskiren,10,O60566,11.922
aloisine,1,Q04771,12.974
aloisine,2,O15530-2,12.843
aloisine,3,O15530,12.831
aloisine,4,O15530-3,12.801
aloisine,5,Q8NER5-3,12.787
aloisine,6,P37023,12.744
aloisine,7,O96017,12.717
aloisine,8,O15530-4,12.717
aloisine,9,Q8NER5,12.709
aloisine,10,P36896,12.681
alpha-estradiol,1,P08922,12.094
alpha-estradiol,2,O00329,11.968
alpha-estradiol,3,P29376-5,11.907
alpha-estradiol,4,P29376-3,11.902
alpha-estradiol,5,P48736,11.893
alpha-estradiol,6,Q6ZMQ8,11.888
alpha-estradiol,7,P29376-4,11.859
alpha-estradiol,8,Q14680-6,11.849
alpha-estradiol,9,Q14680-5,11.825
alpha-estradiol,10,P29376,11.817
altanserin,1,O75676,12.473
altanserin,2,O75676-2,12.47
altanserin,3,Q9Y6R4,12.335
altanserin,4,Q9Y6R4-2,12.335
altanserin,5,P08922,12.319
altanserin,6,Q13315,12.296
altanserin,7,Q8N0W3,12.285
altanserin,8,Q5S007,12.233
altanserin,9,Q96Q15-3,12.206
altanserin,10,Q56UN5,12.199
altrenogest,1,Q9UEE5,12.541
altrenogest,2,P78527,12.308
altrenogest,3,P78527-2,12.308
altrenogest,4,Q86TB3,12.296
altrenogest,5,Q9H0K1,12.283
altrenogest,6,Q56UN5,12.27
altrenogest,7,Q6ZMQ8,12.267
altrenogest,8,Q9Y6R4,12.26
altrenogest,9,Q9Y6R4-2,12.26
altrenogest,10,O94768,12.247
amantadine,1,Q9Y6R4,11.72
amantadine,2,Q9Y6R4-2,11.72
amantadine,3,P48736,11.555
amantadine,4,Q56UN5,11.527
amantadine,5,O60673,11.47
amantadine,6,P08922,11.463
amantadine,7,Q14680-5,11.433
amantadine,8,P16591,11.424
amantadine,9,O43293,11.412
amantadine,10,P16591-2,11.407
amcinonide,1,O00329,12.541
amcinonide,2,Q9UEE5,11.906
amcinonide,3,P07949,11.893
amcinonide,4,P07949-2,11.893
amcinonide,5,P42336,11.884
amcinonide,6,O43293,11.87
amcinonide,7,Q96L96,11.829
amcinonide,8,P80192-4,11.805
amcinonide,9,Q15772,11.802
amcinonide,10,Q15772-1,11.802
amiloride,1,O00329,12.628
amiloride,2,P08922,12.597
amiloride,3,P17948,12.264
amiloride,4,P42336,12.231
amiloride,5,P48736,12.224
amiloride,6,Q9HAZ1,12.181
amiloride,7,O00311,12.162
amiloride,8,P78527,12.06
amiloride,9,P78527-2,12.06
amiloride,10,Q9H0K1,12.032
aminopurvalanol-a,1,P08922,13.4
aminopurvalanol-a,2,P24941,13.132
aminopurvalanol-a,3,Q00535-2,13.116
aminopurvalanol-a,4,P06493-2,13.072
aminopurvalanol-a,5,Q9HAZ1,13.071
aminopurvalanol-a,6,Q00526,13.01
aminopurvalanol-a,7,P24941-2,12.99
aminopurvalanol-a,8,Q00535,12.946
aminopurvalanol-a,9,P50613,12.939
aminopurvalanol-a,10,O94921-2,12.937
amiodarone,1,P11309-2,12.815
amiodarone,2,Q86V86,12.778
amiodarone,3,P11309,12.58
amiodarone,4,P07949,12.366
amiodarone,5,P07949-2,12.366
amiodarone,6,P49841,12.209
amiodarone,7,Q9P1W9,12.205
amiodarone,8,P49841-2,12.18
amiodarone,9,P49840,12.094
amiodarone,10,P08922,12.077
amitriptyline,1,Q96GD4-4,12.318
amitriptyline,2,Q96GD4,12.287
amitriptyline,3,P48736,12.28
amitriptyline,4,Q96GD4-5,12.27
amitriptyline,5,Q9UQB9,12.269
amitriptyline,6,Q9UQB9-2,12.269
amitriptyline,7,Q9UQB9-3,12.223
amitriptyline,8,P36888,12.203
amitriptyline,9,P30530,12.152
amitriptyline,10,P30530-2,12.126
amlodipine,1,P17948,12.381
amlodipine,2,P00519,12.356
amlodipine,3,P00519-2,12.318
amlodipine,4,O00329,12.218
amlodipine,5,P08922,12.188
amlodipine,6,P51817,12.157
amlodipine,7,P42684-4,12.14
amlodipine,8,Q16288-4,12.139
amlodipine,9,Q16288,12.138
amlodipine,10,P42684-10,12.135
amonafide,1,P48736,12.25
amonafide,2,P42338,12.026
amonafide,3,O75460-2,11.861
amonafide,4,O43781,11.853
amonafide,5,P49336,11.851
amonafide,6,P49336-2,11.848
amonafide,7,Q96Q11-3,11.829
amonafide,8,O43781-2,11.805
amonafide,9,P54760,11.792
amonafide,10,Q9BRR6-6,11.78
amoxapine,1,P08922,12.201
amoxapine,2,P48736,12.161
amoxapine,3,P30291,12.137
amoxapine,4,P78527,12.061
amoxapine,5,P78527-2,12.061
amoxapine,6,Q9Y6R4,11.974
amoxapine,7,Q9Y6R4-2,11.974
amoxapine,8,Q13535-2,11.969
amoxapine,9,Q13535,11.952
amoxapine,10,Q13535-3,11.952
amperozide,1,P51817,12.499
amperozide,2,P17948,12.254
amperozide,3,Q08881,12.243
amperozide,4,O43930,12.172
amperozide,5,P10721,12.138
amperozide,6,P00519,12.136
amperozide,7,P10721-2,12.132
amperozide,8,O00329,12.129
amperozide,9,P29376,12.083
amperozide,10,Q13237,12.082
anabasine,1,Q9HAZ1,12.399
anabasine,2,O75116,12.379
anabasine,3,P08922,12.172
anabasine,4,P48736,12.114
anabasine,5,O00329,12.04
anabasine,6,Q13237-2,11.995
anabasine,7,O00311,11.979
anabasine,8,Q9Y6R4,11.947
anabasine,9,Q9Y6R4-2,11.947
anabasine,10,Q13237,11.933
anagrelide,1,P08922,12.061
anagrelide,2,Q9HAZ1,12.019
anagrelide,3,O00329,11.952
anagrelide,4,Q13237-2,11.776
anagrelide,5,Q13237,11.765
anagrelide,6,P49841-2,11.733
anagrelide,7,Q14680-5,11.726
anagrelide,8,P49841,11.705
anagrelide,9,Q00535-2,11.68
anagrelide,10,P17948,11.673
anandamide,1,O00329,12.069
anandamide,2,Q13237-2,12.026
anandamide,3,O75676,12.022
anandamide,4,Q13237,12.022
anandamide,5,O75676-2,12.002
anandamide,6,O00311,11.99
anandamide,7,P42679-3,11.982
anandamide,8,O43930,11.938
anandamide,9,P42679,11.937
anandamide,10,P51817,11.937
anastrozole,1,P08922,13.084
anastrozole,2,P48736,12.712
anastrozole,3,P78527,12.577
anastrozole,4,P78527-2,12.577
anastrozole,5,Q9Y6R4,12.515
anastrozole,6,Q9Y6R4-2,12.515
anastrozole,7,P30291,12.511
anastrozole,8,O00329,12.475
anastrozole,9,Q13315,12.433
anastrozole,10,Q9HAZ1,12.401
androstenedione,1,P08922,12.11
androstenedione,2,Q9UEE5,12.042
androstenedione,3,O14757,11.881
androstenedione,4,O94768,11.839
androstenedione,5,Q8IWQ3-6,11.786
androstenedione,6,Q56UN5,11.77
androstenedione,7,P0C263,11.744
androstenedione,8,Q5T9C9,11.692
androstenedione,9,P36888-2,11.669
androstenedione,10,O14757-3,11.634
androstenol,1,Q9UEE5,12.67
androstenol,2,O43293,12.669
androstenol,3,P36888-2,12.665
androstenol,4,Q9UIK4-2,12.656
androstenol,5,P36888,12.561
androstenol,6,P35968,12.545
androstenol,7,P35916,12.52
androstenol,8,P35916-1,12.52
androstenol,9,Q96RR4,12.419
androstenol,10,O94768,12.406
antimycin-a,1,O00329,12.696
antimycin-a,2,P49841,12.442
antimycin-a,3,P49841-2,12.422
antimycin-a,4,P78527,12.172
antimycin-a,5,P78527-2,12.172
antimycin-a,6,Q13315,12.16
antimycin-a,7,P49840,12.124
antimycin-a,8,Q96Q15-2,12.108
antimycin-a,9,Q96Q15-3,12.092
antimycin-a,10,Q5S007,11.968
apafant,1,O14757,12.928
apafant,2,O00329,12.871
apafant,3,Q9UBE8,12.719
apafant,4,O14965,12.674
apafant,5,O14757-3,12.673
apafant,6,Q96RR4-3,12.644
apafant,7,Q96RR4-2,12.631
apafant,8,Q8N5S9,12.604
apafant,9,Q96RR4-7,12.596
apafant,10,Q16539,12.577
aprepitant,1,Q16288-5,13.946
aprepitant,2,Q16288-4,13.922
aprepitant,3,Q16288-3,13.915
aprepitant,4,Q16288,13.896
aprepitant,5,Q16620-4,13.824
aprepitant,6,Q16620,13.816
aprepitant,7,P04629,13.546
aprepitant,8,P04629-3,13.528
aprepitant,9,P04629-2,13.522
aprepitant,10,Q16620-6,13.484
arctigenin,1,O00329,13.097
arctigenin,2,P08922,12.742
arctigenin,3,P42338,12.507
arctigenin,4,P51617,12.461
arctigenin,5,Q9HAZ1,12.428
arctigenin,6,P42336,12.404
arctigenin,7,Q56UN5,12.379
arctigenin,8,O14757,12.373
arctigenin,9,P51617-2,12.359
arctigenin,10,Q9Y6R4,12.338
aripiprazole,1,P30291,12.764
aripiprazole,2,O75676,12.427
aripiprazole,3,O75676-2,12.422
aripiprazole,4,O00311,12.343
aripiprazole,5,P08922,12.183
aripiprazole,6,Q14680-5,12.159
aripiprazole,7,Q9P1W9,12.157
aripiprazole,8,P07949,12.147
aripiprazole,9,P07949-2,12.147
aripiprazole,10,Q13237,12.145
artesunate,1,O00329,12.479
artesunate,2,P17948,12.129
artesunate,3,Q16288-4,12.127
artesunate,4,Q16288,12.122
artesunate,5,P12931,12.105
artesunate,6,P09769,12.079
artesunate,7,Q16288-5,12.047
artesunate,8,P12931-2,12.043
artesunate,9,Q16288-3,12.041
artesunate,10,P06241-2,12.036
asiatic-acid,1,O00329,12.997
asiatic-acid,2,P42336,12.129
asiatic-acid,3,Q8N0W3,11.865
asiatic-acid,4,Q9UM73,11.716
asiatic-acid,5,P42345,11.708
asiatic-acid,6,P29376,11.682
asiatic-acid,7,Q8N0W3-2,11.622
asiatic-acid,8,O75962-4,11.603
asiatic-acid,9,Q96Q15-2,11.585
asiatic-acid,10,P54098,11.565
ataluren,1,O00311,13.166
ataluren,2,O00329,12.637
ataluren,3,P49841-2,12.511
ataluren,4,O43293,12.441
ataluren,5,P49841,12.441
ataluren,6,Q8NEV1,12.36
ataluren,7,P68400,12.342
ataluren,8,Q9UBF8,12.297
ataluren,9,Q86V86,12.285
ataluren,10,Q9UBF8-2,12.284
atorvastatin,1,P30530-2,13.813
atorvastatin,2,P30530,13.812
atorvastatin,3,Q9Y4K4,13.744
atorvastatin,4,P35968,13.573
atorvastatin,5,P42685-2,13.568
atorvastatin,6,Q9UBE8,13.384
atorvastatin,7,P07333,13.375
atorvastatin,8,P29376-4,13.343
atorvastatin,9,Q8IVH8-3,13.332
atorvastatin,10,Q8IVH8-2,13.309
atracurium,1,O00329,12.329
atracurium,2,P08922,12.009
atracurium,3,P78527,11.941
atracurium,4,P78527-2,11.941
atracurium,5,P10721,11.929
atracurium,6,P10721-2,11.928
atracurium,7,Q9HAZ1,11.925
atracurium,8,P07949,11.89
atracurium,9,P07949-2,11.89
atracurium,10,O14757,11.876
auranofin,1,O00329,12.531
auranofin,2,Q13315,12.112
auranofin,3,Q00535-2,12.065
auranofin,4,P78527,11.986
auranofin,5,P78527-2,11.986
auranofin,6,Q96Q15-3,11.983
auranofin,7,P42345,11.949
auranofin,8,Q96Q15-2,11.944
auranofin,9,P08922,11.848
auranofin,10,P42336,11.803
auraptene,1,P11309-2,12.153
auraptene,2,P08922,11.997
auraptene,3,P11309,11.968
auraptene,4,Q13237-2,11.938
auraptene,5,Q16288-4,11.937
auraptene,6,P17948,11.936
auraptene,7,Q86V86,11.932
auraptene,8,Q16288,11.931
auraptene,9,Q13237,11.93
auraptene,10,Q16288-5,11.918
azacitidine,1,P08922,11.765
azacitidine,2,P17948,11.76
azacitidine,3,P49841-2,11.585
azacitidine,4,P49841,11.549
azacitidine,5,Q16288-2,11.53
azacitidine,6,Q16288-4,11.478
azacitidine,7,Q16288,11.473
azacitidine,8,O00329,11.463
azacitidine,9,P17948-3,11.452
azacitidine,10,Q56UN5,11.427
azacyclonol,1,P48736,12.27
azacyclonol,2,P08922,12.037
azacyclonol,3,Q9UJ70-2,12.018
azacyclonol,4,P11309-2,12.008
azacyclonol,5,Q9BVL4,11.996
azacyclonol,6,P11309,11.978
azacyclonol,7,Q8IVS8-4,11.929
azacyclonol,8,Q8IW41,11.879
azacyclonol,9,Q8IW41-2,11.875
azacyclonol,10,O75414,11.863
azasetron,1,P48736,12.476
azasetron,2,O00311,12.366
azasetron,3,Q12866,12.191
azasetron,4,O00329,12.125
azasetron,5,P08922,12.088
azasetron,6,P51817,11.989
azasetron,7,Q14680-5,11.979
azasetron,8,Q14680-6,11.976
azasetron,9,P53350,11.966
azasetron,10,P29376-4,11.961
azelastine,1,O00329,12.452
azelastine,2,Q04771,12.384
azelastine,3,P17948,12.272
azelastine,4,O00238,12.254
azelastine,5,O00238-2,12.225
azelastine,6,Q16288-4,12.221
azelastine,7,P36896-5,12.205
azelastine,8,Q16288,12.204
azelastine,9,P36897-2,12.199
azelastine,10,P36897,12.19
baccatin-III,1,O00329,12.422
baccatin-III,2,P49336-2,12.121
baccatin-III,3,P49336,12.118
baccatin-III,4,P42345,12.019
baccatin-III,5,Q13315,11.991
baccatin-III,6,P17948,11.968
baccatin-III,7,P42336,11.936
baccatin-III,8,P78527,11.893
baccatin-III,9,P78527-2,11.893
baccatin-III,10,P36888,11.882
balsalazide,1,O00329,12.721
balsalazide,2,O43293,12.335
balsalazide,3,P17948,12.318
balsalazide,4,Q16288-4,12.239
balsalazide,5,Q16288,12.234
balsalazide,6,O00311,12.223
balsalazide,7,Q9P1W9,12.204
balsalazide,8,P42336,12.188
balsalazide,9,Q8NEV1,12.185
balsalazide,10,P00519,12.183
belinostat,1,Q8IW41,12.307
belinostat,2,Q8IW41-2,12.306
belinostat,3,Q96GD4-4,12.279
belinostat,4,Q96GD4,12.254
belinostat,5,Q96GD4-5,12.237
belinostat,6,Q9UQB9-3,12.163
belinostat,7,Q8NEV1,12.15
belinostat,8,Q9UQB9-2,12.14
belinostat,9,P68400,12.128
belinostat,10,Q9UQB9,12.106
bemegride,1,P49840,12.331
bemegride,2,P49841-2,12.295
bemegride,3,P49841,12.237
bemegride,4,Q00535-2,11.96
bemegride,5,P24941-2,11.802
bemegride,6,P08922,11.72
bemegride,7,P24941,11.705
bemegride,8,Q00535,11.676
bemegride,9,Q96Q40-4,11.632
bemegride,10,Q8IZL9,11.577
bemesetron,1,P00519,12.525
bemesetron,2,P00519-2,12.501
bemesetron,3,P09769,12.416
bemesetron,4,P42684-10,12.38
bemesetron,5,P42684-4,12.376
bemesetron,6,P42685,12.356
bemesetron,7,P06241-2,12.34
bemesetron,8,P42684-3,12.333
bemesetron,9,P42684-7,12.326
bemesetron,10,P42684-5,12.323
benazepril,1,P48736,11.85
benazepril,2,O00329,11.846
benazepril,3,P42336,11.664
benazepril,4,P42345,11.663
benazepril,5,O14757,11.637
benazepril,6,Q5VST9,11.635
benazepril,7,Q5VST9-3,11.635
benazepril,8,Q5VST9-2,11.635
benazepril,9,Q5VST9-6,11.635
benazepril,10,Q5VST9-7,11.627
bendroflumethiazide,1,O00329,12.224
bendroflumethiazide,2,P08922,12.21
bendroflumethiazide,3,P42345,11.994
bendroflumethiazide,4,Q16288-2,11.933
bendroflumethiazide,5,P42336,11.93
bendroflumethiazide,6,Q16288-4,11.918
bendroflumethiazide,7,Q16288,11.908
bendroflumethiazide,8,P16591,11.898
bendroflumethiazide,9,Q16288-5,11.868
bendroflumethiazide,10,Q16288-3,11.862
benzamil,1,P08922,12.32
benzamil,2,P17948,12.295
benzamil,3,P48736,12.286
benzamil,4,P17948-3,12.174
benzamil,5,Q16288-2,12.158
benzamil,6,P17948-2,12.153
benzamil,7,P35916-3,12.152
benzamil,8,Q16288-4,12.141
benzamil,9,O75676,12.139
benzamil,10,Q16288,12.133
benzanthrone,1,O14772-3,12.768
benzanthrone,2,Q16584-2,12.716
benzanthrone,3,P48736,12.662
benzanthrone,4,Q8N2I9-2,12.652
benzanthrone,5,Q5T9C9-2,12.601
benzanthrone,6,P27987-2,12.556
benzanthrone,7,O96017-2,12.542
benzanthrone,8,O15021-4,12.527
benzanthrone,9,P11802-2,12.526
benzanthrone,10,O75414-3,12.502
benzohydroxamic-acid,1,P08922,11.376
benzohydroxamic-acid,2,P16591,11.363
benzohydroxamic-acid,3,Q13237-2,11.339
benzohydroxamic-acid,4,P16591-2,11.32
benzohydroxamic-acid,5,Q13237,11.293
benzohydroxamic-acid,6,Q9P1W9,11.279
benzohydroxamic-acid,7,Q9HCP0-2,11.254
benzohydroxamic-acid,8,Q9HCP0,11.244
benzohydroxamic-acid,9,Q9UBF8-3,11.233
benzohydroxamic-acid,10,P48730,11.229
benzoxiquine,1,O00329,12.119
benzoxiquine,2,Q56UN5,12.119
benzoxiquine,3,Q9Y6R4,12.028
benzoxiquine,4,Q9Y6R4-2,12.028
benzoxiquine,5,O60673,11.935
benzoxiquine,6,P16591,11.928
benzoxiquine,7,O14746-4,11.928
benzoxiquine,8,O75417-2,11.928
benzoxiquine,9,Q9UBF8,11.925
benzoxiquine,10,Q9UBF8-2,11.913
benzthiazide,1,O60674,12.706
benzthiazide,2,P08922,12.631
benzthiazide,3,O43293,12.588
benzthiazide,4,Q96GD4-4,12.571
benzthiazide,5,Q96GD4-5,12.551
benzthiazide,6,O00329,12.55
benzthiazide,7,Q9UQB9-2,12.549
benzthiazide,8,Q96GD4,12.545
benzthiazide,9,Q56UN5,12.541
benzthiazide,10,Q9UIK4-2,12.509
bepridil,1,P16234-3,12.15
bepridil,2,O00329,12.13
bepridil,3,P35968-2,12.12
bepridil,4,P30530,12.058
bepridil,5,P35968,12.058
bepridil,6,P36888,12.049
bepridil,7,P30530-2,12.032
bepridil,8,P08922,12.027
bepridil,9,P48736,12.024
bepridil,10,P35968-3,12.007
beta-CCP,1,P17948,12.092
beta-CCP,2,Q9HAZ1,12.084
beta-CCP,3,P00519,12.08
beta-CCP,4,Q9UEE5,12.061
beta-CCP,5,Q13237,12.038
beta-CCP,6,O00311,12.03
beta-CCP,7,P00519-2,12.026
beta-CCP,8,Q9UBE8,12.024
beta-CCP,9,O00329,12.011
beta-CCP,10,Q9P1W9,12.009
bifemelane,1,P17948,12.135
bifemelane,2,P08922,12.11
bifemelane,3,P10721,12.059
bifemelane,4,P10721-2,12.057
bifemelane,5,P16591,12.056
bifemelane,6,Q08881,12.048
bifemelane,7,P06241,12.035
bifemelane,8,Q9H3Y6,12.033
bifemelane,9,O00329,12.023
bifemelane,10,P00519,12.022
bimatoprost,1,O00329,11.936
bimatoprost,2,P17948,11.657
bimatoprost,3,P10721,11.535
bimatoprost,4,P10721-2,11.534
bimatoprost,5,P42336,11.492
bimatoprost,6,P08922,11.425
bimatoprost,7,P07949,11.417
bimatoprost,8,P07949-2,11.417
bimatoprost,9,Q96RG2,11.379
bimatoprost,10,Q96RG2-2,11.379
biochanin-a,1,P00533,12.886
biochanin-a,2,P00533-3,12.031
biochanin-a,3,P00533-4,11.98
biochanin-a,4,P21860-4,11.967
biochanin-a,5,P21860,11.946
biochanin-a,6,O00329,11.763
biochanin-a,7,Q9UM73,11.72
biochanin-a,8,Q86V86,11.652
biochanin-a,9,Q9UIK4-2,11.603
biochanin-a,10,O43293,11.6
biperiden,1,Q15772-4,12.363
biperiden,2,P08922,12.305
biperiden,3,P11362-15,12.305
biperiden,4,Q8N5S9,12.246
biperiden,5,Q15772-3,12.217
biperiden,6,Q13882-2,12.214
biperiden,7,Q8IXL6-2,12.212
biperiden,8,Q56UN5-3,12.162
biperiden,9,Q15772,12.159
biperiden,10,Q15772-1,12.159
bisacodyl,1,O00329,12.778
bisacodyl,2,Q9HAZ1,12.37
bisacodyl,3,Q13882-2,12.274
bisacodyl,4,P51817,12.204
bisacodyl,5,O14965,12.115
bisacodyl,6,P08922,12.042
bisacodyl,7,Q9UQB9-2,12.028
bisacodyl,8,O43930,12.01
bisacodyl,9,P48736,11.992
bisacodyl,10,P78527,11.99
bisphenol-a,1,Q96GD4,12.38
bisphenol-a,2,Q96GD4-4,12.368
bisphenol-a,3,Q96GD4-5,12.362
bisphenol-a,4,P07949,12.234
bisphenol-a,5,P07949-2,12.234
bisphenol-a,6,Q9UQB9,12.204
bisphenol-a,7,Q9UQB9-2,12.203
bisphenol-a,8,Q9UQB9-3,12.173
bisphenol-a,9,P16591,12.105
bisphenol-a,10,Q6ZMQ8-2,12.085
bithionol,1,P42684-10,12.702
bithionol,2,P42684-4,12.697
bithionol,3,P08922,12.661
bithionol,4,P42684-3,12.647
bithionol,5,P00519-2,12.638
bithionol,6,P42684-2,12.619
bithionol,7,P00519,12.618
bithionol,8,P42684-5,12.586
bithionol,9,P42684-7,12.575
bithionol,10,P07949,12.573
brazilin,1,O00329,12.688
brazilin,2,P48736,12.274
brazilin,3,P42336,12.256
brazilin,4,O00311,12.07
brazilin,5,Q9HAZ1,12.069
brazilin,6,P00533,12.049
brazilin,7,Q9UIK4-2,12.033
brazilin,8,P29376-5,12.018
brazilin,9,P42338,12.004
brazilin,10,Q9H4B4,11.972
brimonidine,1,P48736,12.476
brimonidine,2,Q9HAZ1,12.451
brimonidine,3,O00311,12.407
brimonidine,4,O00329,12.402
brimonidine,5,P42336,12.387
brimonidine,6,P42338,12.274
brimonidine,7,Q9Y6R4,12.22
brimonidine,8,Q9Y6R4-2,12.22
brimonidine,9,P23743-2,12.18
brimonidine,10,Q8IVS8-6,12.18
brivanib,1,P07949,13.648
brivanib,2,P07949-2,13.648
brivanib,3,Q16539,12.854
brivanib,4,P17948,12.842
brivanib,5,P35968,12.817
brivanib,6,Q16539-2,12.746
brivanib,7,O95819,12.688
brivanib,8,O95819-5,12.687
brivanib,9,O95819-6,12.678
brivanib,10,P06241-2,12.675
bromfenac,1,P00519,12.377
bromfenac,2,P00519-2,12.344
bromfenac,3,Q8NEV1,12.323
bromfenac,4,P68400,12.313
bromfenac,5,O00311,12.289
bromfenac,6,Q9P1W9,12.232
bromfenac,7,P00533,12.218
bromfenac,8,Q14680-7,12.206
bromfenac,9,Q16288-4,12.206
bromfenac,10,Q16288,12.205
bromocriptine,1,P42345,13.032
bromocriptine,2,O00329,12.833
bromocriptine,3,Q96Q15-2,12.734
bromocriptine,4,P78527,12.66
bromocriptine,5,P78527-2,12.66
bromocriptine,6,Q08881,12.534
bromocriptine,7,P00519,12.47
bromocriptine,8,Q5S007,12.46
bromocriptine,9,Q15746,12.441
bromocriptine,10,Q15746-3,12.441
brucine,1,P08922,12.641
brucine,2,O00329,12.599
brucine,3,Q96Q15-3,12.114
brucine,4,Q12866,12.113
brucine,5,Q5S007,12.052
brucine,6,Q02763-3,12.007
brucine,7,Q13535-2,12.001
brucine,8,P78527,11.997
brucine,9,P78527-2,11.997
brucine,10,Q13315,11.996
budesonide,1,O00329,12.713
budesonide,2,P42336,12.22
budesonide,3,P17948,11.916
budesonide,4,O43293,11.765
budesonide,5,P00519,11.75
budesonide,6,P36888,11.746
budesonide,7,P80192-4,11.73
budesonide,8,P80192,11.726
budesonide,9,Q9UM73,11.703
budesonide,10,P06241,11.696
bufalin,1,P35968,12.563
bufalin,2,P35916,12.38
bufalin,3,P35916-1,12.38
bufalin,4,P36888-2,12.236
bufalin,5,P36888,12.153
bufalin,6,P35968-2,12.09
bufalin,7,P35968-3,12.078
bufalin,8,P35916-3,12.016
bufalin,9,O00329,11.978
bufalin,10,P17948-2,11.882
bulleyaconitine-a,1,P35916,12.754
bulleyaconitine-a,2,P35916-1,12.754
bulleyaconitine-a,3,P42345,12.711
bulleyaconitine-a,4,P35968,12.609
bulleyaconitine-a,5,Q96Q15-2,12.574
bulleyaconitine-a,6,P29376,12.5
bulleyaconitine-a,7,P35916-3,12.465
bulleyaconitine-a,8,P07949,12.456
bulleyaconitine-a,9,P07949-2,12.456
bulleyaconitine-a,10,Q13315,12.438
bupropion,1,P48736,12.107
bupropion,2,P49336,11.893
bupropion,3,P49336-2,11.893
bupropion,4,Q12866,11.739
bupropion,5,P16591-2,11.724
bupropion,6,Q9HAZ1,11.715
bupropion,7,Q13237-2,11.713
bupropion,8,P16591,11.706
bupropion,9,Q13237,11.693
bupropion,10,P07333-2,11.664
buspirone,1,O00329,12.291
buspirone,2,P17948,12.18
buspirone,3,P35916-3,12.083
buspirone,4,P51817,12.03
buspirone,5,O43293,12.02
buspirone,6,P10721,12.013
buspirone,7,P17948-3,12.012
buspirone,8,P10721-2,12.005
buspirone,9,Q13237,11.937
buspirone,10,Q16288-4,11.93
butoconazole,1,P08922,12.576
butoconazole,2,P78527,12.466
butoconazole,3,P78527-2,12.466
butoconazole,4,Q9Y6R4,12.418
butoconazole,5,Q9Y6R4-2,12.418
butoconazole,6,O00329,12.375
butoconazole,7,P42356,12.226
butoconazole,8,Q13535,12.192
butoconazole,9,Q13535-3,12.192
butoconazole,10,Q8WZ42-2,12.179
byssochlamic-acid,1,O00329,11.941
byssochlamic-acid,2,P08922,11.797
byssochlamic-acid,3,Q14680-5,11.688
byssochlamic-acid,4,P10721-2,11.644
byssochlamic-acid,5,P10721,11.641
byssochlamic-acid,6,O43293,11.64
byssochlamic-acid,7,Q14680-6,11.621
byssochlamic-acid,8,P16591,11.616
byssochlamic-acid,9,P42336,11.606
byssochlamic-acid,10,Q96RG2,11.59
cabergoline,1,P17948,12.353
cabergoline,2,P51817,12.313
cabergoline,3,O75676,12.31
cabergoline,4,O75676-2,12.306
cabergoline,5,Q9HAZ1,12.257
cabergoline,6,P78527,12.241
cabergoline,7,P78527-2,12.241
cabergoline,8,Q9UBE8,12.2
cabergoline,9,P11309-2,12.168
cabergoline,10,Q16584,12.128
caffeic-acid,1,Q9UEE5,14.173
caffeic-acid,2,Q9NRA0-5,14.042
caffeic-acid,3,O94768,14.037
caffeic-acid,4,Q9NRA0,13.943
caffeic-acid,5,Q7Z695,13.91
caffeic-acid,6,O14746-2,13.899
caffeic-acid,7,Q9NRA0-2,13.874
caffeic-acid,8,Q9NRA0-3,13.868
caffeic-acid,9,P68400,13.866
caffeic-acid,10,Q8NEV1,13.847
caffeine,1,Q9H4B4,12.182
caffeine,2,P08922,12.083
caffeine,3,P49841,11.921
caffeine,4,P49841-2,11.895
caffeine,5,Q13976,11.871
caffeine,6,P30291,11.86
caffeine,7,Q13976-2,11.85
caffeine,8,Q13237,11.823
caffeine,9,Q13237-2,11.773
caffeine,10,Q9P1W9,11.66
calcifediol,1,O00329,13.197
calcifediol,2,P42336,12.654
calcifediol,3,P42345,12.306
calcifediol,4,P06241-2,12.239
calcifediol,5,P06241,12.23
calcifediol,6,O95819,12.204
calcifediol,7,O95819-5,12.197
calcifediol,8,Q5S007,12.171
calcifediol,9,P08922,12.17
calcifediol,10,O95819-4,12.161
calmidazolium,1,P35968,12.741
calmidazolium,2,P07949,12.67
calmidazolium,3,P07949-2,12.67
calmidazolium,4,O75460-2,12.564
calmidazolium,5,P35916,12.447
calmidazolium,6,P35916-1,12.447
calmidazolium,7,Q9Y4K4,12.407
calmidazolium,8,P07333,12.367
calmidazolium,9,O15146,12.364
calmidazolium,10,Q08881,12.346
calpeptin,1,O75116,11.747
calpeptin,2,P48736,11.71
calpeptin,3,O00329,11.663
calpeptin,4,Q13237-2,11.652
calpeptin,5,Q12866,11.597
calpeptin,6,Q13237,11.593
calpeptin,7,O75417-2,11.592
calpeptin,8,O75460-2,11.584
calpeptin,9,Q13882-2,11.566
calpeptin,10,Q14680-5,11.565
calycanthine,1,O00329,12.24
calycanthine,2,P06241-3,12.118
calycanthine,3,P00533,12.101
calycanthine,4,P17948,12.09
calycanthine,5,P09769,12.047
calycanthine,6,P06241-2,12.025
calycanthine,7,P06241,12.024
calycanthine,8,P08922,11.976
calycanthine,9,P00519,11.937
calycanthine,10,Q96RG2,11.925
carbacyclin,1,O00329,12.543
carbacyclin,2,P17948,12.137
carbacyclin,3,P08922,11.97
carbacyclin,4,P49841,11.91
carbacyclin,5,P49841-2,11.885
carbacyclin,6,P42336,11.877
carbacyclin,7,Q16288-4,11.865
carbacyclin,8,Q16288,11.86
carbacyclin,9,P10721,11.846
carbacyclin,10,P10721-2,11.84
carbamazepine,1,Q14680-5,12.302
carbamazepine,2,Q14680-6,12.301
carbamazepine,3,Q14680-7,12.258
carbamazepine,4,P53667-4,12.253
carbamazepine,5,Q14680,12.239
carbamazepine,6,P53667,12.206
carbamazepine,7,P53667-2,12.198
carbamazepine,8,Q8IW41,12.179
carbamazepine,9,P43405,12.172
carbamazepine,10,Q8IW41-2,12.171
carbenoxolone,1,O00329,12.129
carbenoxolone,2,O96017-7,11.756
carbenoxolone,3,Q5MAI5,11.72
carbenoxolone,4,Q00532,11.707
carbenoxolone,5,Q5MAI5-2,11.696
carbenoxolone,6,O96017-12,11.687
carbenoxolone,7,P49841-2,11.664
carbenoxolone,8,P49841,11.632
carbenoxolone,9,O96017-4,11.609
carbenoxolone,10,P42336,11.601
carbinoxamine,1,Q9HAZ1,12.418
carbinoxamine,2,O00329,12.131
carbinoxamine,3,P09619,12.087
carbinoxamine,4,P49759,12.059
carbinoxamine,5,Q04771,12.037
carbinoxamine,6,P36896-5,12.02
carbinoxamine,7,P36896,12.016
carbinoxamine,8,P36896-4,11.999
carbinoxamine,9,Q56UN5,11.994
carbinoxamine,10,O00238-2,11.99
carbofuran,1,P08922,11.925
carbofuran,2,Q96GD4-4,11.829
carbofuran,3,P48736,11.827
carbofuran,4,Q9UQB9-2,11.802
carbofuran,5,Q96GD4,11.779
carbofuran,6,Q9UQB9,11.767
carbofuran,7,P49336,11.76
carbofuran,8,P49336-2,11.754
carbofuran,9,Q96GD4-5,11.751
carbofuran,10,Q9UQB9-3,11.751
carvedilol,1,P48736,12.222
carvedilol,2,O00329,12.132
carvedilol,3,P42345,11.835
carvedilol,4,Q96RG2,11.817
carvedilol,5,Q96RG2-2,11.817
carvedilol,6,Q96RG2-4,11.817
carvedilol,7,O14757,11.805
carvedilol,8,Q9P1W9,11.791
carvedilol,9,Q12866,11.755
carvedilol,10,Q14680-3,11.752
cefdinir,1,Q86V86,12.455
cefdinir,2,Q8NEV1,12.301
cefdinir,3,P68400,12.286
cefdinir,4,O00329,12.272
cefdinir,5,O00311,12.271
cefdinir,6,Q9P1W9,12.22
cefdinir,7,O43293,12.208
cefdinir,8,P19784,12.207
cefdinir,9,P49841-2,12.162
cefdinir,10,P11309,12.155
ceforanide,1,P48736,12.281
ceforanide,2,Q00534,12.152
ceforanide,3,Q9HCP0,12.15
ceforanide,4,Q9P1W9,12.141
ceforanide,5,O14757,12.131
ceforanide,6,O14757-3,12.112
ceforanide,7,P11802,12.105
ceforanide,8,P49841-2,12.09
ceforanide,9,O00311,12.083
ceforanide,10,P49841,12.07
celecoxib,1,P08922,12.711
celecoxib,2,P48736,12.545
celecoxib,3,O00329,12.494
celecoxib,4,Q9HAZ1,12.318
celecoxib,5,Q12866,12.236
celecoxib,6,Q5S007,12.182
celecoxib,7,P78527,12.181
celecoxib,8,P78527-2,12.181
celecoxib,9,Q13315,12.163
celecoxib,10,P42685,12.123
cephalotaxine,1,O00329,12.573
cephalotaxine,2,P08922,12.306
cephalotaxine,3,O75676,12.132
cephalotaxine,4,P42336,12.108
cephalotaxine,5,O75676-2,12.108
cephalotaxine,6,P42338,12.004
cephalotaxine,7,Q9UM73,11.99
cephalotaxine,8,P48736,11.93
cephalotaxine,9,P00533,11.871
cephalotaxine,10,P30530,11.812
ceramide,1,O00329,12.237
ceramide,2,P07949,11.688
ceramide,3,P07949-2,11.688
ceramide,4,P17948,11.553
ceramide,5,P35916,11.52
ceramide,6,P35916-1,11.52
ceramide,7,P08922,11.497
ceramide,8,P35968-2,11.377
ceramide,9,P35968-3,11.362
ceramide,10,Q16288-4,11.346
cercosporin,1,P08922,12.859
cercosporin,2,O00329,12.675
cercosporin,3,Q9UEE5,12.516
cercosporin,4,P29376,12.504
cercosporin,5,Q9UM73,12.469
cercosporin,6,Q9UIK4-2,12.468
cercosporin,7,P35916,12.456
cercosporin,8,P35916-1,12.456
cercosporin,9,P42336,12.433
cercosporin,10,O43293,12.42
cerivastatin,1,O00329,12.732
cerivastatin,2,P17948,12.683
cerivastatin,3,P17948-3,12.302
cerivastatin,4,P51451,12.253
cerivastatin,5,P00519,12.235
cerivastatin,6,O14965,12.207
cerivastatin,7,P10721-2,12.175
cerivastatin,8,P10721,12.174
cerivastatin,9,P00519-2,12.16
cerivastatin,10,P06239-2,12.14
cetirizine,1,P07949,12.404
cetirizine,2,P07949-2,12.404
cetirizine,3,P17948,12.355
cetirizine,4,O00329,12.178
cetirizine,5,P06241,12.159
cetirizine,6,P06241-2,12.119
cetirizine,7,P06241-3,12.103
cetirizine,8,P00519,12.085
cetirizine,9,P51451,12.077
cetirizine,10,Q16288-4,12.072
chaetocin,1,P42345,12.274
chaetocin,2,Q9H4B4,12.229
chaetocin,3,Q8N5S9,12.204
chaetocin,4,O00329,12.183
chaetocin,5,O14757,12.142
chaetocin,6,Q9UQB9-2,12.114
chaetocin,7,P53667,12.097
chaetocin,8,Q96GD4-4,12.09
chaetocin,9,Q8N0W3-2,12.061
chaetocin,10,P53667-2,12.054
chelidonine,1,P29320,12.445
chelidonine,2,Q06418,12.416
chelidonine,3,P29323,12.407
chelidonine,4,P07333,12.388
chelidonine,5,P54762,12.382
chelidonine,6,P54764,12.367
chelidonine,7,P29317,12.285
chelidonine,8,P29322,12.266
chelidonine,9,Q15375-2,12.258
chelidonine,10,Q15375-4,12.253
chloroquine,1,Q9UEE5,12.762
chloroquine,2,Q06418,12.461
chloroquine,3,P08922,12.359
chloroquine,4,O94768,12.307
chloroquine,5,P09619,12.304
chloroquine,6,Q32MK0-4,12.291
chloroquine,7,O75962-3,12.171
chloroquine,8,P51817,12.168
chloroquine,9,Q14680-6,12.153
chloroquine,10,P10721-2,12.133
cholic-acid,1,O00329,13.166
cholic-acid,2,P08922,12.295
cholic-acid,3,P42336,12.278
cholic-acid,4,P36888,12.258
cholic-acid,5,O43293,12.256
cholic-acid,6,P17948,12.237
cholic-acid,7,P36888-2,12.21
cholic-acid,8,P07949,12.193
cholic-acid,9,P07949-2,12.193
cholic-acid,10,Q13315,12.16
ciclacillin,1,P49841-2,12.173
ciclacillin,2,P49841,12.127
ciclacillin,3,O00329,12.08
ciclacillin,4,P49840,11.728
ciclacillin,5,O43293,11.66
ciclacillin,6,P48736,11.589
ciclacillin,7,O14746,11.567
ciclacillin,8,P17948,11.559
ciclacillin,9,O14746-2,11.522
ciclacillin,10,O14746-3,11.52
cilomilast,1,O00329,11.977
cilomilast,2,P08922,11.872
cilomilast,3,P48736,11.799
cilomilast,4,P10721,11.734
cilomilast,5,P10721-2,11.729
cilomilast,6,P07949,11.706
cilomilast,7,P07949-2,11.706
cilomilast,8,Q14680-5,11.705
cilomilast,9,Q13237,11.676
cilomilast,10,Q56UN5,11.671
cilostazol,1,P49841-2,13.149
cilostazol,2,P49841,13.107
cilostazol,3,P49840,13.038
cilostazol,4,O00311,12.459
cilostazol,5,Q9HAZ1,12.453
cilostazol,6,P00519,12.438
cilostazol,7,P00519-2,12.394
cilostazol,8,Q9UEE5,12.352
cilostazol,9,O43293,12.341
cilostazol,10,P17948,12.325
cinacalcet,1,P48736,11.943
cinacalcet,2,Q56UN5,11.897
cinacalcet,3,P78527,11.893
cinacalcet,4,P78527-2,11.893
cinacalcet,5,O00329,11.878
cinacalcet,6,Q13315,11.835
cinacalcet,7,Q9Y6R4,11.818
cinacalcet,8,Q9Y6R4-2,11.818
cinacalcet,9,P49336,11.809
cinacalcet,10,P49336-2,11.809
cinalukast,1,Q9UBF8-2,12.778
cinalukast,2,Q9UQB9-2,12.722
cinalukast,3,Q9UBF8,12.715
cinalukast,4,Q96GD4-4,12.671
cinalukast,5,O14965,12.649
cinalukast,6,Q9UQB9-3,12.649
cinalukast,7,Q9UQB9,12.628
cinalukast,8,Q96GD4-5,12.559
cinalukast,9,Q9UBF8-3,12.551
cinalukast,10,Q96GD4,12.54
cinanserin,1,Q9UBF8-2,12.543
cinanserin,2,Q9UBF8,12.532
cinanserin,3,Q9UBF8-3,12.398
cinanserin,4,P48736,12.248
cinanserin,5,O00329,12.207
cinanserin,6,Q9Y6R4,12.182
cinanserin,7,Q9Y6R4-2,12.182
cinanserin,8,Q08881,12.131
cinanserin,9,P42336,12.116
cinanserin,10,Q9P1W9,12.092
cinnarizine,1,Q96GD4-4,12.992
cinnarizine,2,Q96GD4,12.983
cinnarizine,3,Q96GD4-5,12.961
cinnarizine,4,Q9UQB9-3,12.921
cinnarizine,5,Q9UQB9,12.898
cinnarizine,6,Q96GD4-2,12.885
cinnarizine,7,Q9UQB9-2,12.873
cinnarizine,8,P48736,12.534
cinnarizine,9,P51451,12.482
cinnarizine,10,Q08881,12.407
cisapride,1,P36888,12.627
cisapride,2,P36888-2,12.541
cisapride,3,P42685,12.471
cisapride,4,Q08881,12.439
cisapride,5,P07949,12.398
cisapride,6,P07949-2,12.398
cisapride,7,P09769,12.385
cisapride,8,P06241-2,12.348
cisapride,9,P35968,12.343
cisapride,10,P12931,12.323
citalopram,1,Q14680-6,12.401
citalopram,2,Q14680,12.359
citalopram,3,Q14680-7,12.355
citalopram,4,O75676-2,12.315
citalopram,5,O75676,12.31
citalopram,6,Q14680-5,12.31
citalopram,7,Q14680-4,12.249
citalopram,8,Q14680-2,12.186
citalopram,9,Q14680-8,12.157
citalopram,10,Q9HAZ1,12.132
cladribine,1,P06241,12.943
cladribine,2,P06241-2,12.938
cladribine,3,Q9HAZ1,12.872
cladribine,4,P17948,12.837
cladribine,5,P06241-3,12.817
cladribine,6,P09769,12.76
cladribine,7,Q9H0K1,12.739
cladribine,8,P00519,12.638
cladribine,9,P07947,12.62
cladribine,10,P00519-2,12.615
clemastine,1,P08922,12.366
clemastine,2,P07949,12.004
clemastine,3,P07949-2,12.004
clemastine,4,P35916,11.991
clemastine,5,P35916-1,11.991
clemastine,6,P35968-2,11.855
clemastine,7,P35968-3,11.841
clemastine,8,P35916-3,11.833
clemastine,9,P35968,11.729
clemastine,10,P48736,11.722
clofarabine,1,P17948,12.77
clofarabine,2,P06241-2,12.568
clofarabine,3,P06241,12.55
clofarabine,4,P00519,12.521
clofarabine,5,P00519-2,12.501
clofarabine,6,Q16539,12.428
clofarabine,7,P06241-3,12.414
clofarabine,8,P09769,12.408
clofarabine,9,P42684-4,12.408
clofarabine,10,P42684-10,12.406
clofibric-acid,1,O00329,12.197
clofibric-acid,2,P51817,12.139
clofibric-acid,3,P16591,12.102
clofibric-acid,4,Q04771,12.08
clofibric-acid,5,P16591-2,12.044
clofibric-acid,6,P08922,12.043
clofibric-acid,7,P48736,12.042
clofibric-acid,8,Q16288-4,12.021
clofibric-acid,9,Q13237,12.016
clofibric-acid,10,P51451,12.015
clomifene,1,P35968,13.404
clomifene,2,P09619,13.139
clomifene,3,P16234-3,12.867
clomifene,4,P35916,12.781
clomifene,5,P35916-1,12.781
clomifene,6,P07333,12.76
clomifene,7,Q96GD4,12.754
clomifene,8,Q96GD4-4,12.753
clomifene,9,P07949,12.744
clomifene,10,P07949-2,12.744
clomipramine,1,P30291,12.313
clomipramine,2,P08922,12.204
clomipramine,3,P48736,12.145
clomipramine,4,O15021-4,12.124
clomipramine,5,P17612,12.087
clomipramine,6,P17612-2,12.029
clomipramine,7,Q9Y6R4,12.015
clomipramine,8,Q9Y6R4-2,12.015
clomipramine,9,Q6ZMQ8-2,12.009
clomipramine,10,P02808,12.006
colforsin,1,O00329,12.376
colforsin,2,P42336,11.813
colforsin,3,Q9UM73,11.666
colforsin,4,P17948,11.657
colforsin,5,O43293,11.535
colforsin,6,P36888,11.521
colforsin,7,Q12866,11.521
colforsin,8,P48736,11.52
colforsin,9,P07949,11.489
colforsin,10,P07949-2,11.489
crizotinib,1,P08922,15.937
crizotinib,2,P08581-2,14.529
crizotinib,3,P08581,14.49
crizotinib,4,Q9UM73,14.252
crizotinib,5,P29376,14.212
crizotinib,6,P08581-3,14.192
crizotinib,7,P16591,14.126
crizotinib,8,P30530,14.0
crizotinib,9,P30530-2,13.963
crizotinib,10,P29376-4,13.84
cromoglicic-acid,1,Q8N0W3,12.491
cromoglicic-acid,2,Q86V86,12.44
cromoglicic-acid,3,P11309,12.426
cromoglicic-acid,4,P11309-2,12.404
cromoglicic-acid,5,O00329,12.286
cromoglicic-acid,6,Q9P1W9,12.227
cromoglicic-acid,7,Q8N0W3-2,12.207
cromoglicic-acid,8,P48736,12.162
cromoglicic-acid,9,O14746,12.14
cromoglicic-acid,10,Q9NRA0,12.139
crotamiton,1,O00329,12.181
crotamiton,2,P09769,12.046
crotamiton,3,P12931,12.041
crotamiton,4,P12931-2,11.986
crotamiton,5,O00311,11.978
crotamiton,6,P12931-3,11.975
crotamiton,7,P16591,11.97
crotamiton,8,O43293,11.96
crotamiton,9,P17948,11.943
crotamiton,10,P08922,11.936
curcumin,1,O00329,13.526
curcumin,2,Q9UEE5,13.298
curcumin,3,Q9HAZ1,13.061
curcumin,4,O43293,12.943
curcumin,5,O94768,12.851
curcumin,6,P42336,12.823
curcumin,7,Q9UIK4-2,12.823
curcumin,8,Q13627,12.8
curcumin,9,Q13627-2,12.799
curcumin,10,P51617,12.78
cyanopindolol,1,P48736,12.28
cyanopindolol,2,O14757,12.267
cyanopindolol,3,Q9HAZ1,12.145
cyanopindolol,4,P08922,12.075
cyanopindolol,5,O14757-2,11.918
cyanopindolol,6,Q9UEE5,11.909
cyanopindolol,7,P49336,11.904
cyanopindolol,8,P49336-2,11.902
cyanopindolol,9,Q14680-6,11.889
cyanopindolol,10,Q14680-7,11.872
cyclazosin,1,P78527,12.889
cyclazosin,2,P78527-2,12.889
cyclazosin,3,O00329,12.846
cyclazosin,4,Q13315,12.841
cyclazosin,5,Q13535-2,12.826
cyclazosin,6,Q13535,12.808
cyclazosin,7,Q13535-3,12.808
cyclazosin,8,Q56UN5,12.807
cyclazosin,9,Q96Q15-3,12.781
cyclazosin,10,Q5S007,12.768
cycloheximide,1,P49841-2,12.574
cycloheximide,2,P49841,12.533
cycloheximide,3,P49840,12.53
cycloheximide,4,Q00532,12.055
cycloheximide,5,Q5MAI5-2,12.042
cycloheximide,6,Q5MAI5,12.018
cycloheximide,7,P50613,12.005
cycloheximide,8,Q8IZL9,11.961
cycloheximide,9,P24941-2,11.959
cycloheximide,10,Q8IZL9-5,11.939
cyclopamine,1,O00329,13.004
cyclopamine,2,P36888,12.261
cyclopamine,3,P42336,12.123
cyclopamine,4,P78527,12.122
cyclopamine,5,P36888-2,12.122
cyclopamine,6,P78527-2,12.122
cyclopamine,7,P42345,12.117
cyclopamine,8,Q96Q15-3,12.064
cyclopamine,9,P80192-4,11.972
cyclopamine,10,P07949,11.971
cyclophosphamide,1,Q56UN5,11.979
cyclophosphamide,2,Q9Y6R4,11.942
cyclophosphamide,3,Q9Y6R4-2,11.942
cyclophosphamide,4,P48736,11.938
cyclophosphamide,5,O60673,11.926
cyclophosphamide,6,Q12866,11.879
cyclophosphamide,7,O75417-2,11.816
cyclophosphamide,8,Q14680-5,11.795
cyclophosphamide,9,P43405-2,11.794
cyclophosphamide,10,P29376-4,11.792
cyclopiazonic-acid,1,O00329,12.738
cyclopiazonic-acid,2,Q8N5S9,12.608
cyclopiazonic-acid,3,P08922,12.537
cyclopiazonic-acid,4,P35968,12.536
cyclopiazonic-acid,5,Q96RR4,12.522
cyclopiazonic-acid,6,Q12866,12.512
cyclopiazonic-acid,7,Q96RR4-3,12.498
cyclopiazonic-acid,8,P42336,12.489
cyclopiazonic-acid,9,Q96RR4-2,12.487
cyclopiazonic-acid,10,Q96RR4-7,12.474
cycloserine,1,P08922,11.798
cycloserine,2,Q13882-2,11.716
cycloserine,3,Q56UN5,11.709
cycloserine,4,Q9Y6R4,11.676
cycloserine,5,Q9Y6R4-2,11.676
cycloserine,6,Q96Q11-3,11.665
cycloserine,7,Q53H12-2,11.651
cycloserine,8,P48736,11.574
cycloserine,9,Q16854-6,11.573
cycloserine,10,Q9HAZ1,11.57
cyclosporin-a,1,P53350,12.829
cyclosporin-a,2,Q9H4B4,12.821
cyclosporin-a,3,O14746,12.635
cyclosporin-a,4,P42345,12.459
cyclosporin-a,5,Q9NYY3,12.359
cyclosporin-a,6,O14746-3,12.258
cyclosporin-a,7,Q8N0W3,12.213
cyclosporin-a,8,Q6DT37,12.141
cyclosporin-a,9,Q07864,12.052
cyclosporin-a,10,Q9BZL6,11.938
cyproterone,1,O00329,12.986
cyproterone,2,P08922,12.487
cyproterone,3,Q9UM73,12.464
cyproterone,4,P42336,12.354
cyproterone,5,Q12866,12.303
cyproterone,6,P04629-3,12.127
cyproterone,7,P04629-2,12.121
cyproterone,8,P04629,12.087
cyproterone,9,P17948,12.078
cyproterone,10,P29376,12.066
cytarabine,1,P49841-2,11.555
cytarabine,2,O00311,11.55
cytarabine,3,P53779,11.516
cytarabine,4,P49841,11.508
cytarabine,5,P08922,11.437
cytarabine,6,P53779-2,11.421
cytarabine,7,P17948,11.404
cytarabine,8,P48730,11.366
cytarabine,9,P48730-2,11.342
cytarabine,10,P30291,11.321
cytochalasin-d,1,O00329,12.344
cytochalasin-d,2,P42345,12.083
cytochalasin-d,3,Q13882-2,11.942
cytochalasin-d,4,Q5VST9,11.826
cytochalasin-d,5,Q5VST9-3,11.826
cytochalasin-d,6,Q5VST9-2,11.826
cytochalasin-d,7,Q5VST9-6,11.826
cytochalasin-d,8,Q5VST9-7,11.815
cytochalasin-d,9,P42336,11.805
cytochalasin-d,10,Q86TB3,11.788
cytosporone-b,1,Q00535-2,13.197
cytosporone-b,2,Q00535,13.031
cytosporone-b,3,P24941-2,12.762
cytosporone-b,4,P24941,12.692
cytosporone-b,5,Q9HAZ1,12.666
cytosporone-b,6,P11802,12.665
cytosporone-b,7,Q00526,12.645
cytosporone-b,8,P06493-2,12.535
cytosporone-b,9,Q00534,12.476
cytosporone-b,10,Q8IZL9-3,12.438
danazol,1,Q14680-7,12.44
danazol,2,Q14680,12.435
danazol,3,Q14680-6,12.318
danazol,4,Q14680-2,12.187
danazol,5,Q12866,12.155
danazol,6,O14757,12.153
danazol,7,Q9UIK4-2,12.151
danazol,8,Q9UEE5,12.116
danazol,9,Q86YV6-2,12.112
danazol,10,O00329,12.09
dantrolene,1,P50750,12.602
dantrolene,2,P53350,12.513
dantrolene,3,P50750-2,12.503
dantrolene,4,Q9HAZ1,12.45
dantrolene,5,P48736,12.301
dantrolene,6,Q14680-5,12.245
dantrolene,7,Q14680-6,12.243
dantrolene,8,Q9H4B4,12.223
dantrolene,9,Q00535-2,12.21
dantrolene,10,P49336,12.208
dantron,1,Q8N2I9-2,12.637
dantron,2,O15021-4,12.603
dantron,3,Q9NRA0-5,12.6
dantron,4,Q9Y2K2-6,12.534
dantron,5,P48736,12.531
dantron,6,P27987-2,12.496
dantron,7,O14746-2,12.489
dantron,8,Q9H0K1,12.465
dantron,9,Q9NRA0,12.447
dantron,10,Q9NRA0-3,12.409
darinaparsin,1,O75116,11.661
darinaparsin,2,O43293,11.636
darinaparsin,3,P51817,11.545
darinaparsin,4,Q13976,11.514
darinaparsin,5,O43293-2,11.508
darinaparsin,6,Q9UEE5,11.42
darinaparsin,7,Q12866,11.392
darinaparsin,8,Q9P1W9,11.39
darinaparsin,9,Q13976-2,11.389
darinaparsin,10,O94768,11.315
dasatinib,1,P09769,15.377
dasatinib,2,P06241-2,15.282
dasatinib,3,P06241,15.184
dasatinib,4,P07947,15.16
dasatinib,5,P06241-3,14.996
dasatinib,6,P06239-3,14.729
dasatinib,7,P07948-2,14.71
dasatinib,8,P12931,14.702
dasatinib,9,Q8NER5-4,14.679
dasatinib,10,Q8NER5,14.665
decitabine,1,P17948,12.309
decitabine,2,P08922,12.241
decitabine,3,Q9HAZ1,12.132
decitabine,4,O00329,12.08
decitabine,5,P17948-3,11.998
decitabine,6,P06241,11.957
decitabine,7,P06241-2,11.901
decitabine,8,P06241-3,11.86
decitabine,9,P00519,11.857
decitabine,10,P17948-2,11.838
deforolimus,1,O00329,12.471
deforolimus,2,P07949,12.28
deforolimus,3,P07949-2,12.28
deforolimus,4,Q9UM73,12.051
deforolimus,5,P06241-2,12.049
deforolimus,6,Q02763-2,12.036
deforolimus,7,O43293,12.021
deforolimus,8,P06241,12.018
deforolimus,9,P06241-3,11.989
deforolimus,10,P42336,11.976
dephostatin,1,Q9NRA0-5,13.227
dephostatin,2,Q9NRA0,13.145
dephostatin,3,O14746-2,13.112
dephostatin,4,Q6ZMQ8-3,13.089
dephostatin,5,Q6ZMQ8,13.069
dephostatin,6,P30530,13.059
dephostatin,7,Q9NRA0-2,13.053
dephostatin,8,P30530-2,13.03
dephostatin,9,Q9NRA0-4,12.993
dephostatin,10,Q9NRA0-3,12.974
desipramine,1,P48736,12.004
desipramine,2,Q12866,11.926
desipramine,3,P08922,11.872
desipramine,4,Q9HAZ1,11.777
desipramine,5,Q56UN5,11.712
desipramine,6,Q13882-2,11.684
desipramine,7,P29317-2,11.678
desipramine,8,P29322-2,11.589
desipramine,9,O75417-2,11.561
desipramine,10,P16591,11.56
desoxycortone,1,O00329,11.988
desoxycortone,2,P42336,11.899
desoxycortone,3,P08922,11.877
desoxycortone,4,O43293,11.824
desoxycortone,5,P10721,11.823
desoxycortone,6,P10721-2,11.823
desoxycortone,7,P17948,11.808
desoxycortone,8,P00519,11.799
desoxycortone,9,Q14680-5,11.786
desoxycortone,10,P00519-2,11.762
desoxypeganine,1,P08922,12.092
desoxypeganine,2,Q9HAZ1,12.053
desoxypeganine,3,O00329,11.841
desoxypeganine,4,P48736,11.811
desoxypeganine,5,Q56UN5,11.744
desoxypeganine,6,O14772-3,11.706
desoxypeganine,7,O00443-2,11.682
desoxypeganine,8,O14746-4,11.672
desoxypeganine,9,P29728-3,11.668
desoxypeganine,10,Q13535-2,11.65
dexamethasone,1,O00329,12.437
dexamethasone,2,P42336,12.053
dexamethasone,3,O43293,11.851
dexamethasone,4,P42345,11.813
dexamethasone,5,P17948,11.792
dexamethasone,6,Q07864,11.78
dexamethasone,7,Q96RG2,11.772
dexamethasone,8,Q96RG2-2,11.772
dexamethasone,9,Q96RG2-4,11.772
dexamethasone,10,Q16760-2,11.744
dexchlorpheniramine,1,Q9HAZ1,12.788
dexchlorpheniramine,2,O75116,12.511
dexchlorpheniramine,3,P49759,12.333
dexchlorpheniramine,4,P48736,12.332
dexchlorpheniramine,5,P49759-3,12.262
dexchlorpheniramine,6,Q56UN5,12.187
dexchlorpheniramine,7,Q9Y6R4,12.184
dexchlorpheniramine,8,Q9Y6R4-2,12.184
dexchlorpheniramine,9,O60673,12.179
dexchlorpheniramine,10,Q13464,12.1
diclofenac,1,P30291,12.651
diclofenac,2,O00329,12.545
diclofenac,3,O00311,12.484
diclofenac,4,P08922,12.387
diclofenac,5,Q04771,12.315
diclofenac,6,P07949,12.261
diclofenac,7,P07949-2,12.261
diclofenac,8,O00238-2,12.228
diclofenac,9,P30291-2,12.184
diclofenac,10,P48736,12.173
dicyclohexylurea,1,O43283-6,12.387
dicyclohexylurea,2,O96017-10,12.237
dicyclohexylurea,3,O14746-4,12.224
dicyclohexylurea,4,Q9Y6R4,12.19
dicyclohexylurea,5,Q9Y6R4-2,12.19
dicyclohexylurea,6,O96017-3,12.186
dicyclohexylurea,7,Q8TF76-2,12.159
dicyclohexylurea,8,P35558-2,12.134
dicyclohexylurea,9,Q9Y259-2,12.118
dicyclohexylurea,10,O96017-6,12.113
dicycloverine,1,P08922,11.83
dicycloverine,2,Q9UEE5,11.806
dicycloverine,3,P48736,11.8
dicycloverine,4,P30530,11.738
dicycloverine,5,P10721,11.724
dicycloverine,6,O00329,11.723
dicycloverine,7,P10721-2,11.723
dicycloverine,8,P30530-2,11.718
dicycloverine,9,Q8IWQ3-6,11.704
dicycloverine,10,P16591,11.697
dienestrol,1,P48736,12.819
dienestrol,2,Q9NRA0-5,12.699
dienestrol,3,O14746-2,12.644
dienestrol,4,Q9NRA0,12.618
dienestrol,5,O14746-4,12.59
dienestrol,6,P51617,12.564
dienestrol,7,P51617-2,12.558
dienestrol,8,Q9NRA0-2,12.524
dienestrol,9,Q9NRA0-4,12.524
dienestrol,10,Q9NRA0-3,12.514
diethylcarbamazine,1,P16591-2,11.84
diethylcarbamazine,2,P16591,11.837
diethylcarbamazine,3,P08922,11.831
diethylcarbamazine,4,Q14680-5,11.822
diethylcarbamazine,5,Q13237-2,11.819
diethylcarbamazine,6,Q13237,11.79
diethylcarbamazine,7,P17948,11.784
diethylcarbamazine,8,Q14680-6,11.783
diethylcarbamazine,9,O43293,11.775
diethylcarbamazine,10,P10721,11.725
digitoxin,1,O00329,11.883
digitoxin,2,P36888,11.503
digitoxin,3,P36888-2,11.412
digitoxin,4,P07333,11.389
digitoxin,5,P17948,11.374
digitoxin,6,P41279-2,11.305
digitoxin,7,P41279,11.29
digitoxin,8,Q06418,11.273
digitoxin,9,Q14680-5,11.273
digitoxin,10,Q14680-6,11.258
digoxigenin,1,O00329,12.436
digoxigenin,2,P08922,12.107
digoxigenin,3,P35968,12.064
digoxigenin,4,P35916,12.048
digoxigenin,5,P35916-1,12.048
digoxigenin,6,P42336,11.933
digoxigenin,7,O43293,11.902
digoxigenin,8,P36888,11.864
digoxigenin,9,P36888-2,11.846
digoxigenin,10,P17948,11.811
digoxin,1,O00329,11.883
digoxin,2,P36888,11.503
digoxin,3,P36888-2,11.412
digoxin,4,P07333,11.389
digoxin,5,P17948,11.374
digoxin,6,P41279-2,11.305
digoxin,7,P41279,11.29
digoxin,8,Q06418,11.273
digoxin,9,Q14680-5,11.273
digoxin,10,Q14680-6,11.258
dihydrodeoxygedunin,1,O00329,13.073
dihydrodeoxygedunin,2,P42336,12.495
dihydrodeoxygedunin,3,P42345,12.096
dihydrodeoxygedunin,4,Q9UM73,12.0
dihydrodeoxygedunin,5,P80192-4,11.999
dihydrodeoxygedunin,6,P30530,11.99
dihydrodeoxygedunin,7,P80192,11.988
dihydrodeoxygedunin,8,P08922,11.973
dihydrodeoxygedunin,9,P30530-2,11.967
dihydrodeoxygedunin,10,Q12866,11.937
diltiazem,1,O00329,12.414
diltiazem,2,P48736,12.383
diltiazem,3,O14757,11.969
diltiazem,4,P53667-4,11.848
diltiazem,5,P42336,11.823
diltiazem,6,Q9UBF8-2,11.817
diltiazem,7,Q9UBF8,11.803
diltiazem,8,Q9UBF8-3,11.779
diltiazem,9,Q9NRA0-5,11.754
diltiazem,10,P11802,11.743
dinoprostone,1,O00329,12.805
dinoprostone,2,P42336,12.377
dinoprostone,3,P17948,12.127
dinoprostone,4,Q16288-4,12.104
dinoprostone,5,Q16288,12.1
dinoprostone,6,P10721-2,12.047
dinoprostone,7,P10721,12.044
dinoprostone,8,Q16288-5,12.013
dinoprostone,9,Q16288-3,12.01
dinoprostone,10,Q86V86,11.981
dioxybenzone,1,Q9HAZ1,12.387
dioxybenzone,2,O00329,12.296
dioxybenzone,3,O75460-2,12.205
dioxybenzone,4,P08922,12.193
dioxybenzone,5,Q9P1W9,12.158
dioxybenzone,6,O00311,12.156
dioxybenzone,7,P54760-2,12.125
dioxybenzone,8,P48736,12.111
dioxybenzone,9,P54760-4,12.096
dioxybenzone,10,Q9Y463,12.087
diphencyprone,1,P16591,11.698
diphencyprone,2,P16591-2,11.689
diphencyprone,3,P48736,11.617
diphencyprone,4,P08922,11.527
diphencyprone,5,Q14680-5,11.489
diphencyprone,6,Q13237-2,11.443
diphencyprone,7,Q12866,11.434
diphencyprone,8,Q14680-6,11.406
diphencyprone,9,P24928,11.402
diphencyprone,10,P54760,11.399
diphenidol,1,P08922,12.297
diphenidol,2,P30291,12.13
diphenidol,3,Q96GD4-2,12.054
diphenidol,4,O75676,11.998
diphenidol,5,Q9UQB9-3,11.991
diphenidol,6,O75676-2,11.986
diphenidol,7,Q14680-5,11.972
diphenidol,8,Q9UQB9,11.963
diphenidol,9,Q15772,11.961
diphenidol,10,Q15772-1,11.961
diphenyleneiodonium,1,Q16584-2,11.997
diphenyleneiodonium,2,P08922,11.607
diphenyleneiodonium,3,P07902,11.605
diphenyleneiodonium,4,P48736,11.57
diphenyleneiodonium,5,Q2TB90-2,11.541
diphenyleneiodonium,6,Q8IYB1,11.468
diphenyleneiodonium,7,Q9BVA6,11.448
diphenyleneiodonium,8,Q96Q40-6,11.442
diphenyleneiodonium,9,P29317-2,11.432
diphenyleneiodonium,10,Q8IWQ3-6,11.422
dipyridamole,1,Q5S007,12.482
dipyridamole,2,P78527,12.429
dipyridamole,3,P78527-2,12.429
dipyridamole,4,Q56UN5,12.424
dipyridamole,5,Q96Q15,12.397
dipyridamole,6,P42356,12.375
dipyridamole,7,Q56UN5-3,12.372
dipyridamole,8,O60673,12.364
dipyridamole,9,O75417-2,12.335
dipyridamole,10,Q13535-2,12.33
disopyramide,1,P08922,12.236
disopyramide,2,O00329,12.183
disopyramide,3,P48736,12.082
disopyramide,4,Q9HAZ1,12.026
disopyramide,5,Q9H0K1,11.854
disopyramide,6,P09619-2,11.811
disopyramide,7,Q02763,11.792
disopyramide,8,Q9UQB9-2,11.773
disopyramide,9,Q96GD4-2,11.768
disopyramide,10,Q13882-2,11.758
disulfiram,1,Q04771,12.097
disulfiram,2,Q00535-2,11.969
disulfiram,3,P08922,11.936
disulfiram,4,P16591,11.934
disulfiram,5,O75460-2,11.933
disulfiram,6,P16591-2,11.929
disulfiram,7,Q9HAZ1,11.918
disulfiram,8,Q56UN5,11.879
disulfiram,9,Q13237-2,11.862
disulfiram,10,P37023,11.858
docetaxel,1,P50613,11.909
docetaxel,2,O00329,11.885
docetaxel,3,P78527,11.792
docetaxel,4,P78527-2,11.792
docetaxel,5,Q9UQB9-2,11.774
docetaxel,6,Q13882-2,11.757
docetaxel,7,Q13315,11.752
docetaxel,8,Q14680-7,11.716
docetaxel,9,Q96GD4-4,11.715
docetaxel,10,P42345,11.707
docosatrienoic-acid,1,O00329,12.453
docosatrienoic-acid,2,P48736,12.128
docosatrienoic-acid,3,P08922,12.063
docosatrienoic-acid,4,P42336,11.946
docosatrienoic-acid,5,P42338,11.886
docosatrienoic-acid,6,P16591,11.885
docosatrienoic-acid,7,P16591-2,11.82
docosatrienoic-acid,8,O00311,11.773
docosatrienoic-acid,9,O14746-4,11.769
docosatrienoic-acid,10,Q16288-4,11.765
donepezil,1,Q9HAZ1,12.25
donepezil,2,P08922,12.199
donepezil,3,O00329,12.005
donepezil,4,Q00535-2,11.89
donepezil,5,P48736,11.882
donepezil,6,P78527,11.863
donepezil,7,P78527-2,11.863
donepezil,8,Q13882-2,11.771
donepezil,9,Q9UQB9-2,11.753
donepezil,10,P11802,11.706
dopamine,1,Q9HAZ1,13.137
dopamine,2,Q9UEE5,12.879
dopamine,3,Q96RR4,12.696
dopamine,4,P48736,12.659
dopamine,5,Q96GD4-4,12.651
dopamine,6,Q96RR4-3,12.637
dopamine,7,Q96RR4-2,12.634
dopamine,8,Q96RR4-7,12.63
dopamine,9,P51817,12.619
dopamine,10,Q96GD4,12.612
dovitinib,1,Q9UM73,12.781
dovitinib,2,P11309-2,12.618
dovitinib,3,O14746,12.568
dovitinib,4,O75676,12.565
dovitinib,5,O75676-2,12.565
dovitinib,6,Q6ZMQ8,12.541
dovitinib,7,O14746-3,12.54
dovitinib,8,P42336,12.536
dovitinib,9,Q5S007,12.527
dovitinib,10,Q6IA86-5,12.482
doxapram,1,P08922,12.048
doxapram,2,P42685,11.986
doxapram,3,P16591,11.937
doxapram,4,P35916-3,11.841
doxapram,5,P16591-2,11.826
doxapram,6,Q08881,11.807
doxapram,7,P35916,11.806
doxapram,8,P35916-1,11.806
doxapram,9,O00311,11.775
doxapram,10,P09769,11.708
doxazosin,1,Q56UN5,13.122
doxazosin,2,Q5S007,13.058
doxazosin,3,Q13535-2,13.057
doxazosin,4,Q13535,13.05
doxazosin,5,Q13535-3,13.05
doxazosin,6,P78527,13.024
doxazosin,7,P78527-2,13.024
doxazosin,8,Q13315,12.997
doxazosin,9,Q9Y6R4,12.969
doxazosin,10,Q9Y6R4-2,12.969
doxepin,1,Q96GD4-4,12.395
doxepin,2,Q9UQB9-2,12.374
doxepin,3,Q9UQB9,12.361
doxepin,4,Q9UQB9-3,12.355
doxepin,5,Q96GD4,12.353
doxepin,6,Q96GD4-5,12.346
doxepin,7,Q9H0K1,12.334
doxepin,8,Q9Y2K2,12.251
doxepin,9,Q9Y2K2-7,12.251
doxepin,10,O75676,12.183
doxorubicin,1,O00329,12.462
doxorubicin,2,P08922,12.098
doxorubicin,3,Q8N0W3,12.056
doxorubicin,4,P42336,12.037
doxorubicin,5,Q00535-2,12.012
doxorubicin,6,P11802,12.009
doxorubicin,7,Q15131-6,11.992
doxorubicin,8,P17948,11.972
doxorubicin,9,Q12866,11.926
doxorubicin,10,Q13315,11.913
doxycycline,1,O00329,12.349
doxycycline,2,P08922,12.206
doxycycline,3,P11802,12.171
doxycycline,4,Q12866,12.079
doxycycline,5,Q00535-2,12.06
doxycycline,6,Q9HAZ1,12.056
doxycycline,7,P50613,12.014
doxycycline,8,Q15131-6,12.004
doxycycline,9,P36888,11.982
doxycycline,10,P29376-3,11.949
dydrogesterone,1,O00329,11.847
dydrogesterone,2,P08922,11.846
dydrogesterone,3,P10721,11.572
dydrogesterone,4,P10721-2,11.57
dydrogesterone,5,Q08881,11.487
dydrogesterone,6,P12931,11.468
dydrogesterone,7,P09769,11.461
dydrogesterone,8,P42336,11.421
dydrogesterone,9,P12931-2,11.416
dydrogesterone,10,P12931-3,11.409
econazole,1,P07949,12.902
econazole,2,P07949-2,12.902
econazole,3,P51817,12.613
econazole,4,P23443,12.58
econazole,5,P09769,12.564
econazole,6,Q16288-4,12.523
econazole,7,Q16288,12.511
econazole,8,P06241-2,12.489
econazole,9,Q16288-5,12.489
econazole,10,Q16288-3,12.481
edaravone,1,P08922,12.266
edaravone,2,P48736,11.765
edaravone,3,P16591-2,11.756
edaravone,4,O00443-2,11.663
edaravone,5,P16591,11.66
edaravone,6,Q56UN5,11.601
edaravone,7,Q13882-2,11.601
edaravone,8,P35558-2,11.586
edaravone,9,O14746-4,11.552
edaravone,10,Q5TCX8-3,11.551
edrophonium,1,P11362-15,12.86
edrophonium,2,P11362-17,12.835
edrophonium,3,O43293,12.823
edrophonium,4,O15021-4,12.801
edrophonium,5,Q16854-6,12.794
edrophonium,6,Q96GD4-3,12.77
edrophonium,7,Q9NRA0-5,12.766
edrophonium,8,Q86U90,12.761
edrophonium,9,O96017-3,12.754
edrophonium,10,P23743-2,12.754
efavirenz,1,P08922,12.59
efavirenz,2,P48736,12.324
efavirenz,3,Q12866,12.249
efavirenz,4,P49336,12.227
efavirenz,5,P49336-2,12.223
efavirenz,6,Q9UBE8,12.216
efavirenz,7,P29376-4,12.166
efavirenz,8,O75676,12.16
efavirenz,9,P29376,12.157
efavirenz,10,P30530,12.151
eicosatrienoic-acid,1,O00329,11.778
eicosatrienoic-acid,2,P16591,11.762
eicosatrienoic-acid,3,Q12866,11.684
eicosatrienoic-acid,4,P16591-2,11.653
eicosatrienoic-acid,5,Q13237-2,11.646
eicosatrienoic-acid,6,Q13237,11.617
eicosatrienoic-acid,7,P08922,11.615
eicosatrienoic-acid,8,P04629-2,11.603
eicosatrienoic-acid,9,Q06418,11.598
eicosatrienoic-acid,10,P04629,11.596
elesclomol,1,Q8IW41,12.481
elesclomol,2,P48736,12.474
elesclomol,3,Q8IW41-2,12.471
elesclomol,4,O00329,12.456
elesclomol,5,Q9H4B4,12.376
elesclomol,6,Q8NEV1,12.359
elesclomol,7,P68400,12.342
elesclomol,8,P19784,12.253
elesclomol,9,Q14680-6,12.238
elesclomol,10,P30530,12.226
elvitegravir,1,O00329,12.449
elvitegravir,2,P49336-2,11.803
elvitegravir,3,P49336,11.8
elvitegravir,4,P17948,11.766
elvitegravir,5,P78527,11.765
elvitegravir,6,Q9UM73,11.765
elvitegravir,7,P78527-2,11.765
elvitegravir,8,P08922,11.757
elvitegravir,9,Q9UBE8,11.742
elvitegravir,10,P10721,11.735
embelin,1,Q9HAZ1,13.145
embelin,2,Q9UIK4-2,13.076
embelin,3,Q86U90,13.021
embelin,4,Q3KQV9,13.02
embelin,5,Q7Z5Q5-3,13.02
embelin,6,Q9HBU6-2,13.013
embelin,7,Q9NRA0-5,12.994
embelin,8,Q15131-6,12.982
embelin,9,O00329,12.979
embelin,10,Q96D53-2,12.976
entinostat,1,Q9UBF8-3,12.386
entinostat,2,Q14680-7,12.385
entinostat,3,Q14680-6,12.365
entinostat,4,Q8N5S9,12.353
entinostat,5,Q14680,12.346
entinostat,6,P11802,12.328
entinostat,7,Q14680-5,12.281
entinostat,8,O15530-4,12.279
entinostat,9,Q96RR4-3,12.253
entinostat,10,Q96RR4-2,12.241
epirizole,1,O00311,13.006
epirizole,2,Q9HAZ1,12.666
epirizole,3,P08922,12.631
epirizole,4,O00329,12.469
epirizole,5,P48736,12.277
epirizole,6,P78527,12.186
epirizole,7,P78527-2,12.186
epirizole,8,P35968-3,12.181
epirizole,9,O00444,12.153
epirizole,10,P42685,12.145
equilin,1,Q9UEE5,12.401
equilin,2,P08922,12.382
equilin,3,P0C263,12.375
equilin,4,P29376-3,12.369
equilin,5,O14757,12.263
equilin,6,Q7Z695,12.194
equilin,7,Q5T9C9,12.175
equilin,8,Q9NRA0-5,12.168
equilin,9,P29376-5,12.167
equilin,10,P29376-4,12.157
equol,1,P48736,12.167
equol,2,O14746-4,11.972
equol,3,Q9Y6R4,11.909
equol,4,Q9Y6R4-2,11.909
equol,5,Q6ZMQ8-2,11.864
equol,6,O00329,11.733
equol,7,Q13882-2,11.716
equol,8,Q14680-6,11.634
equol,9,Q14680-5,11.628
equol,10,Q56UN5,11.605
erastin,1,O00329,12.412
erastin,2,P48736,12.202
erastin,3,Q96Q15-2,12.165
erastin,4,P42336,12.162
erastin,5,Q13315,12.153
erastin,6,Q14680-5,12.135
erastin,7,Q5S007,12.112
erastin,8,Q14680-6,12.087
erastin,9,Q14680-7,12.076
erastin,10,O00311,12.075
ergometrine,1,Q9HAZ1,13.157
ergometrine,2,Q5S007,12.898
ergometrine,3,P49759,12.739
ergometrine,4,P78527,12.597
ergometrine,5,P78527-2,12.597
ergometrine,6,O00329,12.582
ergometrine,7,P49759-3,12.568
ergometrine,8,P49761,12.55
ergometrine,9,Q9Y463,12.533
ergometrine,10,Q13535-2,12.493
eriodictyol,1,P08922,13.689
eriodictyol,2,P30530,13.571
eriodictyol,3,P30530-2,13.553
eriodictyol,4,Q9UM73,13.45
eriodictyol,5,Q9UIK4-2,13.44
eriodictyol,6,P29376-4,13.419
eriodictyol,7,Q12866,13.397
eriodictyol,8,P29376-5,13.367
eriodictyol,9,P29376,13.34
eriodictyol,10,P00533-3,13.315
erlotinib,1,P00533,14.027
erlotinib,2,P21860,12.958
erlotinib,3,P21860-4,12.877
erlotinib,4,P49336,12.799
erlotinib,5,P49336-2,12.788
erlotinib,6,Q15303-2,12.763
erlotinib,7,Q15303-4,12.763
erlotinib,8,P04626-4,12.756
erlotinib,9,P04626,12.735
erlotinib,10,P04626-5,12.705
erythromycin,1,O00329,12.441
erythromycin,2,P17948,11.671
erythromycin,3,Q04771,11.634
erythromycin,4,P49841,11.623
erythromycin,5,P49841-2,11.621
erythromycin,6,Q8NER5-4,11.582
erythromycin,7,P06241,11.569
erythromycin,8,O43293,11.558
erythromycin,9,P06241-2,11.544
erythromycin,10,Q8NER5-3,11.544
erythrosine,1,P08922,13.079
erythrosine,2,Q12866,12.719
erythrosine,3,O00329,12.682
erythrosine,4,Q9UQB9,12.657
erythrosine,5,Q9UQB9-2,12.641
erythrosine,6,Q9UQB9-3,12.577
erythrosine,7,Q96GD4-4,12.538
erythrosine,8,Q96GD4-5,12.48
erythrosine,9,Q96GD4,12.471
erythrosine,10,P07949,12.437
escitalopram,1,Q14680-6,12.401
escitalopram,2,Q14680,12.359
escitalopram,3,Q14680-7,12.355
escitalopram,4,O75676-2,12.315
escitalopram,5,O75676,12.31
escitalopram,6,Q14680-5,12.31
escitalopram,7,Q14680-4,12.249
escitalopram,8,Q14680-2,12.186
escitalopram,9,Q14680-8,12.157
escitalopram,10,Q9HAZ1,12.132
estradiol,1,P08922,12.094
estradiol,2,O00329,11.968
estradiol,3,P29376-5,11.907
estradiol,4,P29376-3,11.902
estradiol,5,P48736,11.893
estradiol,6,Q6ZMQ8,11.888
estradiol,7,P29376-4,11.859
estradiol,8,Q14680-6,11.849
estradiol,9,Q14680-5,11.825
estradiol,10,P29376,11.817
estradiol-cypionate,1,O00329,11.922
estradiol-cypionate,2,Q14680-6,11.826
estradiol-cypionate,3,Q14680-7,11.792
estradiol-cypionate,4,Q14680,11.778
estradiol-cypionate,5,Q56UN5,11.726
estradiol-cypionate,6,P42336,11.717
estradiol-cypionate,7,P36888,11.7
estradiol-cypionate,8,P36888-2,11.659
estradiol-cypionate,9,Q14680-5,11.651
estradiol-cypionate,10,O96017-12,11.638
estrone,1,P08922,12.138
estrone,2,P48736,11.832
estrone,3,Q14680-6,11.816
estrone,4,Q14680-5,11.785
estrone,5,P29376-5,11.779
estrone,6,Q6ZMQ8,11.758
estrone,7,Q14680-7,11.723
estrone,8,Q96RR4,11.72
estrone,9,Q12866,11.717
estrone,10,P29376-4,11.711
estropipate,1,O00329,12.386
estropipate,2,Q9UM73,12.362
estropipate,3,P29376,12.288
estropipate,4,O14757,12.266
estropipate,5,P08922,12.186
estropipate,6,Q96GD4-4,12.152
estropipate,7,P29376-4,12.112
estropipate,8,P29376-5,12.083
estropipate,9,Q8TDC3,12.071
estropipate,10,Q8TDC3-2,12.058
ethotoin,1,P08922,12.184
ethotoin,2,P16591,12.09
ethotoin,3,O00329,12.089
ethotoin,4,P16591-2,12.041
ethotoin,5,P17948,12.029
ethotoin,6,Q08881,12.022
ethotoin,7,P29376,12.006
ethotoin,8,P29376-4,12.005
ethotoin,9,Q6ZMQ8,11.997
ethotoin,10,Q8IW41,11.994
eticlopride,1,O14757,12.968
eticlopride,2,P48736,12.837
eticlopride,3,P30530,12.649
eticlopride,4,P08922,12.619
eticlopride,5,P30530-2,12.615
eticlopride,6,O14757-3,12.587
eticlopride,7,P29376-5,12.545
eticlopride,8,P29376-4,12.526
eticlopride,9,O14757-2,12.517
eticlopride,10,P53667-4,12.499
etilefrine,1,P29376-5,12.149
etilefrine,2,P48736,12.116
etilefrine,3,P30530,12.041
etilefrine,4,P29376-4,12.031
etilefrine,5,P30530-2,12.014
etilefrine,6,Q6ZMQ8,11.98
etilefrine,7,Q9NRA0-5,11.962
etilefrine,8,P16591,11.955
etilefrine,9,P08922,11.945
etilefrine,10,Q14680-5,11.913
etoposide,1,P12931,12.574
etoposide,2,P06241-2,12.524
etoposide,3,P07947,12.523
etoposide,4,Q02763,12.511
etoposide,5,P12931-2,12.502
etoposide,6,P07333,12.472
etoposide,7,P12931-3,12.462
etoposide,8,P06239,12.434
etoposide,9,P35590,12.41
etoposide,10,P09769,12.398
eugenitol,1,Q9HAZ1,12.901
eugenitol,2,Q86V86,12.781
eugenitol,3,O00329,12.762
eugenitol,4,Q8NEV1,12.756
eugenitol,5,P68400,12.732
eugenitol,6,Q9Y463,12.665
eugenitol,7,Q13627-4,12.66
eugenitol,8,Q13627-5,12.643
eugenitol,9,Q9Y463-2,12.643
eugenitol,10,Q13627,12.64
eugenol,1,Q9HAZ1,12.919
eugenol,2,Q13627,12.797
eugenol,3,Q13627-2,12.789
eugenol,4,Q13627-5,12.619
eugenol,5,O00329,12.603
eugenol,6,Q9Y463,12.562
eugenol,7,P48736,12.554
eugenol,8,O14746-4,12.547
eugenol,9,Q9Y463-3,12.54
eugenol,10,Q13627-4,12.535
everolimus,1,O00329,12.471
everolimus,2,P07949,12.28
everolimus,3,P07949-2,12.28
everolimus,4,Q9UM73,12.051
everolimus,5,P06241-2,12.049
everolimus,6,Q02763-2,12.036
everolimus,7,O43293,12.021
everolimus,8,P06241,12.018
everolimus,9,P06241-3,11.989
everolimus,10,P42336,11.976
evodiamine,1,P08922,12.627
evodiamine,2,P11362-15,12.22
evodiamine,3,P29376-3,12.194
evodiamine,4,P29376-4,12.175
evodiamine,5,Q13882-2,12.171
evodiamine,6,O00329,12.162
evodiamine,7,Q15772,12.148
evodiamine,8,Q15772-1,12.148
evodiamine,9,P80192,12.116
evodiamine,10,P29376,12.111
exemestane,1,O00329,12.259
exemestane,2,P08922,12.187
exemestane,3,O43293,12.147
exemestane,4,Q9UIK4-2,12.081
exemestane,5,P42336,11.993
exemestane,6,Q9UEE5,11.99
exemestane,7,O94768,11.886
exemestane,8,O43293-2,11.81
exemestane,9,Q32MK0,11.784
exemestane,10,Q12866,11.756
ezetimibe,1,O00329,12.954
ezetimibe,2,P30530,12.494
ezetimibe,3,P29376,12.482
ezetimibe,4,P30530-2,12.463
ezetimibe,5,P42336,12.457
ezetimibe,6,P17948,12.43
ezetimibe,7,P08922,12.41
ezetimibe,8,P29376-4,12.375
ezetimibe,9,P36888,12.351
ezetimibe,10,P36888-2,12.347
farnesylthioacetic-acid,1,O00329,12.043
farnesylthioacetic-acid,2,P16591,12.029
farnesylthioacetic-acid,3,P16591-2,11.981
farnesylthioacetic-acid,4,O75460-2,11.914
farnesylthioacetic-acid,5,O00311,11.878
farnesylthioacetic-acid,6,P48736,11.878
farnesylthioacetic-acid,7,Q13237-2,11.859
farnesylthioacetic-acid,8,O43293,11.853
farnesylthioacetic-acid,9,Q13237,11.848
farnesylthioacetic-acid,10,Q9UIK4-2,11.841
farnesylthiotriazole,1,O43293,12.031
farnesylthiotriazole,2,P78527,12.024
farnesylthiotriazole,3,P78527-2,12.024
farnesylthiotriazole,4,P17948,12.011
farnesylthiotriazole,5,Q5S007,11.978
farnesylthiotriazole,6,P10721-2,11.957
farnesylthiotriazole,7,P10721,11.956
farnesylthiotriazole,8,O00329,11.932
farnesylthiotriazole,9,Q14680-5,11.923
farnesylthiotriazole,10,Q96RG2,11.922
febuxostat,1,P48736,12.541
febuxostat,2,O00311,12.377
febuxostat,3,Q9UBF8-2,12.206
febuxostat,4,Q9UBF8,12.19
febuxostat,5,Q9HAZ1,12.142
febuxostat,6,P68400,12.102
febuxostat,7,P48730-2,12.1
febuxostat,8,Q9UBF8-3,12.096
febuxostat,9,Q8NEV1,12.09
febuxostat,10,P49674,12.031
felodipine,1,P00519,12.446
felodipine,2,P00519-2,12.393
felodipine,3,Q16539,12.347
felodipine,4,P08922,12.306
felodipine,5,Q04771,12.296
felodipine,6,P17948,12.276
felodipine,7,Q16539-2,12.189
felodipine,8,P42684-4,12.173
felodipine,9,P42684-10,12.167
felodipine,10,P42684-7,12.162
fenbendazole,1,Q9HAZ1,12.507
fenbendazole,2,Q13882-2,12.212
fenbendazole,3,Q96GD4-4,12.159
fenbendazole,4,Q96GD4,12.155
fenbendazole,5,P35968-2,12.14
fenbendazole,6,Q96GD4-5,12.139
fenbendazole,7,Q9UQB9-2,12.117
fenbendazole,8,P07949,12.113
fenbendazole,9,P07949-2,12.113
fenbendazole,10,P49336,12.064
fenbufen,1,P48736,11.93
fenbufen,2,P16591,11.885
fenbufen,3,P16591-2,11.861
fenbufen,4,Q13237-2,11.748
fenbufen,5,Q13237,11.701
fenbufen,6,Q14680-5,11.669
fenbufen,7,O00311,11.668
fenbufen,8,O00329,11.653
fenbufen,9,Q12866,11.63
fenbufen,10,Q14680-6,11.617
fenofibrate,1,P48736,12.153
fenofibrate,2,P51817,12.058
fenofibrate,3,Q14680-5,11.992
fenofibrate,4,O75460-2,11.897
fenofibrate,5,Q14680-4,11.886
fenofibrate,6,Q14680-6,11.885
fenofibrate,7,P49336-2,11.866
fenofibrate,8,P49336,11.861
fenofibrate,9,Q13237-2,11.858
fenofibrate,10,Q13237,11.85
fenoldopam,1,Q9HAZ1,12.778
fenoldopam,2,P48736,12.606
fenoldopam,3,P08922,12.553
fenoldopam,4,O75116,12.428
fenoldopam,5,Q9H0K1,12.379
fenoldopam,6,Q12866,12.372
fenoldopam,7,P29376-5,12.342
fenoldopam,8,P29376-4,12.322
fenoldopam,9,P29376-3,12.299
fenoldopam,10,P29376,12.289
fenretinide,1,P35968,13.202
fenretinide,2,P06239,12.804
fenretinide,3,P07949,12.696
fenretinide,4,P07949-2,12.696
fenretinide,5,P06239-3,12.683
fenretinide,6,P51451,12.633
fenretinide,7,P36888,12.625
fenretinide,8,Q8IVH8,12.58
fenretinide,9,Q8IVH8-2,12.571
fenretinide,10,P35916,12.542
fexofenadine,1,Q9UQB9,12.411
fexofenadine,2,Q9UQB9-3,12.405
fexofenadine,3,Q9UQB9-2,12.4
fexofenadine,4,Q96GD4-4,12.393
fexofenadine,5,Q96GD4,12.378
fexofenadine,6,Q96GD4-5,12.374
fexofenadine,7,Q96GD4-2,12.281
fexofenadine,8,P30291,12.238
fexofenadine,9,P48736,12.164
fexofenadine,10,Q14680,12.159
finasteride,1,O00329,12.098
finasteride,2,P42336,12.063
finasteride,3,O14746,11.99
finasteride,4,P49841-2,11.979
finasteride,5,P49841,11.953
finasteride,6,Q96Q15-2,11.947
finasteride,7,Q96L96,11.929
finasteride,8,Q96Q15,11.921
finasteride,9,Q32MK0,11.911
finasteride,10,Q9UEE5,11.905
fipronil,1,O14757,12.632
fipronil,2,Q02763,12.481
fipronil,3,P48736,12.373
fipronil,4,P07333,12.351
fipronil,5,P35590,12.337
fipronil,6,Q16620,12.325
fipronil,7,P04629-3,12.322
fipronil,8,Q16620-4,12.322
fipronil,9,P04629,12.22
fipronil,10,P04629-2,12.208
flavoxate,1,P17948,12.175
flavoxate,2,P00519,12.032
flavoxate,3,O43293,12.031
flavoxate,4,P51451,12.022
flavoxate,5,Q14680-7,12.011
flavoxate,6,Q14680,12.01
flavoxate,7,P00519-2,11.993
flavoxate,8,Q14680-6,11.991
flavoxate,9,P51817,11.974
flavoxate,10,Q9P1W9,11.973
flecainide,1,P51817,12.563
flecainide,2,O43930,12.355
flecainide,3,P17948,12.281
flecainide,4,P00519,12.225
flecainide,5,P10721,12.206
flecainide,6,P07949,12.203
flecainide,7,P07949-2,12.203
flecainide,8,P10721-2,12.2
flecainide,9,O75676-2,12.191
flecainide,10,O75676,12.19
floxuridine,1,P17948,11.99
floxuridine,2,P49841-2,11.833
floxuridine,3,P49841,11.81
floxuridine,4,Q16288-4,11.714
floxuridine,5,Q16288,11.7
floxuridine,6,Q16288-5,11.66
floxuridine,7,Q16288-3,11.649
floxuridine,8,P06241,11.628
floxuridine,9,Q16288-2,11.616
floxuridine,10,P10721,11.607
flumetasone,1,O00329,12.616
flumetasone,2,P42336,12.241
flumetasone,3,P42345,11.993
flumetasone,4,O43293,11.944
flumetasone,5,P17948,11.887
flumetasone,6,Q96RG2,11.824
flumetasone,7,Q96RG2-2,11.824
flumetasone,8,Q96RG2-4,11.824
flumetasone,9,Q8N0W3,11.822
flumetasone,10,P78527,11.785
flunarizine,1,Q96GD4,12.898
flunarizine,2,Q96GD4-5,12.892
flunarizine,3,Q96GD4-4,12.891
flunarizine,4,Q9UQB9-3,12.88
flunarizine,5,Q9UQB9,12.866
flunarizine,6,Q9UQB9-2,12.816
flunarizine,7,Q9Y4K4,12.802
flunarizine,8,Q96GD4-2,12.731
flunarizine,9,P48736,12.668
flunarizine,10,P51451,12.515
flupentixol,1,O75676,12.543
flupentixol,2,O75676-2,12.528
flupentixol,3,P08922,12.503
flupentixol,4,P30291,12.467
flupentixol,5,P43405,12.434
flupentixol,6,P43405-2,12.38
flupentixol,7,Q9UQB9-3,12.319
flupentixol,8,Q96GD4-4,12.295
flupentixol,9,P51451,12.291
flupentixol,10,Q15772-4,12.29
fluphenazine,1,O75676,12.345
fluphenazine,2,O75676-2,12.334
fluphenazine,3,P08922,12.311
fluphenazine,4,Q14680-5,12.149
fluphenazine,5,P30291,12.111
fluphenazine,6,Q14680-6,12.102
fluphenazine,7,Q12866,12.07
fluphenazine,8,P00519,12.069
fluphenazine,9,P43405,12.065
fluphenazine,10,P10721,12.058
fluprostenol,1,O00329,12.695
fluprostenol,2,Q16288-4,12.382
fluprostenol,3,Q16288,12.377
fluprostenol,4,Q16288-5,12.348
fluprostenol,5,Q16288-3,12.34
fluprostenol,6,P07949,12.237
fluprostenol,7,P07949-2,12.237
fluprostenol,8,P54760,12.212
fluprostenol,9,P30530,12.196
fluprostenol,10,P30530-2,12.185
flurofamide,1,P08922,11.858
flurofamide,2,Q56UN5,11.756
flurofamide,3,P48736,11.751
flurofamide,4,Q13882-2,11.663
flurofamide,5,Q9HAZ1,11.645
flurofamide,6,P48730,11.549
flurofamide,7,O60673,11.526
flurofamide,8,P48730-2,11.52
flurofamide,9,P36896-2,11.517
flurofamide,10,Q8N752,11.51
fluspirilene,1,O00329,12.409
fluspirilene,2,Q96GD4-4,12.361
fluspirilene,3,Q96GD4,12.352
fluspirilene,4,Q96GD4-5,12.345
fluspirilene,5,P42345,12.318
fluspirilene,6,Q9UQB9-3,12.277
fluspirilene,7,Q9UQB9,12.257
fluspirilene,8,Q9UQB9-2,12.25
fluspirilene,9,P29376,12.21
fluspirilene,10,Q14680-6,12.198
flutamide,1,O14757,12.293
flutamide,2,P48736,12.094
flutamide,3,P08922,12.019
flutamide,4,Q04771,11.994
flutamide,5,P36894,11.835
flutamide,6,O14757-3,11.828
flutamide,7,O00238-2,11.796
flutamide,8,Q8NER5,11.795
flutamide,9,Q8NER5-3,11.794
flutamide,10,P37023,11.783
fluticasone,1,O00329,12.947
fluticasone,2,P42336,12.327
fluticasone,3,P42345,12.279
fluticasone,4,O43293,12.1
fluticasone,5,P78527,12.064
fluticasone,6,P78527-2,12.064
fluticasone,7,P80192-4,12.06
fluticasone,8,P80192,12.048
fluticasone,9,P17948,11.956
fluticasone,10,Q96Q15-2,11.917
formoterol,1,P30530,13.029
formoterol,2,O00329,13.017
formoterol,3,P30530-2,13.012
formoterol,4,P08922,12.949
formoterol,5,Q8N5S9,12.798
formoterol,6,O14757,12.769
formoterol,7,Q96RR4-3,12.711
formoterol,8,Q96RR4-2,12.698
formoterol,9,P29376-4,12.695
formoterol,10,Q9UQB9-2,12.674
forskolin,1,O00329,12.376
forskolin,2,P42336,11.813
forskolin,3,Q9UM73,11.666
forskolin,4,P17948,11.657
forskolin,5,O43293,11.535
forskolin,6,P36888,11.521
forskolin,7,Q12866,11.521
forskolin,8,P48736,11.52
forskolin,9,P07949,11.489
forskolin,10,P07949-2,11.489
fostamatinib,1,P42685,14.283
fostamatinib,2,P07949,13.771
fostamatinib,3,P07949-2,13.771
fostamatinib,4,P07947,13.763
fostamatinib,5,P08922,13.739
fostamatinib,6,P29323,13.735
fostamatinib,7,P12931-3,13.685
fostamatinib,8,P12931-2,13.664
fostamatinib,9,P51451,13.651
fostamatinib,10,P12931,13.636
fulvestrant,1,O14757,12.352
fulvestrant,2,Q56UN5,12.261
fulvestrant,3,O14757-3,12.213
fulvestrant,4,Q56UN5-3,12.178
fulvestrant,5,O14757-2,12.159
fulvestrant,6,O75417-2,12.151
fulvestrant,7,Q02763,12.13
fulvestrant,8,O60673-2,12.128
fulvestrant,9,P35590,12.122
fulvestrant,10,P11309-2,12.121
fursultiamine,1,Q9HAZ1,12.585
fursultiamine,2,P08922,12.257
fursultiamine,3,Q96GD4-4,12.228
fursultiamine,4,O00329,12.187
fursultiamine,5,Q96GD4,12.172
fursultiamine,6,Q96GD4-5,12.155
fursultiamine,7,Q9UQB9-2,12.15
fursultiamine,8,Q5S007,12.051
fursultiamine,9,P78527,12.039
fursultiamine,10,P78527-2,12.039
gabazine,1,O00329,12.176
gabazine,2,O00311,11.593
gabazine,3,O14746-4,11.514
gabazine,4,P17948-3,11.442
gabazine,5,Q04771,11.393
gabazine,6,P10721-2,11.39
gabazine,7,P17948,11.387
gabazine,8,P10721,11.386
gabazine,9,P42336,11.357
gabazine,10,P09769,11.339
galantamine,1,P35916,12.918
galantamine,2,P35916-1,12.918
galantamine,3,Q9UEE5,12.886
galantamine,4,Q96RR4-3,12.793
galantamine,5,Q96RR4-2,12.783
galantamine,6,Q96RR4,12.778
galantamine,7,Q96RR4-7,12.771
galantamine,8,O00329,12.716
galantamine,9,Q96RR4-5,12.704
galantamine,10,P08922,12.69
ganciclovir,1,Q13535-2,12.586
ganciclovir,2,Q13535,12.563
ganciclovir,3,Q13535-3,12.563
ganciclovir,4,Q5S007,12.501
ganciclovir,5,P42356,12.393
ganciclovir,6,P78527,12.351
ganciclovir,7,P78527-2,12.351
ganciclovir,8,Q96Q15-3,12.345
ganciclovir,9,Q9Y6R4,12.342
ganciclovir,10,Q9Y6R4-2,12.342
ganglioside,1,O00329,12.059
ganglioside,2,P49841-2,11.667
ganglioside,3,P49841,11.65
ganglioside,4,P17948,11.624
ganglioside,5,P08922,11.541
ganglioside,6,Q56UN5,11.432
ganglioside,7,P06493-2,11.417
ganglioside,8,P50613,11.39
ganglioside,9,P24941,11.387
ganglioside,10,P17948-2,11.383
gedunin,1,O00329,13.1
gedunin,2,P42336,12.353
gedunin,3,Q04912-7,12.224
gedunin,4,P42345,12.068
gedunin,5,Q04912,12.064
gedunin,6,Q9UM73,12.021
gedunin,7,Q16584,11.996
gedunin,8,Q04912-2,11.992
gedunin,9,Q04912-5,11.951
gedunin,10,P80192-4,11.949
gefitinib,1,P00533,13.931
gefitinib,2,P21860,13.28
gefitinib,3,P42685,13.216
gefitinib,4,P21860-4,13.175
gefitinib,5,P07949,13.124
gefitinib,6,P07949-2,13.124
gefitinib,7,P06239,12.922
gefitinib,8,P06239-3,12.867
gefitinib,9,Q15303-2,12.825
gefitinib,10,Q15303-4,12.825
gemfibrozil,1,O43293,12.335
gemfibrozil,2,O00329,12.305
gemfibrozil,3,P51817,12.277
gemfibrozil,4,P08922,12.27
gemfibrozil,5,Q9UEE5,12.243
gemfibrozil,6,Q9UIK4-2,12.129
gemfibrozil,7,O43930,12.128
gemfibrozil,8,Q8IWQ3-6,12.128
gemfibrozil,9,P10721,12.123
gemfibrozil,10,P00519,12.12
glibenclamide,1,O00329,12.427
glibenclamide,2,P51817,12.28
glibenclamide,3,O96017,12.235
glibenclamide,4,Q13237,12.156
glibenclamide,5,O96017-9,12.149
glibenclamide,6,Q13237-2,12.139
glibenclamide,7,P49336-2,12.132
glibenclamide,8,P49336,12.13
glibenclamide,9,O43930,12.089
glibenclamide,10,P09619,12.073
granisetron,1,P17948,12.463
granisetron,2,P06241-2,12.264
granisetron,3,P00519,12.262
granisetron,4,P78527,12.242
granisetron,5,P78527-2,12.242
granisetron,6,P06241,12.236
granisetron,7,P00519-2,12.219
granisetron,8,P09769,12.207
granisetron,9,O43293,12.202
granisetron,10,P06241-3,12.176
griseofulvin,1,P08922,13.434
griseofulvin,2,O00329,12.826
griseofulvin,3,P35968,12.569
griseofulvin,4,O14757,12.543
griseofulvin,5,Q9UM73,12.477
griseofulvin,6,P07333,12.457
griseofulvin,7,P29376,12.392
griseofulvin,8,Q02763-2,12.379
griseofulvin,9,P29376-3,12.378
griseofulvin,10,P29376-4,12.328
guanfacine,1,P09619-2,12.822
guanfacine,2,Q6ZMQ8-2,12.75
guanfacine,3,O14746-4,12.658
guanfacine,4,Q15772-4,12.656
guanfacine,5,P48736,12.617
guanfacine,6,P11362-15,12.565
guanfacine,7,P08922,12.506
guanfacine,8,Q5EBM0-2,12.499
guanfacine,9,O75414-2,12.488
guanfacine,10,O14735-3,12.487
guggulsterone,1,O00329,12.216
guggulsterone,2,P08922,12.102
guggulsterone,3,P78527,11.971
guggulsterone,4,P78527-2,11.971
guggulsterone,5,P42336,11.902
guggulsterone,6,Q86TB3,11.856
guggulsterone,7,O43293,11.794
guggulsterone,8,Q56UN5,11.761
guggulsterone,9,Q96Q15,11.742
guggulsterone,10,O75417-2,11.736
halcinonide,1,O00329,12.23
halcinonide,2,P51451,12.097
halcinonide,3,P49336-2,12.027
halcinonide,4,P49336,12.018
halcinonide,5,Q16288-2,11.982
halcinonide,6,P00519,11.973
halcinonide,7,Q96RR4-7,11.968
halcinonide,8,Q96RR4-2,11.967
halcinonide,9,Q96RR4-3,11.957
halcinonide,10,O43293,11.954
haloperidol,1,O75676,12.301
haloperidol,2,O75676-2,12.291
haloperidol,3,O00329,12.118
haloperidol,4,P00519,12.076
haloperidol,5,Q9UBE8,12.066
haloperidol,6,Q13237,12.059
haloperidol,7,Q14680-5,12.058
haloperidol,8,Q14680-6,12.056
haloperidol,9,P00519-2,12.051
haloperidol,10,Q14680,12.035
heliomycin,1,P08922,13.985
heliomycin,2,Q00535-2,13.34
heliomycin,3,Q12866,13.301
heliomycin,4,Q8IZL9-4,13.245
heliomycin,5,P35968-2,13.244
heliomycin,6,Q8N5S9,13.219
heliomycin,7,Q14680-2,13.217
heliomycin,8,Q8IZL9-5,13.215
heliomycin,9,P35968-3,13.208
heliomycin,10,O96017-7,13.188
hemado,1,O00329,12.703
hemado,2,P17948,12.331
hemado,3,P08922,12.134
hemado,4,P22455-2,12.103
hemado,5,P17948-3,12.044
hemado,6,P22455,11.998
hemado,7,P17948-2,11.984
hemado,8,P11362-11,11.98
hemado,9,P42336,11.976
hemado,10,P11362-10,11.97
hexylresorcinol,1,Q9HAZ1,13.071
hexylresorcinol,2,Q9UEE5,13.036
hexylresorcinol,3,Q9UIK4-2,12.843
hexylresorcinol,4,O14746-4,12.817
hexylresorcinol,5,O94768,12.737
hexylresorcinol,6,O43293,12.713
hexylresorcinol,7,Q9Y463,12.659
hexylresorcinol,8,O00329,12.658
hexylresorcinol,9,P08922,12.557
hexylresorcinol,10,O00311,12.528
hinokitiol,1,P48736,12.127
hinokitiol,2,Q9HAZ1,12.09
hinokitiol,3,O14757,11.797
hinokitiol,4,O15021-4,11.764
hinokitiol,5,P51617-2,11.75
hinokitiol,6,O14772-3,11.74
hinokitiol,7,P51617,11.713
hinokitiol,8,O14746-4,11.711
hinokitiol,9,Q5EBM0-2,11.701
hinokitiol,10,Q6ZMQ8,11.642
hispidin,1,Q9UEE5,14.158
hispidin,2,Q9HAZ1,14.012
hispidin,3,O94768,13.994
hispidin,4,P30530,13.952
hispidin,5,Q9UIK4-2,13.94
hispidin,6,Q9NRA0-5,13.917
hispidin,7,P30530-2,13.906
hispidin,8,Q7Z695,13.901
hispidin,9,O00311,13.896
hispidin,10,P33076-4,13.883
honokiol,1,Q9HAZ1,13.051
honokiol,2,P51617,12.776
honokiol,3,P51617-2,12.705
honokiol,4,P51617-4,12.545
honokiol,5,P48736,12.543
honokiol,6,P51617-3,12.481
honokiol,7,Q00535-2,12.449
honokiol,8,P29376,12.444
honokiol,9,P29376-4,12.443
honokiol,10,P30530,12.406
huperzine-a,1,P08922,12.101
huperzine-a,2,Q9HAZ1,12.009
huperzine-a,3,O00311,11.995
huperzine-a,4,O00329,11.932
huperzine-a,5,Q13882-2,11.727
huperzine-a,6,P42338,11.691
huperzine-a,7,Q56UN5,11.681
huperzine-a,8,P42336,11.679
huperzine-a,9,Q8NEV1,11.676
huperzine-a,10,P68400,11.661
hydralazine,1,Q00535-2,11.904
hydralazine,2,Q00535,11.685
hydralazine,3,P48736,11.624
hydralazine,4,P06493-2,11.61
hydralazine,5,Q96GD4-2,11.577
hydralazine,6,Q00526,11.565
hydralazine,7,Q96GD4-4,11.562
hydralazine,8,P21802-14,11.553
hydralazine,9,Q12866,11.535
hydralazine,10,Q15131-3,11.527
hydrastine,1,P29320,12.835
hydrastine,2,Q15375-2,12.77
hydrastine,3,Q15375-4,12.768
hydrastine,4,Q15375,12.759
hydrastine,5,P54762,12.744
hydrastine,6,Q02763,12.72
hydrastine,7,P54764,12.695
hydrastine,8,P54764-2,12.606
hydrastine,9,P54756,12.558
hydrastine,10,P54760,12.553
hydrastinine,1,P08922,12.139
hydrastinine,2,O00329,12.027
hydrastinine,3,Q9H4B4,12.019
hydrastinine,4,O00311,11.985
hydrastinine,5,P12931,11.959
hydrastinine,6,P09769,11.94
hydrastinine,7,Q9H0K1,11.939
hydrastinine,8,P42684-10,11.927
hydrastinine,9,P42684-4,11.927
hydrastinine,10,P12931-2,11.913
hyperforin,1,Q00535-2,12.249
hyperforin,2,O00329,12.229
hyperforin,3,P42345,12.181
hyperforin,4,P17948,12.1
hyperforin,5,P29376,12.089
hyperforin,6,P16591,12.087
hyperforin,7,Q9UEE5,12.075
hyperforin,8,P00519,12.066
hyperforin,9,P53355-4,12.058
hyperforin,10,P50750,12.046
hypericin,1,O00329,13.126
hypericin,2,P08922,13.089
hypericin,3,P29376,12.776
hypericin,4,P29376-3,12.756
hypericin,5,Q9UIK4-2,12.734
hypericin,6,P29376-4,12.719
hypericin,7,P29376-5,12.708
hypericin,8,Q01974,12.702
hypericin,9,Q9UM73,12.633
hypericin,10,O43293,12.622
ibuprofen,1,P08922,11.592
ibuprofen,2,Q9UEE5,11.551
ibuprofen,3,O00329,11.492
ibuprofen,4,P48736,11.482
ibuprofen,5,Q13976,11.463
ibuprofen,6,Q9P1W9,11.455
ibuprofen,7,P16591-2,11.445
ibuprofen,8,P16591,11.444
ibuprofen,9,Q13976-2,11.434
ibuprofen,10,O94768,11.408
icariin,1,O00329,12.731
icariin,2,P42336,12.203
icariin,3,P29376,12.087
icariin,4,Q9UM73,12.048
icariin,5,Q8N0W3,11.949
icariin,6,P29376-4,11.933
icariin,7,P36888,11.929
icariin,8,P17948,11.928
icariin,9,P07949,11.908
icariin,10,P07949-2,11.908
ilomastat,1,Q9HAZ1,12.674
ilomastat,2,P49759,12.3
ilomastat,3,Q9UEE5,12.224
ilomastat,4,P78527,12.095
ilomastat,5,P78527-2,12.095
ilomastat,6,P49759-3,12.088
ilomastat,7,O94768,12.053
ilomastat,8,Q86V86,12.037
ilomastat,9,P49761,12.032
ilomastat,10,O00329,12.031
imatinib,1,P06239-3,14.285
imatinib,2,P07947,14.278
imatinib,3,P42685,14.164
imatinib,4,P09769,14.119
imatinib,5,P06239,14.052
imatinib,6,P06241-2,13.855
imatinib,7,P12931,13.831
imatinib,8,P06241,13.82
imatinib,9,P12931-2,13.816
imatinib,10,P12931-3,13.724
imperatorin,1,P49336,12.361
imperatorin,2,P49336-2,12.358
imperatorin,3,P48736,12.15
imperatorin,4,Q14680-5,12.03
imperatorin,5,Q14680-6,11.984
imperatorin,6,P11309-2,11.975
imperatorin,7,P08922,11.954
imperatorin,8,Q14680-7,11.954
imperatorin,9,Q9HAZ1,11.924
imperatorin,10,Q14680,11.91
importazole,1,Q56UN5,12.477
importazole,2,Q9Y6R4,12.427
importazole,3,Q9Y6R4-2,12.427
importazole,4,Q13315,12.287
importazole,5,Q13535-2,12.264
importazole,6,Q13535,12.239
importazole,7,Q13535-3,12.239
importazole,8,P48736,12.221
importazole,9,P35558-2,12.221
importazole,10,Q5S007,12.148
indapamide,1,P08922,12.638
indapamide,2,O00329,12.42
indapamide,3,O96017-3,12.142
indapamide,4,P35916-3,12.089
indapamide,5,Q5S007,12.068
indapamide,6,Q13535-2,12.008
indapamide,7,Q13315,11.967
indapamide,8,Q13535,11.965
indapamide,9,Q13535-3,11.965
indapamide,10,Q9Y6R4,11.938
indatraline,1,P51817,12.615
indatraline,2,O43930,12.513
indatraline,3,P08922,12.498
indatraline,4,Q9HAZ1,12.391
indatraline,5,P48736,12.385
indatraline,6,P09619,12.338
indatraline,7,P78527,12.239
indatraline,8,P78527-2,12.239
indatraline,9,Q9H0K1,12.229
indatraline,10,P30530,12.22
indinavir,1,P11802,12.679
indinavir,2,Q00534,12.58
indinavir,3,Q14680-7,12.391
indinavir,4,Q8N5S9,12.377
indinavir,5,Q14680-6,12.355
indinavir,6,Q14680,12.352
indinavir,7,Q8IWQ3-6,12.327
indinavir,8,Q14680-2,12.292
indinavir,9,O14965,12.285
indinavir,10,P11802-2,12.254
indirubin,1,Q9HAZ1,13.322
indirubin,2,Q9Y6R4,13.148
indirubin,3,Q9Y6R4-2,13.148
indirubin,4,O00311,13.091
indirubin,5,Q13535-2,13.057
indirubin,6,Q8N2I9-2,13.013
indirubin,7,Q13535,12.985
indirubin,8,Q13535-3,12.985
indirubin,9,Q96Q15-3,12.964
indirubin,10,Q13315,12.949
indometacin,1,O00329,12.585
indometacin,2,P00519,12.415
indometacin,3,Q16288-4,12.406
indometacin,4,Q16288,12.398
indometacin,5,P17948,12.382
indometacin,6,P00519-2,12.352
indometacin,7,Q16288-5,12.335
indometacin,8,Q16288-3,12.329
indometacin,9,P30530,12.292
indometacin,10,P30530-2,12.273
ingenol,1,O00329,13.088
ingenol,2,O43293,12.699
ingenol,3,P42336,12.512
ingenol,4,Q9UIK4-2,12.511
ingenol,5,P48736,12.355
ingenol,6,O43293-2,12.289
ingenol,7,P78527,12.179
ingenol,8,P78527-2,12.179
ingenol,9,O00311,12.177
ingenol,10,Q9UIK4,12.174
iodoacetic-acid,1,Q9UEE5,11.85
iodoacetic-acid,2,P48736,11.714
iodoacetic-acid,3,P16591,11.692
iodoacetic-acid,4,P08922,11.672
iodoacetic-acid,5,O94768,11.664
iodoacetic-acid,6,P16591-2,11.562
iodoacetic-acid,7,Q8N2I9-2,11.529
iodoacetic-acid,8,Q8IWQ3-6,11.501
iodoacetic-acid,9,P02808-2,11.483
iodoacetic-acid,10,P00533,11.464
iodophenpropit,1,Q9HAZ1,12.577
iodophenpropit,2,O00329,12.428
iodophenpropit,3,Q9UQB9-2,12.365
iodophenpropit,4,Q9UQB9,12.264
iodophenpropit,5,Q96GD4-2,12.252
iodophenpropit,6,Q96GD4-4,12.247
iodophenpropit,7,Q9UQB9-3,12.242
iodophenpropit,8,Q15772-4,12.227
iodophenpropit,9,Q96GD4,12.195
iodophenpropit,10,P08922,12.194
iopanoic-acid,1,Q86V86,12.584
iopanoic-acid,2,Q9P1W9,12.456
iopanoic-acid,3,P11309-2,12.388
iopanoic-acid,4,Q9HAZ1,12.358
iopanoic-acid,5,P11309,12.304
iopanoic-acid,6,O43293,12.303
iopanoic-acid,7,O43293-2,12.231
iopanoic-acid,8,Q9UIK4-2,12.202
iopanoic-acid,9,P68400,12.126
iopanoic-acid,10,Q8NEV1,12.098
ioxaglic-acid,1,O00329,12.219
ioxaglic-acid,2,O96017,12.095
ioxaglic-acid,3,O96017-9,12.004
ioxaglic-acid,4,P36888,11.967
ioxaglic-acid,5,P30530,11.898
ioxaglic-acid,6,P30530-2,11.886
ioxaglic-acid,7,Q8N5S9,11.88
ioxaglic-acid,8,P36888-2,11.826
ioxaglic-acid,9,P07949,11.809
ioxaglic-acid,10,P07949-2,11.809
ipratropium,1,P78527,12.114
ipratropium,2,P78527-2,12.114
ipratropium,3,Q5S007,12.069
ipratropium,4,O00329,12.05
ipratropium,5,P07949,12.031
ipratropium,6,P07949-2,12.031
ipratropium,7,Q96Q15-2,11.999
ipratropium,8,Q13315,11.983
ipratropium,9,Q96Q15-3,11.975
ipratropium,10,Q13535-2,11.936
ipriflavone,1,P48736,11.988
ipriflavone,2,P08922,11.94
ipriflavone,3,Q14680-5,11.872
ipriflavone,4,P16591,11.854
ipriflavone,5,O00329,11.831
ipriflavone,6,P16591-2,11.804
ipriflavone,7,Q9P1W9,11.785
ipriflavone,8,Q14680-6,11.765
ipriflavone,9,Q13237-2,11.762
ipriflavone,10,Q13237,11.724
irsogladine,1,Q9HAZ1,12.891
irsogladine,2,Q9Y6R4,12.598
irsogladine,3,Q9Y6R4-2,12.598
irsogladine,4,P48736,12.492
irsogladine,5,P08922,12.488
irsogladine,6,P49761-3,12.401
irsogladine,7,P78527,12.395
irsogladine,8,P78527-2,12.395
irsogladine,9,Q9H0K1,12.392
irsogladine,10,P49759,12.386
isamoltan,1,P08922,11.811
isamoltan,2,Q13535-2,11.762
isamoltan,3,Q13535,11.712
isamoltan,4,Q13535-3,11.712
isamoltan,5,Q5S007,11.634
isamoltan,6,P78527,11.539
isamoltan,7,P78527-2,11.539
isamoltan,8,O00329,11.536
isamoltan,9,Q13315,11.516
isamoltan,10,Q56UN5,11.511
isoquercetin,1,P11309,12.231
isoquercetin,2,P11309-2,12.229
isoquercetin,3,Q9P1W9,12.207
isoquercetin,4,Q86V86,12.032
isoquercetin,5,O00329,12.022
isoquercetin,6,Q9UIK4-2,11.906
isoquercetin,7,O43293,11.887
isoquercetin,8,P17948,11.672
isoquercetin,9,P35916,11.645
isoquercetin,10,P35916-1,11.645
isorotenone,1,O00329,12.66
isorotenone,2,P07949,12.557
isorotenone,3,P54762,12.557
isorotenone,4,P07949-2,12.557
isorotenone,5,Q15375-4,12.548
isorotenone,6,Q15375,12.542
isorotenone,7,Q15375-2,12.542
isorotenone,8,P08922,12.511
isorotenone,9,P29320,12.479
isorotenone,10,P29322,12.433
ispinesib,1,P42338,12.694
ispinesib,2,P48736,12.622
ispinesib,3,O00329,12.604
ispinesib,4,O75116,12.488
ispinesib,5,Q9HAZ1,12.342
ispinesib,6,P17612,12.284
ispinesib,7,P17612-2,12.278
ispinesib,8,P78527,12.243
ispinesib,9,P78527-2,12.243
ispinesib,10,Q13464,12.221
isradipine,1,Q9HAZ1,12.501
isradipine,2,P49841-2,12.344
isradipine,3,P49841,12.342
isradipine,4,P17948,12.315
isradipine,5,P51817,12.306
isradipine,6,O14965,12.284
isradipine,7,P00519,12.276
isradipine,8,P00519-2,12.223
isradipine,9,P49759,12.142
isradipine,10,P11802,12.09
itraconazole,1,P29376,13.263
itraconazole,2,O00329,13.068
itraconazole,3,Q13315,13.066
itraconazole,4,Q9UM73,13.014
itraconazole,5,O75747,13.003
itraconazole,6,P29376-4,12.953
itraconazole,7,Q5S007,12.911
itraconazole,8,Q96Q15-2,12.872
itraconazole,9,Q96Q15-3,12.865
itraconazole,10,P42345,12.841
ivermectin,1,O00329,12.965
ivermectin,2,P07949,12.551
ivermectin,3,P07949-2,12.551
ivermectin,4,P12931,12.374
ivermectin,5,P36896-2,12.371
ivermectin,6,P51451,12.349
ivermectin,7,P36896-3,12.347
ivermectin,8,P36896,12.341
ivermectin,9,P12931-2,12.33
ivermectin,10,Q8NER5-3,12.328
kavain,1,P48736,11.89
kavain,2,P16591,11.863
kavain,3,P16591-2,11.851
kavain,4,P08922,11.849
kavain,5,O00329,11.782
kavain,6,Q9Y6R4,11.719
kavain,7,Q9Y6R4-2,11.719
kavain,8,Q14680-5,11.709
kavain,9,P10721-2,11.692
kavain,10,P10721,11.691
kenpaullone,1,P49840,14.061
kenpaullone,2,P49841,14.056
kenpaullone,3,P49841-2,14.042
kenpaullone,4,Q04771,13.654
kenpaullone,5,Q8NER5-4,13.438
kenpaullone,6,Q8NER5,13.43
kenpaullone,7,Q8NER5-3,13.427
kenpaullone,8,P06241,13.328
kenpaullone,9,P37023,13.326
kenpaullone,10,P36896,13.3
ketanserin,1,Q5S007,12.378
ketanserin,2,Q9Y6R4,12.35
ketanserin,3,Q9Y6R4-2,12.35
ketanserin,4,Q13315,12.295
ketanserin,5,Q96Q15-3,12.273
ketanserin,6,Q13535-2,12.244
ketanserin,7,Q13535,12.242
ketanserin,8,Q13535-3,12.242
ketanserin,9,P78527,12.222
ketanserin,10,P78527-2,12.222
ketoprofen,1,P48736,12.025
ketoprofen,2,Q14680-5,11.806
ketoprofen,3,Q9P1W9,11.785
ketoprofen,4,Q8NEV1,11.756
ketoprofen,5,P68400,11.746
ketoprofen,6,Q14680-3,11.735
ketoprofen,7,P16591,11.729
ketoprofen,8,P16591-2,11.729
ketoprofen,9,Q14680-6,11.728
ketoprofen,10,Q12866,11.701
kinetin-riboside,1,O00329,12.168
kinetin-riboside,2,P00533,11.85
kinetin-riboside,3,P08922,11.658
kinetin-riboside,4,Q13882-2,11.453
kinetin-riboside,5,P50613,11.441
kinetin-riboside,6,Q15772-4,11.429
kinetin-riboside,7,Q16539,11.424
kinetin-riboside,8,P17948,11.391
kinetin-riboside,9,Q86TB3,11.39
kinetin-riboside,10,Q14680-6,11.375
lacidipine,1,O00329,12.677
lacidipine,2,Q04771,12.422
lacidipine,3,P42336,12.338
lacidipine,4,P00519,12.255
lacidipine,5,P00519-2,12.236
lacidipine,6,O00238-2,12.198
lacidipine,7,P37023,12.186
lacidipine,8,Q8NER5-4,12.167
lacidipine,9,Q8NER5,12.16
lacidipine,10,O00238,12.156
lamotrigine,1,Q9HAZ1,13.936
lamotrigine,2,P49759,13.651
lamotrigine,3,P49759-3,13.577
lamotrigine,4,P49761-3,13.326
lamotrigine,5,P49674,13.229
lamotrigine,6,P49761,13.206
lamotrigine,7,Q00532-2,13.035
lamotrigine,8,P78527,12.967
lamotrigine,9,P78527-2,12.967
lamotrigine,10,P48729-2,12.966
lapatinib,1,P00533,12.734
lapatinib,2,P08581,12.623
lapatinib,3,Q13315,12.621
lapatinib,4,P08581-2,12.596
lapatinib,5,P78527,12.585
lapatinib,6,P78527-2,12.585
lapatinib,7,O00329,12.549
lapatinib,8,O75962,12.411
lapatinib,9,O75962-2,12.411
lapatinib,10,O75962-5,12.411
lasalocid,1,P78527,12.724
lasalocid,2,P78527-2,12.724
lasalocid,3,Q13315,12.592
lasalocid,4,Q96Q15-2,12.553
lasalocid,5,Q5S007,12.524
lasalocid,6,Q96Q15-3,12.523
lasalocid,7,P11802,12.429
lasalocid,8,O00329,12.36
lasalocid,9,Q13535-2,12.341
lasalocid,10,Q13535,12.313
lavendustin-a,1,O00329,13.245
lavendustin-a,2,Q9NRA0-5,12.553
lavendustin-a,3,P08922,12.434
lavendustin-a,4,P42336,12.426
lavendustin-a,5,Q6ZMQ8-3,12.41
lavendustin-a,6,Q6ZMQ8,12.402
lavendustin-a,7,Q96RR4,12.363
lavendustin-a,8,Q8N5S9,12.361
lavendustin-a,9,P29376-4,12.358
lavendustin-a,10,P29376,12.351
leflunomide,1,Q16539,13.126
leflunomide,2,Q16539-2,13.088
leflunomide,3,Q16539-4,12.368
leflunomide,4,Q16539-3,12.359
leflunomide,5,Q16539-5,12.264
leflunomide,6,Q15759,12.221
leflunomide,7,P09769,12.057
leflunomide,8,P36896-3,12.031
leflunomide,9,Q8NER5,12.022
leflunomide,10,P36896-2,12.021
lenalidomide,1,P49841-2,12.45
lenalidomide,2,P49841,12.387
lenalidomide,3,P49840,12.16
lenalidomide,4,Q00535-2,11.894
lenalidomide,5,P08922,11.879
lenalidomide,6,O96017-3,11.753
lenalidomide,7,Q5MAI5-2,11.695
lenalidomide,8,Q00532,11.693
lenalidomide,9,Q5MAI5,11.654
lenalidomide,10,P24941-2,11.65
lestaurtinib,1,Q96RR4-5,15.29
lestaurtinib,2,Q96RR4-3,15.284
lestaurtinib,3,Q96RR4-2,15.274
lestaurtinib,4,Q96RR4-7,15.264
lestaurtinib,5,Q96RR4-6,15.242
lestaurtinib,6,Q96RR4-4,15.21
lestaurtinib,7,Q96RR4,15.199
lestaurtinib,8,Q8N5S9,15.166
lestaurtinib,9,P57059,14.91
lestaurtinib,10,Q9H093,14.812
letrozole,1,P48736,12.358
letrozole,2,Q14680-5,12.252
letrozole,3,P08922,12.221
letrozole,4,Q14680-6,12.214
letrozole,5,Q14680,12.213
letrozole,6,Q14680-7,12.213
letrozole,7,P17948,12.198
letrozole,8,Q14680-4,12.187
letrozole,9,Q5S007,12.155
letrozole,10,Q9P1W9,12.129
leucodin,1,O00329,12.045
leucodin,2,P12931,12.042
leucodin,3,P12931-2,11.994
leucodin,4,P12931-3,11.976
leucodin,5,P48730,11.915
leucodin,6,Q04771,11.909
leucodin,7,P48736,11.907
leucodin,8,Q8NER5-3,11.898
leucodin,9,P42685,11.89
leucodin,10,P48730-2,11.883
levonorgestrel,1,P08922,12.298
levonorgestrel,2,P48736,12.29
levonorgestrel,3,Q12866,12.216
levonorgestrel,4,Q8IWQ3-6,12.209
levonorgestrel,5,O14757,12.203
levonorgestrel,6,P78527,12.201
levonorgestrel,7,P78527-2,12.201
levonorgestrel,8,Q13315,12.159
levonorgestrel,9,Q56UN5,12.154
levonorgestrel,10,Q5S007,12.121
lidoflazine,1,P07947,13.908
lidoflazine,2,P09769,13.789
lidoflazine,3,P06241-2,13.734
lidoflazine,4,P06241,13.606
lidoflazine,5,P12931,13.574
lidoflazine,6,P12931-2,13.499
lidoflazine,7,P06241-3,13.419
lidoflazine,8,P12931-3,13.411
lidoflazine,9,P08631-2,13.084
lidoflazine,10,P08631-3,13.062
linifanib,1,P17948,15.245
linifanib,2,P10721,15.058
linifanib,3,P10721-2,15.042
linifanib,4,P07333,14.98
linifanib,5,P36888,14.947
linifanib,6,P09619,14.652
linifanib,7,P36888-2,14.477
linifanib,8,P16234,14.045
linifanib,9,Q9UBE8,13.93
linifanib,10,P35916,13.922
linopirdine,1,O75116,13.132
linopirdine,2,O00329,13.104
linopirdine,3,Q9HAZ1,13.083
linopirdine,4,Q13464,13.048
linopirdine,5,P17612,12.807
linopirdine,6,P17612-2,12.773
linopirdine,7,P48736,12.738
linopirdine,8,P49336,12.686
linopirdine,9,P49336-2,12.676
linopirdine,10,P22694-10,12.671
linsitinib,1,P06213-2,14.513
linsitinib,2,P06213,14.478
linsitinib,3,P08069,14.176
linsitinib,4,P14616,14.117
linsitinib,5,P35916,13.282
linsitinib,6,P35916-1,13.282
linsitinib,7,P35916-3,13.21
linsitinib,8,P00533-3,12.859
linsitinib,9,P07949,12.851
linsitinib,10,P07949-2,12.851
lisuride,1,Q9HAZ1,13.048
lisuride,2,P49759,12.57
lisuride,3,P49759-3,12.497
lisuride,4,P49761,12.37
lisuride,5,Q5S007,12.294
lisuride,6,P49761-3,12.265
lisuride,7,Q9Y463,12.258
lisuride,8,Q9Y463-2,12.179
lisuride,9,Q9Y463-3,12.154
lisuride,10,Q12866,12.095
lobendazole,1,Q9HAZ1,12.117
lobendazole,2,P16591,11.94
lobendazole,3,P16591-2,11.885
lobendazole,4,Q14680-5,11.784
lobendazole,5,O00329,11.78
lobendazole,6,P48736,11.778
lobendazole,7,Q13237-2,11.775
lobendazole,8,Q12866,11.762
lobendazole,9,Q13237,11.754
lobendazole,10,P49759,11.71
lofepramine,1,P48736,12.191
lofepramine,2,P49336,12.118
lofepramine,3,P49336-2,12.118
lofepramine,4,Q9BRR6-6,12.059
lofepramine,5,Q14680-5,12.043
lofepramine,6,Q12866,12.007
lofepramine,7,Q14680-6,12.006
lofepramine,8,Q96Q11-3,11.971
lofepramine,9,O75460-2,11.963
lofepramine,10,P11362-15,11.95
lomerizine,1,P42685,13.085
lomerizine,2,Q9Y4K4,13.004
lomerizine,3,P10721-2,12.943
lomerizine,4,P09619,12.939
lomerizine,5,P10721,12.933
lomerizine,6,Q08881,12.913
lomerizine,7,P16234,12.846
lomerizine,8,P53667-4,12.775
lomerizine,9,P42684,12.754
lomerizine,10,P00519-2,12.741
lonidamine,1,P51817,12.543
lonidamine,2,P17948,12.417
lonidamine,3,Q13976,12.33
lonidamine,4,O43930,12.324
lonidamine,5,Q13976-2,12.275
lonidamine,6,P00519,12.217
lonidamine,7,O43293,12.198
lonidamine,8,O00311,12.197
lonidamine,9,O00329,12.184
lonidamine,10,P00519-2,12.164
loperamide,1,Q9Y4K4,12.223
loperamide,2,Q8IVH8-2,12.215
loperamide,3,P07949,12.191
loperamide,4,P07949-2,12.191
loperamide,5,Q8IVH8,12.182
loperamide,6,Q8IVH8-3,12.174
loperamide,7,P54760,12.172
loperamide,8,Q96RR4,12.168
loperamide,9,Q96RR4-7,12.159
loperamide,10,P29376,12.151
losartan,1,Q9HAZ1,12.995
losartan,2,P49759,12.716
losartan,3,P50613,12.616
losartan,4,O00311,12.578
losartan,5,P78527,12.482
losartan,6,P78527-2,12.482
losartan,7,P49759-3,12.455
losartan,8,P49761-3,12.452
losartan,9,P49761,12.438
losartan,10,P17948,12.424
loxoprofen,1,Q9H4B4,12.083
loxoprofen,2,P48736,12.068
loxoprofen,3,Q8IW41-2,11.991
loxoprofen,4,Q8IW41,11.988
loxoprofen,5,P16591,11.948
loxoprofen,6,P30530,11.938
loxoprofen,7,P16591-2,11.93
loxoprofen,8,P30530-2,11.923
loxoprofen,9,Q14680-5,11.902
loxoprofen,10,P10721,11.897
lupanine,1,Q9Y6R4,11.913
lupanine,2,Q9Y6R4-2,11.913
lupanine,3,O14746-4,11.901
lupanine,4,P48736,11.871
lupanine,5,Q56UN5,11.842
lupanine,6,Q5T9C9,11.761
lupanine,7,P08922,11.743
lupanine,8,Q13882-2,11.702
lupanine,9,Q8IWQ3-6,11.68
lupanine,10,Q5TCX8-3,11.666
lylamine,1,P08922,12.568
lylamine,2,P36888,12.168
lylamine,3,P35968-2,12.105
lylamine,4,P35968-3,12.098
lylamine,5,P36888-2,12.055
lylamine,6,P48736,12.029
lylamine,7,Q96RR4-2,11.954
lylamine,8,Q12866,11.949
lylamine,9,Q96RR4,11.945
lylamine,10,Q96RR4-7,11.943
maprotiline,1,P48736,12.255
maprotiline,2,Q14680-5,11.961
maprotiline,3,Q14680-6,11.956
maprotiline,4,Q12866,11.932
maprotiline,5,Q14680-4,11.868
maprotiline,6,Q14680-7,11.851
maprotiline,7,P30530,11.847
maprotiline,8,Q14680,11.847
maprotiline,9,P08922,11.831
maprotiline,10,P78527,11.831
masitinib,1,P42685,14.058
masitinib,2,P09769,13.776
masitinib,3,P07947,13.753
masitinib,4,P06239-3,13.592
masitinib,5,P06241-2,13.556
masitinib,6,P06241,13.507
masitinib,7,P06239,13.493
masitinib,8,P06241-3,13.413
masitinib,9,P07948,13.356
masitinib,10,P07948-2,13.326
mebendazole,1,Q9HAZ1,12.728
mebendazole,2,O00311,12.202
mebendazole,3,P49841-2,12.097
mebendazole,4,P49759,12.09
mebendazole,5,P49841,12.067
mebendazole,6,Q9Y463,12.034
mebendazole,7,P49759-3,12.015
mebendazole,8,P49336,11.991
mebendazole,9,P49336-2,11.984
mebendazole,10,P48736,11.94
mefenamic-acid,1,O00311,13.874
mefenamic-acid,2,P30291,13.203
mefenamic-acid,3,O00329,12.901
mefenamic-acid,4,P68400,12.802
mefenamic-acid,5,Q8NEV1,12.795
mefenamic-acid,6,P19784,12.726
mefenamic-acid,7,P68400-2,12.618
mefenamic-acid,8,P30291-2,12.599
mefenamic-acid,9,Q86V86,12.517
mefenamic-acid,10,O43293,12.486
mefexamide,1,P48736,12.64
mefexamide,2,P07332,12.234
mefexamide,3,P43405-2,12.231
mefexamide,4,P43405,12.225
mefexamide,5,P07332-3,12.2
mefexamide,6,P16591,12.192
mefexamide,7,P16591-2,12.173
mefexamide,8,Q14680-5,12.166
mefexamide,9,Q14680-6,12.166
mefexamide,10,P07332-4,12.164
melperone,1,O00329,11.973
melperone,2,Q56UN5,11.964
melperone,3,P48736,11.929
melperone,4,O60673,11.911
melperone,5,O75417-2,11.841
melperone,6,Q13237-2,11.832
melperone,7,Q14680-5,11.827
melperone,8,O00311,11.811
melperone,9,P16591-2,11.806
melperone,10,Q12866,11.794
memantine,1,O94768,11.813
memantine,2,P48736,11.812
memantine,3,Q9UEE5,11.76
memantine,4,Q6ZMQ8-2,11.638
memantine,5,O43293,11.577
memantine,6,O14746-4,11.461
memantine,7,P16591,11.453
memantine,8,Q9UIK4-2,11.44
memantine,9,P16591-2,11.437
memantine,10,O43293-2,11.436
menadione,1,P08922,11.711
menadione,2,P48736,11.542
menadione,3,Q8N2I9-2,11.461
menadione,4,O14772-3,11.457
menadione,5,Q13882-2,11.381
menadione,6,Q9HAZ1,11.334
menadione,7,O15021-4,11.312
menadione,8,Q9NRA0-5,11.305
menadione,9,P48730,11.28
menadione,10,Q6ZMQ8,11.273
mepireserpate,1,P17948,12.686
mepireserpate,2,P35916,12.599
mepireserpate,3,P35916-1,12.599
mepireserpate,4,P29376,12.502
mepireserpate,5,P07949,12.487
mepireserpate,6,P07949-2,12.487
mepireserpate,7,Q16288-4,12.485
mepireserpate,8,Q16288,12.479
mepireserpate,9,P30530-2,12.448
mepireserpate,10,P30530,12.439
meprylcaine,1,P48736,12.082
meprylcaine,2,Q13237-2,11.685
meprylcaine,3,P16591-2,11.666
meprylcaine,4,P16591,11.658
meprylcaine,5,Q13237,11.646
meprylcaine,6,Q12866,11.636
meprylcaine,7,Q02763-3,11.555
meprylcaine,8,Q02763-2,11.552
meprylcaine,9,Q14680-5,11.539
meprylcaine,10,Q14680-3,11.522
meptazinol,1,P48736,12.12
meptazinol,2,Q14680-6,12.043
meptazinol,3,Q14680-5,12.009
meptazinol,4,Q14680-7,11.997
meptazinol,5,Q9UEE5,11.993
meptazinol,6,Q14680,11.956
meptazinol,7,P29376-4,11.95
meptazinol,8,Q6ZMQ8,11.938
meptazinol,9,P29376-5,11.898
meptazinol,10,Q13535-2,11.882
mepyramine,1,P09619,13.081
mepyramine,2,P16234,13.004
mepyramine,3,P10721-2,12.841
mepyramine,4,P10721,12.834
mepyramine,5,P16234-3,12.775
mepyramine,6,P48736,12.616
mepyramine,7,P07333,12.584
mepyramine,8,P08922,12.507
mepyramine,9,O00329,12.413
mepyramine,10,Q9HAZ1,12.362
mestranol,1,P08922,12.596
mestranol,2,Q12866,12.553
mestranol,3,O00329,12.48
mestranol,4,O14757,12.477
mestranol,5,P29376,12.443
mestranol,6,P29376-4,12.407
mestranol,7,P48736,12.354
mestranol,8,Q9H0K1,12.336
mestranol,9,P29376-5,12.32
mestranol,10,P36888,12.315
metergoline,1,P51817,12.208
metergoline,2,P17948-3,12.203
metergoline,3,P35916-3,12.173
metergoline,4,Q14680-5,12.172
metergoline,5,O94806,12.164
metergoline,6,O94806-2,12.118
metergoline,7,Q9BZL6,12.095
metergoline,8,Q15139,12.091
metergoline,9,Q14680-6,12.091
metergoline,10,Q9P1W9,12.075
methandriol,1,O00329,12.331
methandriol,2,P08922,12.275
methandriol,3,Q9UEE5,12.145
methandriol,4,O94768,12.022
methandriol,5,P29376-5,11.968
methandriol,6,Q96RR4,11.917
methandriol,7,P48736,11.898
methandriol,8,P42336,11.893
methandriol,9,Q96RR4-3,11.888
methandriol,10,Q96RR4-2,11.878
methimazole,1,P08922,12.203
methimazole,2,Q9UEE5,11.891
methimazole,3,O94768,11.77
methimazole,4,Q56UN5,11.735
methimazole,5,O60673,11.662
methimazole,6,P48736,11.645
methimazole,7,P16591-2,11.642
methimazole,8,Q8IWQ3-5,11.637
methimazole,9,Q9H0K1,11.628
methimazole,10,Q13237-2,11.614
methotrexate,1,P17948,12.26
methotrexate,2,O00329,12.17
methotrexate,3,O00311,12.089
methotrexate,4,Q16288-4,12.044
methotrexate,5,Q16288,12.04
methotrexate,6,P30530-2,12.037
methotrexate,7,P30530,12.036
methotrexate,8,P10721,12.021
methotrexate,9,P10721-2,12.017
methotrexate,10,Q16288-5,12.011
methylene-blue,1,O14757,12.526
methylene-blue,2,P48736,12.516
methylene-blue,3,O95819-6,12.36
methylene-blue,4,O95819,12.35
methylene-blue,5,O95819-5,12.348
methylene-blue,6,P50750,12.344
methylene-blue,7,O95819-2,12.339
methylene-blue,8,O95819-4,12.337
methylene-blue,9,O14757-3,12.311
methylene-blue,10,Q9UKE5,12.299
methylnorlichexanthone,1,Q86V86,13.279
methylnorlichexanthone,2,P11309-2,12.935
methylnorlichexanthone,3,P11309,12.932
methylnorlichexanthone,4,Q9P1W9,12.421
methylnorlichexanthone,5,O43293,12.232
methylnorlichexanthone,6,Q9UIK4-2,12.198
methylnorlichexanthone,7,Q96GD4-4,12.106
methylnorlichexanthone,8,Q96GD4,12.093
methylnorlichexanthone,9,Q96GD4-5,12.088
methylnorlichexanthone,10,O43293-2,12.05
methylprednisolone,1,O00329,12.679
methylprednisolone,2,P42336,12.172
methylprednisolone,3,Q12866,12.099
methylprednisolone,4,P42345,12.033
methylprednisolone,5,P08922,11.901
methylprednisolone,6,Q6ZMQ8,11.869
methylprednisolone,7,P48736,11.868
methylprednisolone,8,P78527,11.833
methylprednisolone,9,P78527-2,11.833
methylprednisolone,10,P29376-5,11.828
metoclopramide,1,P08922,12.211
metoclopramide,2,Q06418,12.149
metoclopramide,3,Q14680-5,12.119
metoclopramide,4,O00311,12.113
metoclopramide,5,P48736,12.098
metoclopramide,6,Q14680-6,12.078
metoclopramide,7,P07333,12.045
metoclopramide,8,Q14680-7,12.03
metoclopramide,9,O00238-2,12.021
metoclopramide,10,P10721,12.012
metolazone,1,O00329,12.703
metolazone,2,P08922,12.349
metolazone,3,P17948,12.16
metolazone,4,P06241-2,12.118
metolazone,5,O00238-2,12.114
metolazone,6,O00238,12.112
metolazone,7,Q9UM73,12.098
metolazone,8,P06241,12.094
metolazone,9,P09769,12.084
metolazone,10,Q04771,12.063
metoprolol,1,P08922,11.679
metoprolol,2,O00329,11.426
metoprolol,3,Q56UN5,11.417
metoprolol,4,P48736,11.409
metoprolol,5,P16591-2,11.392
metoprolol,6,P16591,11.36
metoprolol,7,Q9Y6R4,11.351
metoprolol,8,Q9Y6R4-2,11.351
metoprolol,9,P10721-2,11.314
metoprolol,10,P10721,11.313
mibefradil,1,O00329,12.55
mibefradil,2,P42336,12.118
mibefradil,3,P42345,12.002
mibefradil,4,Q14680-6,11.93
mibefradil,5,Q13315,11.911
mibefradil,6,Q14680-7,11.903
mibefradil,7,Q14680,11.901
mibefradil,8,P78527,11.883
mibefradil,9,P78527-2,11.883
mibefradil,10,Q14680-5,11.843
midodrine,1,P48736,12.59
midodrine,2,P08922,12.215
midodrine,3,Q13882-2,12.183
midodrine,4,P07333-2,12.176
midodrine,5,P51817,12.129
midodrine,6,Q8N5S9,12.125
midodrine,7,O43930,12.107
midodrine,8,P16234-3,12.067
midodrine,9,P09619,12.065
midodrine,10,Q96RR4-3,12.063
midostaurin,1,Q16584,13.184
midostaurin,2,Q9Y4K4,13.173
midostaurin,3,Q92918,13.104
midostaurin,4,Q9H093,13.083
midostaurin,5,Q92918-2,13.061
midostaurin,6,O60285,13.06
midostaurin,7,Q9H0K1,13.046
midostaurin,8,Q8IVH8-2,13.025
midostaurin,9,Q8IVH8-3,13.016
midostaurin,10,Q96L34-2,13.011
miglitol,1,O96017-3,11.233
miglitol,2,Q12866,11.197
miglitol,3,P48736,11.178
miglitol,4,P35968-2,11.177
miglitol,5,P54760-2,11.177
miglitol,6,O96017-10,11.158
miglitol,7,P08922,11.149
miglitol,8,Q02763-3,11.141
miglitol,9,O00329,11.139
miglitol,10,P16591,11.127
milnacipran,1,Q13882-2,12.378
milnacipran,2,P51451,12.018
milnacipran,3,Q6ZMQ8-2,12.013
milnacipran,4,P35590-3,12.008
milnacipran,5,P48736,11.985
milnacipran,6,P16591,11.959
milnacipran,7,P16591-2,11.959
milnacipran,8,Q15772-4,11.934
milnacipran,9,P11362-15,11.927
milnacipran,10,Q9Y6R4,11.927
milrinone,1,O00311,13.997
milrinone,2,P49336,13.411
milrinone,3,P49336-2,13.401
milrinone,4,Q9HAZ1,13.114
milrinone,5,P49759,12.703
milrinone,6,O75116,12.691
milrinone,7,P49759-3,12.668
milrinone,8,P50750,12.661
milrinone,9,P50750-2,12.661
milrinone,10,P30291,12.615
mirin,1,Q9HAZ1,13.471
mirin,2,Q13627-5,13.165
mirin,3,Q9Y463-3,13.139
mirin,4,Q13627,13.127
mirin,5,Q9Y463-2,13.12
mirin,6,Q9Y463,13.112
mirin,7,Q13627-2,13.104
mirin,8,Q13627-3,13.051
mirin,9,Q13627-4,13.035
mirin,10,P49759-3,12.976
mirtazapine,1,Q5S007,12.18
mirtazapine,2,P36888,12.072
mirtazapine,3,Q8IWQ3-5,12.063
mirtazapine,4,P36888-2,12.01
mirtazapine,5,Q8IWQ3-6,11.976
mirtazapine,6,Q8TDC3,11.922
mirtazapine,7,Q8IWQ3,11.921
mirtazapine,8,Q8TDC3-2,11.899
mirtazapine,9,Q13535-2,11.89
mirtazapine,10,Q8IWQ3-2,11.873
mocetinostat,1,P11802,12.846
mocetinostat,2,Q9HAZ1,12.627
mocetinostat,3,Q00534,12.505
mocetinostat,4,O15530-4,12.436
mocetinostat,5,O15530-2,12.425
mocetinostat,6,O15530,12.395
mocetinostat,7,O00444-3,12.389
mocetinostat,8,P24941,12.378
mocetinostat,9,P24941-2,12.37
mocetinostat,10,O15530-3,12.364
mocimycin,1,Q13315,12.388
mocimycin,2,P78527,12.312
mocimycin,3,P78527-2,12.312
mocimycin,4,Q96Q15-2,12.27
mocimycin,5,Q96Q15-3,12.24
mocimycin,6,P50613,12.159
mocimycin,7,O00329,12.14
mocimycin,8,Q13535-2,12.044
mocimycin,9,P42356,12.039
mocimycin,10,Q13535,12.019
moclobemide,1,O00329,11.901
moclobemide,2,Q13237-2,11.873
moclobemide,3,Q56UN5,11.859
moclobemide,4,P16591,11.858
moclobemide,5,P48736,11.854
moclobemide,6,P16591-2,11.847
moclobemide,7,Q13237,11.834
moclobemide,8,Q9Y6R4,11.799
moclobemide,9,Q9Y6R4-2,11.799
moclobemide,10,O60673,11.782
molsidomine,1,Q9UQB9-2,11.819
molsidomine,2,O14965,11.714
molsidomine,3,P06241-3,11.706
molsidomine,4,P06241,11.69
molsidomine,5,Q9H4B4,11.684
molsidomine,6,Q96GD4-4,11.684
molsidomine,7,P06241-2,11.652
molsidomine,8,Q9UQB9-3,11.63
molsidomine,9,Q86V86,11.621
molsidomine,10,Q9UQB9,11.613
mosapride,1,Q16539,13.35
mosapride,2,Q16539-2,13.306
mosapride,3,Q16539-3,12.756
mosapride,4,Q16539-4,12.727
mosapride,5,Q16539-5,12.627
mosapride,6,Q9UBE8,12.605
mosapride,7,P07333,12.255
mosapride,8,Q13164-3,12.245
mosapride,9,P45984-3,12.233
mosapride,10,P45983-5,12.196
motesanib,1,O00329,13.111
motesanib,2,Q9HAZ1,12.901
motesanib,3,Q08881,12.887
motesanib,4,P04629-3,12.627
motesanib,5,O00311,12.569
motesanib,6,P80192,12.569
motesanib,7,P80192-4,12.565
motesanib,8,P04629,12.561
motesanib,9,P36888-2,12.558
motesanib,10,Q9Y4K4,12.51
naftidrofuryl,1,Q08881,12.122
naftidrofuryl,2,Q8IW41-2,12.122
naftidrofuryl,3,Q8IW41,12.121
naftidrofuryl,4,P16591,12.114
naftidrofuryl,5,Q13882-2,12.099
naftidrofuryl,6,P10721,12.092
naftidrofuryl,7,O75460-2,12.09
naftidrofuryl,8,P10721-2,12.09
naftidrofuryl,9,O00311,12.089
naftidrofuryl,10,Q14680-6,12.082
naftifine,1,P48736,12.801
naftifine,2,Q13882-2,12.445
naftifine,3,Q8IW41,12.328
naftifine,4,Q8IW41-2,12.321
naftifine,5,P30530,12.295
naftifine,6,Q14680-5,12.273
naftifine,7,Q14680-6,12.273
naftifine,8,P30530-2,12.27
naftifine,9,P43405-2,12.26
naftifine,10,O14746-4,12.252
nalbuphine,1,Q96GD4-4,12.343
nalbuphine,2,Q96GD4-5,12.269
nalbuphine,3,O00329,12.262
nalbuphine,4,Q9UQB9-2,12.259
nalbuphine,5,Q96GD4,12.258
nalbuphine,6,Q9H4B4,12.18
nalbuphine,7,Q9UQB9,12.173
nalbuphine,8,P08922,12.138
nalbuphine,9,Q9UQB9-3,12.074
nalbuphine,10,Q56UN5,12.014
naltrexone,1,P51617,13.004
naltrexone,2,P51617-2,12.963
naltrexone,3,Q9H4B4,12.866
naltrexone,4,O14746,12.745
naltrexone,5,P51617-4,12.737
naltrexone,6,O14746-2,12.686
naltrexone,7,P51617-3,12.662
naltrexone,8,O00329,12.558
naltrexone,9,P08922,12.558
naltrexone,10,O14746-3,12.528
naltrindole,1,P42345,12.974
naltrindole,2,O00329,12.725
naltrindole,3,P78527,12.621
naltrindole,4,P78527-2,12.621
naltrindole,5,P80192-4,12.562
naltrindole,6,P80192,12.549
naltrindole,7,P51617,12.512
naltrindole,8,Q13315,12.501
naltrindole,9,Q8N0W3,12.455
naltrindole,10,Q96Q15-3,12.455
narciclasine,1,O00311,13.638
narciclasine,2,O43293,13.092
narciclasine,3,O00329,13.079
narciclasine,4,Q9Y463,13.078
narciclasine,5,Q13627,13.008
narciclasine,6,Q13627-2,13.006
narciclasine,7,Q9Y463-3,12.975
narciclasine,8,Q13627-5,12.957
narciclasine,9,Q9Y463-2,12.954
narciclasine,10,Q9HAZ1,12.935
nateglinide,1,O00329,11.929
nateglinide,2,P51817,11.699
nateglinide,3,P16591,11.678
nateglinide,4,P48736,11.652
nateglinide,5,P16591-2,11.647
nateglinide,6,Q14680-5,11.625
nateglinide,7,Q8IW41,11.563
nateglinide,8,Q14680-6,11.559
nateglinide,9,Q8IW41-2,11.558
nateglinide,10,Q12866,11.555
necrostatin-1,1,Q9HAZ1,12.743
necrostatin-1,2,Q9UEE5,12.541
necrostatin-1,3,O94768,12.475
necrostatin-1,4,O00329,12.321
necrostatin-1,5,P68400,12.297
necrostatin-1,6,Q8NEV1,12.291
necrostatin-1,7,Q9UIK4-2,12.266
necrostatin-1,8,O43293,12.235
necrostatin-1,9,Q86YV6,12.235
necrostatin-1,10,Q32MK0-4,12.198
nefazodone,1,P42685,13.364
nefazodone,2,P09619,12.794
nefazodone,3,P16234,12.681
nefazodone,4,P12931-3,12.666
nefazodone,5,P09769,12.64
nefazodone,6,Q08881,12.639
nefazodone,7,P08922,12.616
nefazodone,8,P29320,12.611
nefazodone,9,P12931-2,12.604
nefazodone,10,P12931,12.596
nefopam,1,P36888,11.878
nefopam,2,P36888-2,11.804
nefopam,3,P08922,11.454
nefopam,4,P48736,11.413
nefopam,5,Q12866,11.397
nefopam,6,Q5S007,11.378
nefopam,7,Q13237-2,11.356
nefopam,8,Q13237,11.333
nefopam,9,P35968-2,11.32
nefopam,10,P16591,11.309
nelfinavir,1,P51817,12.764
nelfinavir,2,P17948,12.485
nelfinavir,3,Q9P1W9,12.328
nelfinavir,4,O43930,12.316
nelfinavir,5,P06241,12.308
nelfinavir,6,P78527,12.29
nelfinavir,7,P78527-2,12.29
nelfinavir,8,O75116,12.28
nelfinavir,9,P06241-2,12.261
nelfinavir,10,P06241-3,12.248
nemonapride,1,P51817,12.653
nemonapride,2,P08922,12.431
nemonapride,3,O00329,12.424
nemonapride,4,P42338,12.34
nemonapride,5,P48736,12.339
nemonapride,6,P00519,12.271
nemonapride,7,O43930,12.256
nemonapride,8,P00519-2,12.248
nemonapride,9,Q9UBE8,12.209
nemonapride,10,P49841-2,12.207
nicotinamide,1,Q9HAZ1,12.742
nicotinamide,2,O75116,12.501
nicotinamide,3,P08922,12.419
nicotinamide,4,Q00535-2,12.258
nicotinamide,5,Q13464,12.105
nicotinamide,6,O60566-2,11.963
nicotinamide,7,Q00535,11.94
nicotinamide,8,P49759,11.895
nicotinamide,9,Q13882-2,11.857
nicotinamide,10,Q56UN5,11.838
nifurtimox,1,P50750-2,13.147
nifurtimox,2,P48736,13.128
nifurtimox,3,P42336,13.104
nifurtimox,4,O00329,13.082
nifurtimox,5,Q8NEV1,13.043
nifurtimox,6,P50750,13.031
nifurtimox,7,P68400,13.023
nifurtimox,8,P42338,13.0
nifurtimox,9,P19784,12.96
nifurtimox,10,O00311,12.936
niguldipine,1,P00533,12.676
niguldipine,2,Q96GD4,12.597
niguldipine,3,Q96GD4-4,12.591
niguldipine,4,Q96GD4-5,12.591
niguldipine,5,Q9UQB9-2,12.543
niguldipine,6,Q9UQB9,12.528
niguldipine,7,O14965,12.516
niguldipine,8,P36888,12.468
niguldipine,9,P21860,12.446
niguldipine,10,P07949,12.44
nikkomycin,1,P50613,11.664
nikkomycin,2,P49841,11.54
nikkomycin,3,P49841-2,11.53
nikkomycin,4,O00329,11.484
nikkomycin,5,P17948,11.438
nikkomycin,6,Q00532,11.347
nikkomycin,7,Q5MAI5-2,11.339
nikkomycin,8,P36888,11.338
nikkomycin,9,P17948-3,11.326
nikkomycin,10,Q5MAI5,11.281
nilotinib,1,P42685,14.91
nilotinib,2,Q16539-2,14.353
nilotinib,3,Q16539,14.306
nilotinib,4,P06239-3,14.231
nilotinib,5,P07947,14.227
nilotinib,6,P09769,14.162
nilotinib,7,P07948,14.07
nilotinib,8,P07948-2,14.049
nilotinib,9,P06239,13.992
nilotinib,10,P08631-2,13.81
nimesulide,1,P48736,12.507
nimesulide,2,P08922,12.127
nimesulide,3,O14757,12.058
nimesulide,4,Q14680-5,11.974
nimesulide,5,P08581-3,11.954
nimesulide,6,Q14680-6,11.931
nimesulide,7,O14757-2,11.918
nimesulide,8,P53671,11.866
nimesulide,9,Q12866,11.863
nimesulide,10,P30530,11.862
nimodipine,1,P00519,12.57
nimodipine,2,P00519-2,12.514
nimodipine,3,O14965,12.51
nimodipine,4,Q04771,12.443
nimodipine,5,O00329,12.423
nimodipine,6,P17948,12.397
nimodipine,7,P30530,12.374
nimodipine,8,P30530-2,12.373
nimodipine,9,P42684-6,12.328
nimodipine,10,P49841-2,12.302
nitazoxanide,1,P49841-2,12.334
nitazoxanide,2,P49841,12.304
nitazoxanide,3,P17948,12.135
nitazoxanide,4,P49840,12.098
nitazoxanide,5,O00329,12.053
nitazoxanide,6,Q16288-4,11.966
nitazoxanide,7,Q04771,11.956
nitazoxanide,8,Q16288,11.956
nitazoxanide,9,P17948-3,11.937
nitazoxanide,10,Q16288-5,11.922
nitrendipine,1,Q00535-2,12.763
nitrendipine,2,Q04771,12.715
nitrendipine,3,P24941-2,12.648
nitrendipine,4,Q00535,12.562
nitrendipine,5,P24941,12.558
nitrendipine,6,Q8NER5-3,12.553
nitrendipine,7,Q8NER5-4,12.551
nitrendipine,8,Q8NER5,12.547
nitrendipine,9,P37023,12.522
nitrendipine,10,P08922,12.52
nitrocaramiphen,1,P48736,12.555
nitrocaramiphen,2,P11802,12.479
nitrocaramiphen,3,P50750,12.474
nitrocaramiphen,4,Q14680-6,12.405
nitrocaramiphen,5,P50750-2,12.403
nitrocaramiphen,6,Q00534,12.384
nitrocaramiphen,7,Q14680-7,12.364
nitrocaramiphen,8,O14757,12.345
nitrocaramiphen,9,Q00535-2,12.343
nitrocaramiphen,10,Q14680,12.326
nitrofural,1,P08922,12.536
nitrofural,2,O00329,12.382
nitrofural,3,P17948,12.356
nitrofural,4,O00311,12.351
nitrofural,5,Q8NEV1,12.316
nitrofural,6,P68400,12.284
nitrofural,7,P00519,12.232
nitrofural,8,O43293,12.23
nitrofural,9,P00519-2,12.19
nitrofural,10,P17948-3,12.184
nizatidine,1,O00329,12.768
nizatidine,2,P42338,12.291
nizatidine,3,P42336,12.167
nizatidine,4,O43781-2,12.153
nizatidine,5,Q9HAZ1,12.141
nizatidine,6,O43781,12.128
nizatidine,7,O00311,12.109
nizatidine,8,P09769,12.05
nizatidine,9,P07949,12.023
nizatidine,10,P07949-2,12.023
nocodazole,1,Q9HAZ1,13.043
nocodazole,2,P49759,12.471
nocodazole,3,P49759-3,12.453
nocodazole,4,Q9Y463,12.434
nocodazole,5,P49336,12.367
nocodazole,6,P49336-2,12.358
nocodazole,7,Q00535-2,12.282
nocodazole,8,O00311,12.278
nocodazole,9,Q9Y463-3,12.252
nocodazole,10,P50750,12.242
nomifensine,1,O14757,12.65
nomifensine,2,P48736,12.624
nomifensine,3,O14757-2,12.5
nomifensine,4,Q5VST9,12.378
nomifensine,5,Q5VST9-3,12.378
nomifensine,6,Q5VST9-2,12.378
nomifensine,7,Q5VST9-6,12.378
nomifensine,8,P53671,12.368
nomifensine,9,Q5VST9-7,12.368
nomifensine,10,P53671-2,12.361
nonoxynol-9,1,O00329,12.358
nonoxynol-9,2,P48736,12.083
nonoxynol-9,3,P10721-2,12.03
nonoxynol-9,4,P10721,12.016
nonoxynol-9,5,Q13237-2,11.995
nonoxynol-9,6,P08922,11.966
nonoxynol-9,7,Q13237,11.943
nonoxynol-9,8,P16591-2,11.929
nonoxynol-9,9,P16591,11.886
nonoxynol-9,10,P07332,11.852
noretynodrel,1,P08922,12.435
noretynodrel,2,P29376,12.433
noretynodrel,3,P29376-5,12.425
noretynodrel,4,P29376-4,12.382
noretynodrel,5,O75676,12.354
noretynodrel,6,Q12866,12.353
noretynodrel,7,P29376-3,12.332
noretynodrel,8,O75676-2,12.33
noretynodrel,9,Q9UM73,12.312
noretynodrel,10,O00329,12.291
norgestimate,1,O00329,12.671
norgestimate,2,P42336,12.277
norgestimate,3,P80192-4,12.268
norgestimate,4,P80192,12.258
norgestimate,5,P78527,12.17
norgestimate,6,P78527-2,12.17
norgestimate,7,P29376-5,12.156
norgestimate,8,P29376,12.143
norgestimate,9,Q16584,12.142
norgestimate,10,O75676,12.115
norgestrel,1,P08922,12.298
norgestrel,2,P48736,12.29
norgestrel,3,Q12866,12.216
norgestrel,4,Q8IWQ3-6,12.209
norgestrel,5,O14757,12.203
norgestrel,6,P78527,12.201
norgestrel,7,P78527-2,12.201
norgestrel,8,Q13315,12.159
norgestrel,9,Q56UN5,12.154
norgestrel,10,Q5S007,12.121
nortriptyline,1,Q96GD4-4,12.46
nortriptyline,2,Q96GD4,12.384
nortriptyline,3,Q9UQB9-2,12.37
nortriptyline,4,Q96GD4-5,12.363
nortriptyline,5,Q9UQB9,12.337
nortriptyline,6,Q9UQB9-3,12.293
nortriptyline,7,Q96GD4-2,12.248
nortriptyline,8,P08922,12.103
nortriptyline,9,P48736,12.087
nortriptyline,10,Q13882-2,11.999
noscapine,1,Q02763,12.866
noscapine,2,P29320,12.642
noscapine,3,P35590,12.548
noscapine,4,Q15375-2,12.424
noscapine,5,Q15375-4,12.423
noscapine,6,Q15375,12.414
noscapine,7,P54764,12.413
noscapine,8,P12931,12.369
noscapine,9,P54764-2,12.369
noscapine,10,Q02763-2,12.363
obatoclax,1,P07949,13.481
obatoclax,2,P07949-2,13.481
obatoclax,3,O00329,13.101
obatoclax,4,P35916,13.098
obatoclax,5,P35916-1,13.098
obatoclax,6,P17948,12.985
obatoclax,7,O95819-6,12.948
obatoclax,8,O95819,12.938
obatoclax,9,O95819-2,12.929
obatoclax,10,O95819-4,12.901
olaparib,1,O00329,12.282
olaparib,2,P10721-2,12.111
olaparib,3,P10721,12.109
olaparib,4,P29376,12.012
olaparib,5,P17948,12.007
olaparib,6,O14965,12.001
olaparib,7,Q08881,11.998
olaparib,8,Q13237,11.98
olaparib,9,P00519,11.974
olaparib,10,Q14680-5,11.956
oleoylethanolamide,1,P16591,12.005
oleoylethanolamide,2,Q13237,11.994
oleoylethanolamide,3,Q13237-2,11.994
oleoylethanolamide,4,P42679-3,11.965
oleoylethanolamide,5,P16591-2,11.95
oleoylethanolamide,6,O00311,11.949
oleoylethanolamide,7,P42679,11.924
oleoylethanolamide,8,P42679-2,11.917
oleoylethanolamide,9,O00329,11.905
oleoylethanolamide,10,P07332,11.88
oleylethanolamide,1,P16591,12.005
oleylethanolamide,2,Q13237,11.994
oleylethanolamide,3,Q13237-2,11.994
oleylethanolamide,4,P42679-3,11.965
oleylethanolamide,5,P16591-2,11.95
oleylethanolamide,6,O00311,11.949
oleylethanolamide,7,P42679,11.924
oleylethanolamide,8,P42679-2,11.917
oleylethanolamide,9,O00329,11.905
oleylethanolamide,10,P07332,11.88
oligomycin-a,1,O00329,12.767
oligomycin-a,2,P42336,12.116
oligomycin-a,3,Q14680-2,11.956
oligomycin-a,4,P36888,11.872
oligomycin-a,5,P36888-2,11.868
oligomycin-a,6,P41279,11.86
oligomycin-a,7,P41279-2,11.852
oligomycin-a,8,P50613,11.85
oligomycin-a,9,Q14680-7,11.823
oligomycin-a,10,Q14680,11.798
ondansetron,1,P08922,12.537
ondansetron,2,Q15772,12.292
ondansetron,3,Q15772-1,12.292
ondansetron,4,P48736,12.258
ondansetron,5,P78527,12.213
ondansetron,6,P78527-2,12.213
ondansetron,7,Q13315,12.188
ondansetron,8,P33076,12.15
ondansetron,9,O14746-2,12.146
ondansetron,10,P29376-3,12.125
orantinib,1,Q9UQB9-2,13.96
orantinib,2,Q9UQB9,13.934
orantinib,3,Q96GD4,13.933
orantinib,4,Q96GD4-5,13.927
orantinib,5,Q96GD4-4,13.914
orantinib,6,Q9UQB9-3,13.85
orantinib,7,O14965,13.8
orantinib,8,Q16288-4,13.615
orantinib,9,Q16288,13.614
orantinib,10,Q16288-3,13.537
orphenadrine,1,Q16539,13.002
orphenadrine,2,Q16539-2,12.883
orphenadrine,3,P30530,12.636
orphenadrine,4,P30530-2,12.618
orphenadrine,5,Q16539-3,12.604
orphenadrine,6,Q16539-5,12.595
orphenadrine,7,Q16539-4,12.594
orphenadrine,8,Q15759,12.357
orphenadrine,9,P48736,12.355
orphenadrine,10,P16591,12.301
oxantel,1,P08922,12.302
oxantel,2,Q6ZMQ8,12.271
oxantel,3,O14746-4,12.24
oxantel,4,Q6ZMQ8-3,12.185
oxantel,5,O14746-2,12.176
oxantel,6,Q15772,12.119
oxantel,7,Q15772-1,12.119
oxantel,8,P29376-4,12.111
oxantel,9,O00329,12.093
oxantel,10,Q7Z695,12.074
oxfendazole,1,Q9HAZ1,12.599
oxfendazole,2,P49336,12.31
oxfendazole,3,P49336-2,12.31
oxfendazole,4,O00311,11.992
oxfendazole,5,P49759,11.895
oxfendazole,6,P49759-3,11.869
oxfendazole,7,Q56UN5,11.829
oxfendazole,8,Q14680-4,11.807
oxfendazole,9,Q9Y6R4,11.793
oxfendazole,10,Q9Y6R4-2,11.793
oxiconazole,1,P17948,12.402
oxiconazole,2,P07949,12.271
oxiconazole,3,P07949-2,12.271
oxiconazole,4,Q9UQB9-2,12.255
oxiconazole,5,P30291,12.242
oxiconazole,6,Q16288-4,12.242
oxiconazole,7,Q16288,12.237
oxiconazole,8,O14965,12.201
oxiconazole,9,Q9UQB9,12.184
oxiconazole,10,Q16288-3,12.177
oxotremorine,1,P08922,12.206
oxotremorine,2,P48736,12.059
oxotremorine,3,Q12866,11.672
oxotremorine,4,P16591-2,11.668
oxotremorine,5,P16591,11.621
oxotremorine,6,P29376-4,11.602
oxotremorine,7,P29376-3,11.586
oxotremorine,8,Q8IWQ3-6,11.584
oxotremorine,9,Q13237-2,11.582
oxotremorine,10,O14746-4,11.581
oxprenolol,1,P48736,11.693
oxprenolol,2,O00329,11.671
oxprenolol,3,Q56UN5,11.545
oxprenolol,4,P08922,11.506
oxprenolol,5,P78527,11.504
oxprenolol,6,P78527-2,11.504
oxprenolol,7,Q9Y6R4,11.457
oxprenolol,8,Q9Y6R4-2,11.457
oxprenolol,9,Q13535-2,11.434
oxprenolol,10,Q13315,11.426
oxybuprocaine,1,Q13882,12.503
oxybuprocaine,2,P00519-2,12.445
oxybuprocaine,3,P53667-2,12.435
oxybuprocaine,4,P00519,12.423
oxybuprocaine,5,P42684-10,12.411
oxybuprocaine,6,P42684-4,12.409
oxybuprocaine,7,P53667,12.395
oxybuprocaine,8,O00311,12.37
oxybuprocaine,9,P42684-7,12.364
oxybuprocaine,10,P42684-3,12.361
oxybutynin,1,P51817,12.465
oxybutynin,2,O75676,12.361
oxybutynin,3,O75676-2,12.351
oxybutynin,4,O43930,12.252
oxybutynin,5,Q14680-5,12.244
oxybutynin,6,Q9HAZ1,12.236
oxybutynin,7,P17948,12.235
oxybutynin,8,P51451,12.234
oxybutynin,9,Q14680-6,12.224
oxybutynin,10,Q14680,12.214
oxymetholone,1,O00329,12.423
oxymetholone,2,P08922,12.308
oxymetholone,3,P42336,12.22
oxymetholone,4,Q9UEE5,12.154
oxymetholone,5,O43293,12.073
oxymetholone,6,Q9UIK4-2,12.066
oxymetholone,7,Q12866,11.995
oxymetholone,8,O94768,11.934
oxymetholone,9,P30530,11.933
oxymetholone,10,P30530-2,11.927
ozagrel,1,O00311,12.542
ozagrel,2,Q9UEE5,12.372
ozagrel,3,O43293,12.272
ozagrel,4,Q9UIK4-2,12.257
ozagrel,5,O94768,12.255
ozagrel,6,Q86YV6,12.032
ozagrel,7,O43293-2,11.972
ozagrel,8,Q32MK0-4,11.954
ozagrel,9,Q32MK0,11.886
ozagrel,10,Q16513,11.876
paclitaxel,1,P78527,12.477
paclitaxel,2,P78527-2,12.477
paclitaxel,3,O00329,12.387
paclitaxel,4,Q96Q15-2,12.235
paclitaxel,5,Q13315,12.197
paclitaxel,6,Q96Q15-3,12.171
paclitaxel,7,P17948,12.131
paclitaxel,8,P42345,12.09
paclitaxel,9,Q14680-7,11.991
paclitaxel,10,Q14680,11.976
palbociclib,1,P11802,14.431
palbociclib,2,Q00534,14.082
palbociclib,3,Q9UEE5,13.414
palbociclib,4,Q9HAZ1,13.307
palbociclib,5,O94768,13.193
palbociclib,6,P11802-2,13.146
palbociclib,7,Q9Y463,12.93
palbociclib,8,O43293,12.918
palbociclib,9,Q9UIK4-2,12.879
palbociclib,10,Q00535-2,12.854
palmitoylethanolamide,1,P16591,12.025
palmitoylethanolamide,2,Q13237-2,12.008
palmitoylethanolamide,3,Q13237,11.993
palmitoylethanolamide,4,P16591-2,11.979
palmitoylethanolamide,5,P10721,11.956
palmitoylethanolamide,6,P10721-2,11.954
palmitoylethanolamide,7,Q08881,11.928
palmitoylethanolamide,8,Q9H3Y6,11.877
palmitoylethanolamide,9,P42679-3,11.874
palmitoylethanolamide,10,P17948,11.872
pantoprazole,1,P08922,13.039
pantoprazole,2,Q9HAZ1,12.492
pantoprazole,3,O00329,12.37
pantoprazole,4,Q5S007,12.363
pantoprazole,5,P30530,12.253
pantoprazole,6,P30530-2,12.23
pantoprazole,7,Q14680-5,12.115
pantoprazole,8,Q04771,12.113
pantoprazole,9,Q14680-6,12.099
pantoprazole,10,Q12866,12.09
papaverine,1,O00329,13.575
papaverine,2,P10721-2,13.226
papaverine,3,P10721,13.225
papaverine,4,P08922,13.176
papaverine,5,P09619,13.126
papaverine,6,Q9HAZ1,12.99
papaverine,7,P16234,12.829
papaverine,8,P36888,12.521
papaverine,9,O15146,12.501
papaverine,10,P49759,12.496
parbendazole,1,Q9HAZ1,12.376
parbendazole,2,O00311,12.222
parbendazole,3,P49841-2,12.22
parbendazole,4,P49841,12.161
parbendazole,5,Q9Y463,12.093
parbendazole,6,P08922,12.072
parbendazole,7,Q13627,12.026
parbendazole,8,Q13627-2,12.008
parbendazole,9,O00329,11.983
parbendazole,10,Q9Y463-3,11.981
parecoxib,1,Q16539,12.444
parecoxib,2,Q16539-2,12.403
parecoxib,3,P48736,12.346
parecoxib,4,O14965,12.331
parecoxib,5,P30530,12.325
parecoxib,6,O00329,12.321
parecoxib,7,P30530-2,12.313
parecoxib,8,P50750,12.192
parecoxib,9,P00519,12.171
parecoxib,10,Q8IW41,12.17
paroxetine,1,Q14680-5,12.371
paroxetine,2,Q14680-6,12.371
paroxetine,3,Q14680-7,12.297
paroxetine,4,Q14680,12.279
paroxetine,5,Q14680-4,12.221
paroxetine,6,P48736,12.126
paroxetine,7,O75676,12.101
paroxetine,8,O75676-2,12.093
paroxetine,9,Q8IW41,12.084
paroxetine,10,Q8IW41-2,12.084
parthenolide,1,O00329,11.752
parthenolide,2,P08922,11.729
parthenolide,3,Q56UN5,11.621
parthenolide,4,P48736,11.619
parthenolide,5,Q13882-2,11.615
parthenolide,6,O43293,11.583
parthenolide,7,Q9Y6R4,11.572
parthenolide,8,Q9Y6R4-2,11.572
parthenolide,9,P12931,11.552
parthenolide,10,P29317-2,11.534
paxilline,1,O00329,13.2
paxilline,2,P29376,12.747
paxilline,3,Q9UM73,12.718
paxilline,4,P42336,12.646
paxilline,5,P29376-4,12.538
paxilline,6,P36888-2,12.391
paxilline,7,Q96RR4,12.364
paxilline,8,P08922,12.358
paxilline,9,Q13315,12.355
paxilline,10,P35916,12.304
pazopanib,1,P36888,13.871
pazopanib,2,P36888-2,13.849
pazopanib,3,P35916,13.73
pazopanib,4,P35916-1,13.73
pazopanib,5,P35968,13.235
pazopanib,6,Q9H2G2-2,13.143
pazopanib,7,Q9H2G2,13.134
pazopanib,8,Q13315,13.082
pazopanib,9,O00329,13.044
pazopanib,10,Q56UN5,13.017
pefloxacin,1,P17948,12.233
pefloxacin,2,P00519,12.094
pefloxacin,3,P06241,12.057
pefloxacin,4,P00519-2,12.044
pefloxacin,5,P06241-3,12.033
pefloxacin,6,O43293,12.032
pefloxacin,7,P49841,12.029
pefloxacin,8,P49841-2,12.028
pefloxacin,9,P06241-2,12.021
pefloxacin,10,Q16288-4,12.021
penfluridol,1,P08922,12.533
penfluridol,2,P07949,12.497
penfluridol,3,P07949-2,12.497
penfluridol,4,P42685,12.411
penfluridol,5,P29376,12.394
penfluridol,6,P29320,12.353
penfluridol,7,Q15375-4,12.347
penfluridol,8,Q15375,12.344
penfluridol,9,Q15375-2,12.339
penfluridol,10,Q9UM73,12.327
pentoxifylline,1,P08922,12.243
pentoxifylline,2,Q9HAZ1,12.165
pentoxifylline,3,P51617,12.07
pentoxifylline,4,P49841-2,12.064
pentoxifylline,5,P49841,12.001
pentoxifylline,6,Q00535-2,11.973
pentoxifylline,7,O00329,11.956
pentoxifylline,8,O14746,11.93
pentoxifylline,9,P51617-2,11.906
pentoxifylline,10,O14746-3,11.878
perindopril,1,Q13315,12.587
perindopril,2,Q96Q15-2,12.459
perindopril,3,P78527,12.406
perindopril,4,P78527-2,12.406
perindopril,5,Q96Q15-3,12.399
perindopril,6,Q13535-2,12.322
perindopril,7,Q13535,12.278
perindopril,8,Q13535-3,12.278
perindopril,9,P42356,12.149
perindopril,10,Q5S007,12.126
periplocymarin,1,O00329,11.617
periplocymarin,2,Q16539,11.615
periplocymarin,3,Q16539-2,11.545
periplocymarin,4,P07949,11.497
periplocymarin,5,P07949-2,11.497
periplocymarin,6,P41279-2,11.427
periplocymarin,7,P41279,11.414
periplocymarin,8,Q14680-2,11.364
periplocymarin,9,Q8NER5-3,11.359
periplocymarin,10,Q8NER5-4,11.323
perphenazine,1,P08922,12.368
perphenazine,2,O00329,12.3
perphenazine,3,O75460-2,12.3
perphenazine,4,O75676,12.166
perphenazine,5,O75676-2,12.157
perphenazine,6,P30291,12.139
perphenazine,7,Q9UEE5,12.131
perphenazine,8,O96017-3,12.082
perphenazine,9,Q14680-6,12.033
perphenazine,10,O15021-4,12.033
peucedanin,1,Q9HAZ1,13.009
peucedanin,2,Q13627,12.769
peucedanin,3,Q13627-2,12.753
peucedanin,4,O00311,12.72
peucedanin,5,Q13627-5,12.575
peucedanin,6,Q13627-4,12.56
peucedanin,7,O00329,12.552
peucedanin,8,Q13627-3,12.544
peucedanin,9,P49336,12.472
peucedanin,10,P49336-2,12.47
phenanthridone,1,Q9HAZ1,12.295
phenanthridone,2,P16591,12.244
phenanthridone,3,P08922,12.158
phenanthridone,4,Q04771,12.067
phenanthridone,5,P16591-2,12.062
phenanthridone,6,P29376-4,12.035
phenanthridone,7,Q9UEE5,12.028
phenanthridone,8,P36896-4,12.007
phenanthridone,9,P36896-5,12.002
phenanthridone,10,Q8NER5-3,12.002
phenazopyridine,1,P53779,12.928
phenazopyridine,2,P53779-2,12.792
phenazopyridine,3,Q32NB8-4,12.722
phenazopyridine,4,O75460-2,12.597
phenazopyridine,5,P48736,12.589
phenazopyridine,6,O00311,12.572
phenazopyridine,7,P30291,12.546
phenazopyridine,8,Q9HAZ1,12.531
phenazopyridine,9,P78527,12.394
phenazopyridine,10,P78527-2,12.394
phenethyl-isothiocyanate,1,P30291,12.256
phenethyl-isothiocyanate,2,P08922,12.25
phenethyl-isothiocyanate,3,P16591-2,12.145
phenethyl-isothiocyanate,4,Q6ZMQ8,12.136
phenethyl-isothiocyanate,5,P17948,12.133
phenethyl-isothiocyanate,6,Q6ZMQ8-3,12.13
phenethyl-isothiocyanate,7,P16591,12.102
phenethyl-isothiocyanate,8,P29376-4,12.097
phenethyl-isothiocyanate,9,Q9P1W9,12.083
phenethyl-isothiocyanate,10,Q15772,12.063
phenformin,1,P08922,12.706
phenformin,2,O00329,12.21
phenformin,3,Q9HAZ1,12.183
phenformin,4,Q13882-2,12.025
phenformin,5,P29376-3,12.013
phenformin,6,P17948,12.002
phenformin,7,P16591,11.978
phenformin,8,Q56UN5,11.942
phenformin,9,P48736,11.941
phenformin,10,Q8N0W3,11.936
phenoxybenzamine,1,P48736,12.285
phenoxybenzamine,2,P30530,12.263
phenoxybenzamine,3,P30530-2,12.246
phenoxybenzamine,4,O00311,12.136
phenoxybenzamine,5,P49336,12.136
phenoxybenzamine,6,P49336-2,12.135
phenoxybenzamine,7,Q9UBE8,12.13
phenoxybenzamine,8,O00329,12.113
phenoxybenzamine,9,Q16288-4,12.103
phenoxybenzamine,10,Q16288,12.098
phentolamine,1,O00329,12.585
phentolamine,2,Q9H4B4,12.47
phentolamine,3,P51617,12.452
phentolamine,4,Q8IW41,12.443
phentolamine,5,P08922,12.442
phentolamine,6,Q8IW41-2,12.439
phentolamine,7,P51617-2,12.428
phentolamine,8,Q9UEE5,12.382
phentolamine,9,P30530,12.373
phentolamine,10,P30530-2,12.341
phloretin,1,Q9HAZ1,12.72
phloretin,2,Q00535-2,12.588
phloretin,3,P11802,12.413
phloretin,4,P48736,12.41
phloretin,5,Q00535,12.389
phloretin,6,O00329,12.371
phloretin,7,O14757,12.361
phloretin,8,P24941,12.255
phloretin,9,P51617,12.251
phloretin,10,P24941-2,12.224
physostigmine,1,P35916,12.753
physostigmine,2,P35916-1,12.753
physostigmine,3,P35916-3,12.666
physostigmine,4,P35968-2,12.633
physostigmine,5,P21802-14,12.611
physostigmine,6,P08922,12.598
physostigmine,7,P35968,12.579
physostigmine,8,P35968-3,12.564
physostigmine,9,Q16620-7,12.432
physostigmine,10,P17948-2,12.41
picrotoxin,1,O00329,12.477
picrotoxin,2,P29376,11.947
picrotoxin,3,P07949,11.938
picrotoxin,4,P07949-2,11.938
picrotoxin,5,P29376-4,11.921
picrotoxin,6,Q12866,11.906
picrotoxin,7,Q9UM73,11.884
picrotoxin,8,P42336,11.873
picrotoxin,9,P29376-5,11.848
picrotoxin,10,P36888,11.843
pifithrin-alpha,1,O00329,12.291
pifithrin-alpha,2,Q9HAZ1,12.28
pifithrin-alpha,3,Q56UN5,12.091
pifithrin-alpha,4,P78527,11.986
pifithrin-alpha,5,P78527-2,11.986
pifithrin-alpha,6,O75417-2,11.948
pifithrin-alpha,7,P08922,11.919
pifithrin-alpha,8,P48736,11.917
pifithrin-alpha,9,P17948,11.891
pifithrin-alpha,10,P80192-4,11.884
pifithrin-mu,1,P08922,12.237
pifithrin-mu,2,Q5S007,11.752
pifithrin-mu,3,O00329,11.434
pifithrin-mu,4,Q9UQB9-2,11.386
pifithrin-mu,5,Q13535-2,11.373
pifithrin-mu,6,Q96GD4-2,11.339
pifithrin-mu,7,P29376-3,11.335
pifithrin-mu,8,Q9UBS0-2,11.333
pifithrin-mu,9,P16591,11.313
pifithrin-mu,10,Q8TF76-2,11.309
pilocarpine,1,O43293,11.83
pilocarpine,2,Q9UEE5,11.76
pilocarpine,3,Q9UIK4-2,11.741
pilocarpine,4,Q9P1W9,11.735
pilocarpine,5,P08922,11.642
pilocarpine,6,P29376-3,11.614
pilocarpine,7,O94768,11.603
pilocarpine,8,Q13882-2,11.576
pilocarpine,9,Q13237-2,11.545
pilocarpine,10,P17948,11.538
pimozide,1,Q14680-7,12.524
pimozide,2,Q14680-6,12.493
pimozide,3,Q14680,12.481
pimozide,4,Q9UQB9-2,12.359
pimozide,5,Q14680-5,12.339
pimozide,6,P50613,12.321
pimozide,7,Q9UQB9,12.314
pimozide,8,O75676-2,12.28
pimozide,9,Q9UQB9-3,12.278
pimozide,10,O75676,12.273
pinacidil,1,P49336,13.148
pinacidil,2,P49336-2,13.146
pinacidil,3,O00311,12.795
pinacidil,4,O43293,12.719
pinacidil,5,Q9HAZ1,12.636
pinacidil,6,O75116,12.604
pinacidil,7,Q13464,12.552
pinacidil,8,Q9UIK4-2,12.517
pinacidil,9,P30291,12.365
pinacidil,10,Q9UEE5,12.332
pindolol,1,Q5S007,12.001
pindolol,2,P08922,11.968
pindolol,3,Q9UEE5,11.881
pindolol,4,Q13535-2,11.836
pindolol,5,Q13535,11.79
pindolol,6,Q13535-3,11.79
pindolol,7,O00329,11.746
pindolol,8,Q16513-4,11.743
pindolol,9,Q16513,11.722
pindolol,10,Q13976-2,11.713
pinocembrin,1,P08922,13.183
pinocembrin,2,P30530,13.042
pinocembrin,3,P29376-4,13.023
pinocembrin,4,P30530-2,13.013
pinocembrin,5,P29376,12.989
pinocembrin,6,P00533,12.975
pinocembrin,7,P29376-5,12.903
pinocembrin,8,P29376-3,12.88
pinocembrin,9,Q6ZMQ8-3,12.879
pinocembrin,10,Q9NRA0-5,12.87
piperine,1,O00311,12.583
piperine,2,P12931,12.373
piperine,3,P09769,12.353
piperine,4,P12931-2,12.347
piperine,5,P12931-3,12.315
piperine,6,P00519-2,12.292
piperine,7,P42684-10,12.283
piperine,8,P42684-3,12.281
piperine,9,P42684-4,12.278
piperine,10,P00519,12.275
pirenperone,1,Q13882-2,12.409
pirenperone,2,P48736,12.225
pirenperone,3,O14746-4,12.189
pirenperone,4,P02808-2,12.149
pirenperone,5,P11362-15,12.143
pirenperone,6,P29376-2,12.113
pirenperone,7,O75063,12.112
pirenperone,8,Q15772-4,12.112
pirenperone,9,Q96LW2-2,12.1
pirenperone,10,P08922,12.097
pirenzepine,1,P42345,12.034
pirenzepine,2,P08922,11.921
pirenzepine,3,O00329,11.842
pirenzepine,4,P50750,11.728
pirenzepine,5,Q13237-2,11.698
pirenzepine,6,Q14680-5,11.683
pirenzepine,7,Q13237,11.68
pirenzepine,8,Q9HAZ1,11.671
pirenzepine,9,Q8IWQ3-6,11.657
pirenzepine,10,P10721,11.644
piribedil,1,Q9HAZ1,12.769
piribedil,2,P08922,12.706
piribedil,3,P48736,12.552
piribedil,4,Q56UN5,12.345
piribedil,5,O00311,12.314
piribedil,6,O00329,12.133
piribedil,7,O60673,12.103
piribedil,8,P78527,12.094
piribedil,9,P78527-2,12.094
piribedil,10,Q9Y6R4,12.072
practolol,1,P49841-2,11.759
practolol,2,P49841,11.714
practolol,3,P08922,11.708
practolol,4,O00329,11.525
practolol,5,Q9HAZ1,11.517
practolol,6,P48736,11.499
practolol,7,P49336,11.491
practolol,8,P49336-2,11.487
practolol,9,P49840,11.43
practolol,10,P11802,11.424
praziquantel,1,P08922,12.001
praziquantel,2,P48736,11.778
praziquantel,3,Q8IWQ3-6,11.776
praziquantel,4,Q00534,11.706
praziquantel,5,Q14680-6,11.693
praziquantel,6,Q13882-2,11.661
praziquantel,7,Q5T9C9,11.636
praziquantel,8,Q14680-5,11.636
praziquantel,9,Q9HAZ1,11.629
praziquantel,10,P11802,11.626
pregnenolone,1,O00329,12.149
pregnenolone,2,P17948,11.897
pregnenolone,3,P08922,11.792
pregnenolone,4,O43293,11.757
pregnenolone,5,P36888-2,11.748
pregnenolone,6,P10721,11.738
pregnenolone,7,P36888,11.736
pregnenolone,8,P10721-2,11.735
pregnenolone,9,Q16288-4,11.638
pregnenolone,10,Q96Q15-3,11.637
primaquine,1,Q13464,12.819
primaquine,2,O75116,12.734
primaquine,3,O00329,12.512
primaquine,4,Q9Y6R4,12.441
primaquine,5,Q9Y6R4-2,12.441
primaquine,6,P08922,12.432
primaquine,7,Q13535-2,12.364
primaquine,8,Q13535,12.357
primaquine,9,Q13535-3,12.357
primaquine,10,Q9HAZ1,12.352
primidone,1,P48736,11.587
primidone,2,P08922,11.443
primidone,3,P16591,11.441
primidone,4,P16591-2,11.394
primidone,5,Q12866,11.357
primidone,6,Q14680-5,11.339
primidone,7,Q9HAZ1,11.296
primidone,8,Q13237-2,11.296
primidone,9,Q14680-6,11.283
primidone,10,P54760-2,11.26
proadifen,1,P48736,12.393
proadifen,2,P30291,12.274
proadifen,3,Q96RR4-3,12.265
proadifen,4,Q8N5S9,12.261
proadifen,5,Q96RR4-2,12.259
proadifen,6,Q96RR4-7,12.244
proadifen,7,Q96RR4,12.231
proadifen,8,Q14680-6,12.226
proadifen,9,Q14680-5,12.197
proadifen,10,Q14680-4,12.196
procainamide,1,P48736,12.539
procainamide,2,Q14680-5,11.874
procainamide,3,Q14680-6,11.864
procainamide,4,P08922,11.836
procainamide,5,P16591-2,11.832
procainamide,6,P16591,11.808
procainamide,7,O14757,11.783
procainamide,8,Q12866,11.773
procainamide,9,Q9Y6R4,11.767
procainamide,10,Q9Y6R4-2,11.767
procaterol,1,Q9HAZ1,12.547
procaterol,2,O00329,12.156
procaterol,3,P78527,12.126
procaterol,4,P78527-2,12.126
procaterol,5,Q9Y6R4,12.12
procaterol,6,Q9Y6R4-2,12.12
procaterol,7,Q13535-2,12.118
procaterol,8,Q13535,12.097
procaterol,9,Q13535-3,12.097
procaterol,10,Q13315,12.09
prochlorperazine,1,P30291,12.307
prochlorperazine,2,P16591,12.154
prochlorperazine,3,P08922,12.102
prochlorperazine,4,P16591-2,12.038
prochlorperazine,5,Q9UQB9-3,12.011
prochlorperazine,6,Q96GD4,12.002
prochlorperazine,7,Q96GD4-5,12.002
prochlorperazine,8,P48736,12.0
prochlorperazine,9,Q96GD4-4,11.98
prochlorperazine,10,Q9UEE5,11.975
profenamine,1,P08922,12.411
profenamine,2,P30530,12.288
profenamine,3,P30530-2,12.277
profenamine,4,Q14680-6,12.275
profenamine,5,P16591,12.223
profenamine,6,Q14680-7,12.213
profenamine,7,Q9UEE5,12.204
profenamine,8,Q14680,12.195
profenamine,9,P48736,12.194
profenamine,10,Q14680-5,12.182
propafenone,1,P48736,11.517
propafenone,2,Q14680-3,11.334
propafenone,3,O00329,11.273
propafenone,4,Q12866,11.196
propafenone,5,Q9UBF8-3,11.196
propafenone,6,Q02763-3,11.171
propafenone,7,O14746-4,11.168
propafenone,8,Q9HAZ1,11.166
propafenone,9,Q13237-2,11.162
propafenone,10,Q02779,11.157
propentofylline,1,O00329,12.206
propentofylline,2,P17948,11.92
propentofylline,3,Q13237-2,11.908
propentofylline,4,Q13237,11.907
propentofylline,5,Q16288-4,11.887
propentofylline,6,Q16288,11.877
propentofylline,7,O43293,11.857
propentofylline,8,Q14680-5,11.821
propentofylline,9,Q16288-5,11.818
propentofylline,10,O75676,11.811
propoxycaine,1,O00329,12.509
propoxycaine,2,P08922,12.295
propoxycaine,3,P48736,12.176
propoxycaine,4,P30530,12.074
propoxycaine,5,P30530-2,12.067
propoxycaine,6,P10721,12.055
propoxycaine,7,Q13237,12.053
propoxycaine,8,P10721-2,12.053
propoxycaine,9,Q13237-2,12.036
propoxycaine,10,P16591,12.023
propylthiouracil,1,Q9HAZ1,11.753
propylthiouracil,2,O00311,11.672
propylthiouracil,3,Q56UN5,11.551
propylthiouracil,4,Q8NEV1,11.521
propylthiouracil,5,Q9Y6R4,11.52
propylthiouracil,6,Q9Y6R4-2,11.52
propylthiouracil,7,O14746-4,11.51
propylthiouracil,8,P68400,11.508
propylthiouracil,9,P30291,11.483
propylthiouracil,10,O60673,11.477
proscillaridin,1,P07949,11.896
proscillaridin,2,P07949-2,11.896
proscillaridin,3,O00329,11.791
proscillaridin,4,P12931,11.654
proscillaridin,5,P49336-2,11.618
proscillaridin,6,P49336,11.61
proscillaridin,7,P51451,11.606
proscillaridin,8,Q14680-7,11.6
proscillaridin,9,Q13882-2,11.599
proscillaridin,10,O43293,11.586
prostaglandin-b2,1,Q86V86,12.593
prostaglandin-b2,2,O00329,12.412
prostaglandin-b2,3,P11309,12.257
prostaglandin-b2,4,P42336,12.229
prostaglandin-b2,5,P11309-2,12.213
prostaglandin-b2,6,P08922,12.123
prostaglandin-b2,7,P78527,12.098
prostaglandin-b2,8,P78527-2,12.098
prostaglandin-b2,9,P42345,12.079
prostaglandin-b2,10,P42338,12.061
prostratin,1,O00329,12.723
prostratin,2,P42336,12.494
prostratin,3,P29376,12.473
prostratin,4,P29376-4,12.374
prostratin,5,P42338,12.271
prostratin,6,Q9UM73,12.248
prostratin,7,P29376-5,12.245
prostratin,8,P29376-3,12.186
prostratin,9,Q96RG2,12.11
prostratin,10,Q96RG2-2,12.11
prothionamide,1,P08922,12.668
prothionamide,2,Q9HAZ1,12.659
prothionamide,3,O00311,12.578
prothionamide,4,Q56UN5,12.511
prothionamide,5,Q13535-2,12.411
prothionamide,6,Q13535,12.401
prothionamide,7,Q13535-3,12.401
prothionamide,8,O60673,12.381
prothionamide,9,O00329,12.332
prothionamide,10,O75417-2,12.293
protriptyline,1,P51817,12.148
protriptyline,2,P16591,12.029
protriptyline,3,P16591-2,11.996
protriptyline,4,P10721,11.993
protriptyline,5,O43930,11.993
protriptyline,6,P10721-2,11.992
protriptyline,7,Q96GD4-4,11.952
protriptyline,8,Q96GD4,11.942
protriptyline,9,P48736,11.936
protriptyline,10,Q96GD4-5,11.925
proxymetacaine,1,P00519-2,12.368
proxymetacaine,2,P00519,12.36
proxymetacaine,3,P08922,12.352
proxymetacaine,4,P16234,12.349
proxymetacaine,5,P35590,12.337
proxymetacaine,6,P42684-10,12.33
proxymetacaine,7,P42684-4,12.329
proxymetacaine,8,Q14680-5,12.328
proxymetacaine,9,Q14680-6,12.308
proxymetacaine,10,P07333,12.303
pyrazolanthrone,1,P53779,14.013
pyrazolanthrone,2,P53779-2,13.995
pyrazolanthrone,3,Q96GD4,13.886
pyrazolanthrone,4,Q96GD4-5,13.859
pyrazolanthrone,5,Q96GD4-4,13.762
pyrazolanthrone,6,Q16288-4,13.739
pyrazolanthrone,7,Q16288,13.736
pyrazolanthrone,8,Q16288-3,13.706
pyrazolanthrone,9,Q16288-5,13.703
pyrazolanthrone,10,Q9UQB9-3,13.661
pyrimethamine,1,P08922,12.451
pyrimethamine,2,Q9H0K1,12.202
pyrimethamine,3,Q56UN5,12.167
pyrimethamine,4,Q96Q15-3,12.125
pyrimethamine,5,P78527,12.116
pyrimethamine,6,P78527-2,12.116
pyrimethamine,7,P48736,12.11
pyrimethamine,8,O60673,12.1
pyrimethamine,9,P42685,12.099
pyrimethamine,10,Q13535,12.099
pyroxamide,1,P17948,12.387
pyroxamide,2,P49841-2,12.298
pyroxamide,3,P49841,12.246
pyroxamide,4,O43293,12.188
pyroxamide,5,P00519,12.147
pyroxamide,6,P17948-3,12.143
pyroxamide,7,P06241,12.14
pyroxamide,8,P06241-3,12.124
pyroxamide,9,P00519-2,12.116
pyroxamide,10,O75676,12.094
pyrvinium-pamoate,1,Q9UBF8,13.429
pyrvinium-pamoate,2,Q9UBF8-2,13.414
pyrvinium-pamoate,3,O00329,13.046
pyrvinium-pamoate,4,O14757,12.978
pyrvinium-pamoate,5,P42336,12.969
pyrvinium-pamoate,6,Q9UBF8-3,12.801
pyrvinium-pamoate,7,O95819-3,12.693
pyrvinium-pamoate,8,P42356-2,12.692
pyrvinium-pamoate,9,O14757-3,12.686
pyrvinium-pamoate,10,P80192-4,12.648
quercetin,1,P11309-2,13.703
quercetin,2,P11309,13.61
quercetin,3,Q86V86,13.445
quercetin,4,Q9UIK4-2,13.071
quercetin,5,Q9P1W9,13.031
quercetin,6,O43293,12.834
quercetin,7,O43293-2,12.771
quercetin,8,Q9UEE5,12.725
quercetin,9,Q9UIK4,12.708
quercetin,10,O94768,12.452
quetiapine,1,O00329,12.38
quetiapine,2,P16591,12.117
quetiapine,3,P16591-2,12.035
quetiapine,4,P48736,11.978
quetiapine,5,Q56UN5,11.945
quetiapine,6,Q13882-2,11.931
quetiapine,7,Q08881,11.914
quetiapine,8,Q16288-4,11.907
quetiapine,9,Q16288,11.903
quetiapine,10,Q9UBS0-2,11.902
quinapril,1,Q13315,12.089
quinapril,2,Q96Q15-2,12.026
quinapril,3,P78527,11.884
quinapril,4,P78527-2,11.884
quinapril,5,O14757,11.835
quinapril,6,P42345,11.83
quinapril,7,Q5S007,11.771
quinapril,8,Q96Q15-3,11.766
quinapril,9,Q8N5S9,11.763
quinapril,10,P11802,11.72
quinidine,1,P08922,12.256
quinidine,2,P10721-2,12.223
quinidine,3,P10721,12.22
quinidine,4,O00329,12.038
quinidine,5,Q14680-5,11.989
quinidine,6,P17948,11.986
quinidine,7,O43293,11.981
quinidine,8,P78527,11.971
quinidine,9,P78527-2,11.971
quinidine,10,Q14680-6,11.967
quinine,1,P08922,12.256
quinine,2,P10721-2,12.223
quinine,3,P10721,12.22
quinine,4,O00329,12.038
quinine,5,Q14680-5,11.989
quinine,6,P17948,11.986
quinine,7,O43293,11.981
quinine,8,P78527,11.971
quinine,9,P78527-2,11.971
quinine,10,Q14680-6,11.967
quinisocaine,1,O00329,12.501
quinisocaine,2,P78527,12.492
quinisocaine,3,P78527-2,12.492
quinisocaine,4,Q16539,12.489
quinisocaine,5,Q16539-2,12.365
quinisocaine,6,O00311,12.268
quinisocaine,7,P08922,12.264
quinisocaine,8,Q13315,12.214
quinisocaine,9,Q13535-2,12.187
quinisocaine,10,Q9Y6R4,12.185
quinoclamine,1,P08922,11.865
quinoclamine,2,P48736,11.782
quinoclamine,3,O00329,11.717
quinoclamine,4,Q6ZMQ8,11.53
quinoclamine,5,Q9HAZ1,11.452
quinoclamine,6,Q9Y6R4,11.424
quinoclamine,7,Q9Y6R4-2,11.424
quinoclamine,8,Q5TCX8-3,11.419
quinoclamine,9,P29376-3,11.418
quinoclamine,10,Q6ZMQ8-3,11.414
quinpirole,1,O00329,11.581
quinpirole,2,P08922,11.534
quinpirole,3,P17948,11.386
quinpirole,4,Q13237-2,11.372
quinpirole,5,P49841-2,11.361
quinpirole,6,Q9HAZ1,11.36
quinpirole,7,Q13237,11.343
quinpirole,8,P48736,11.341
quinpirole,9,P49841,11.328
quinpirole,10,P00533,11.323
quipazine,1,P48736,12.31
quipazine,2,Q9Y6R4,11.964
quipazine,3,Q9Y6R4-2,11.964
quipazine,4,Q9UQ07-3,11.791
quipazine,5,Q96Q11-3,11.779
quipazine,6,Q9BRR6-6,11.756
quipazine,7,Q12866,11.752
quipazine,8,Q56UN5,11.69
quipazine,9,Q9Y259-2,11.661
quipazine,10,P08922,11.66
quizartinib,1,P42685,13.06
quizartinib,2,P06239,13.032
quizartinib,3,P36888,13.031
quizartinib,4,P06239-3,13.012
quizartinib,5,P07947,13.0
quizartinib,6,Q16539,12.991
quizartinib,7,Q16539-2,12.909
quizartinib,8,P08631-2,12.899
quizartinib,9,P06241-2,12.882
quizartinib,10,P08631-3,12.882
rabeprazole,1,P08922,12.332
rabeprazole,2,Q9HAZ1,12.168
rabeprazole,3,O00311,12.13
rabeprazole,4,Q9BXA7,12.088
rabeprazole,5,P11309-2,12.053
rabeprazole,6,P11309,12.027
rabeprazole,7,Q86V86,12.022
rabeprazole,8,Q96PF2,12.02
rabeprazole,9,Q8IW41,12.009
rabeprazole,10,Q8IW41-2,12.005
raclopride,1,P08922,13.211
raclopride,2,Q9H0K1,13.04
raclopride,3,Q9HAZ1,12.972
raclopride,4,P07949,12.948
raclopride,5,P07949-2,12.948
raclopride,6,P35968,12.922
raclopride,7,P42685,12.875
raclopride,8,O15146-2,12.836
raclopride,9,O15146-3,12.832
raclopride,10,P35968-2,12.824
radicicol,1,P36888-2,12.61
radicicol,2,P35968,12.609
radicicol,3,P07333,12.607
radicicol,4,P36888,12.542
radicicol,5,P07949,12.414
radicicol,6,P07949-2,12.414
radicicol,7,P49336-2,12.349
radicicol,8,P49336,12.347
radicicol,9,P09769,12.312
radicicol,10,P12931,12.279
raloxifene,1,Q9HAZ1,13.301
raloxifene,2,P50750,12.852
raloxifene,3,P50750-2,12.813
raloxifene,4,P49759-3,12.748
raloxifene,5,Q00535-2,12.743
raloxifene,6,P49759,12.731
raloxifene,7,O00329,12.726
raloxifene,8,P36888,12.712
raloxifene,9,Q92918,12.706
raloxifene,10,Q92918-2,12.687
raltegravir,1,O00329,13.108
raltegravir,2,O43293,12.721
raltegravir,3,Q16539,12.675
raltegravir,4,O14965,12.596
raltegravir,5,Q16539-2,12.588
raltegravir,6,O43293-2,12.581
raltegravir,7,P11802,12.56
raltegravir,8,Q9UIK4-2,12.556
raltegravir,9,P42336,12.513
raltegravir,10,P53355-4,12.48
ramipril,1,Q13315,12.636
ramipril,2,Q96Q15-2,12.635
ramipril,3,Q96Q15-3,12.448
ramipril,4,P78527,12.415
ramipril,5,P78527-2,12.415
ramipril,6,Q5S007,12.344
ramipril,7,Q13535-2,12.272
ramipril,8,Q96Q15,12.264
ramipril,9,Q13535,12.23
ramipril,10,Q13535-3,12.23
ranitidine,1,O00329,12.71
ranitidine,2,P42338,12.369
ranitidine,3,P42336,12.322
ranitidine,4,Q86V86,12.262
ranitidine,5,Q04771,12.223
ranitidine,6,O43781-2,12.217
ranitidine,7,Q9HAZ1,12.21
ranitidine,8,O43781,12.19
ranitidine,9,P48736,12.149
ranitidine,10,Q8NER5,12.108
ranolazine,1,P09769,13.369
ranolazine,2,P12931,13.36
ranolazine,3,P12931-2,13.327
ranolazine,4,P12931-3,13.282
ranolazine,5,P07947,13.242
ranolazine,6,P06241-2,13.235
ranolazine,7,P06241-3,13.173
ranolazine,8,P06241,13.135
ranolazine,9,P06239-3,13.003
ranolazine,10,P06239,12.943
razoxane,1,P49840,12.57
razoxane,2,P49841-2,12.484
razoxane,3,P49841,12.437
razoxane,4,P24941-2,12.013
razoxane,5,Q00535-2,11.96
razoxane,6,Q5MAI5-2,11.897
razoxane,7,O00311,11.888
razoxane,8,Q5MAI5,11.884
razoxane,9,P06493-2,11.85
razoxane,10,Q96Q40-4,11.844
reboxetine,1,Q96GD4-4,12.585
reboxetine,2,Q9UQB9-2,12.533
reboxetine,3,Q96GD4,12.517
reboxetine,4,Q96GD4-5,12.496
reboxetine,5,Q9UQB9,12.438
reboxetine,6,Q96GD4-2,12.407
reboxetine,7,Q9UQB9-3,12.382
reboxetine,8,P08922,12.208
reboxetine,9,Q5S007,12.192
reboxetine,10,P48736,12.169
remacemide,1,P48736,12.314
remacemide,2,P51817,12.201
remacemide,3,O43930,11.925
remacemide,4,Q13882-2,11.758
remacemide,5,Q9UQB9-2,11.758
remacemide,6,Q12866,11.749
remacemide,7,P21802-14,11.737
remacemide,8,Q96GD4-4,11.728
remacemide,9,P16591-2,11.695
remacemide,10,P11362-15,11.685
remoxipride,1,P09769,12.521
remoxipride,2,P12931,12.427
remoxipride,3,P12931-2,12.395
remoxipride,4,P42685,12.383
remoxipride,5,P12931-3,12.383
remoxipride,6,P08922,12.336
remoxipride,7,P16591,12.267
remoxipride,8,O00329,12.266
remoxipride,9,P48736,12.262
remoxipride,10,P30530,12.215
repaglinide,1,O00329,12.603
repaglinide,2,P48736,12.163
repaglinide,3,P42336,12.12
repaglinide,4,O14757,12.063
repaglinide,5,Q8N5S9,12.036
repaglinide,6,O96017,12.028
repaglinide,7,P42345,12.025
repaglinide,8,Q96RR4-2,12.021
repaglinide,9,Q96RR4-3,12.012
repaglinide,10,Q00534,12.008
reserpic-acid,1,P49840,12.9
reserpic-acid,2,P49841-2,12.892
reserpic-acid,3,P49841,12.88
reserpic-acid,4,Q5MAI5,12.725
reserpic-acid,5,P17948,12.718
reserpic-acid,6,P49336-2,12.68
reserpic-acid,7,P49336,12.678
reserpic-acid,8,Q9UBE8,12.664
reserpic-acid,9,P35968,12.642
reserpic-acid,10,Q5MAI5-2,12.63
resveratrol,1,O14746-2,13.665
resveratrol,2,Q9NRA0-5,13.503
resveratrol,3,O14746,13.33
resveratrol,4,O00329,13.329
resveratrol,5,Q6ZMQ8-3,13.319
resveratrol,6,Q6ZMQ8,13.298
resveratrol,7,O14746-3,13.296
resveratrol,8,Q7Z695,13.266
resveratrol,9,O14746-4,13.264
resveratrol,10,Q9NRA0,13.218
retinol,1,P08922,12.331
retinol,2,Q9H0K1,12.162
retinol,3,P12931,12.124
retinol,4,Q15772,12.117
retinol,5,Q15772-1,12.117
retinol,6,Q9Y2K2,12.106
retinol,7,Q9Y2K2-7,12.106
retinol,8,P42685,12.099
retinol,9,P12931-2,12.075
retinol,10,Q86TB3,12.067
reversine,1,Q56UN5-3,13.38
reversine,2,Q56UN5,13.262
reversine,3,Q5S007,13.147
reversine,4,O60673,13.046
reversine,5,Q13315,13.028
reversine,6,Q13535-2,13.027
reversine,7,O60673-2,12.989
reversine,8,Q13535,12.964
reversine,9,Q13535-3,12.964
reversine,10,O75417-2,12.962
rhapontin,1,O00329,13.296
rhapontin,2,Q96GD4-4,12.323
rhapontin,3,Q96GD4,12.275
rhapontin,4,Q96GD4-5,12.261
rhapontin,5,Q9UQB9-2,12.174
rhapontin,6,P42336,12.147
rhapontin,7,P17948,12.11
rhapontin,8,Q9UQB9,12.095
rhapontin,9,Q9UQB9-3,12.05
rhapontin,10,O95819,12.01
rhodomyrtoxin-b,1,Q16620-6,12.566
rhodomyrtoxin-b,2,Q00534,12.563
rhodomyrtoxin-b,3,P11802,12.557
rhodomyrtoxin-b,4,P35916,12.48
rhodomyrtoxin-b,5,P35916-1,12.48
rhodomyrtoxin-b,6,Q16620-4,12.414
rhodomyrtoxin-b,7,O43293,12.406
rhodomyrtoxin-b,8,Q16620,12.403
rhodomyrtoxin-b,9,Q16620-2,12.383
rhodomyrtoxin-b,10,P35968,12.378
ribavirin,1,P08922,12.104
ribavirin,2,P17948,12.061
ribavirin,3,O00329,11.8
ribavirin,4,P17948-3,11.759
ribavirin,5,Q56UN5,11.703
ribavirin,6,Q16288-4,11.69
ribavirin,7,Q16288,11.683
ribavirin,8,P17948-2,11.668
ribavirin,9,Q16288-2,11.653
ribavirin,10,P06241,11.643
rifampicin,1,O00329,12.503
rifampicin,2,P06493-2,12.037
rifampicin,3,Q9UM73,12.0
rifampicin,4,P42336,11.876
rifampicin,5,P29376,11.829
rifampicin,6,P08922,11.804
rifampicin,7,Q16288-2,11.8
rifampicin,8,Q00535-2,11.792
rifampicin,9,P51451,11.77
rifampicin,10,Q15772-3,11.763
rimcazole,1,P08922,12.716
rimcazole,2,O00311,12.659
rimcazole,3,P48736,12.594
rimcazole,4,Q04771,12.499
rimcazole,5,O00329,12.377
rimcazole,6,Q8NER5,12.352
rimcazole,7,P36896,12.35
rimcazole,8,Q8NER5-4,12.345
rimcazole,9,P36896-5,12.34
rimcazole,10,Q8NER5-3,12.336
rimexolone,1,O00329,12.567
rimexolone,2,Q00535-2,12.157
rimexolone,3,P24941-2,12.147
rimexolone,4,Q8TD08-2,12.041
rimexolone,5,Q15131,11.988
rimexolone,6,P42336,11.983
rimexolone,7,P24941,11.954
rimexolone,8,Q15131-7,11.952
rimexolone,9,Q15131-4,11.913
rimexolone,10,Q15131-3,11.9
ritanserin,1,P42685,13.582
ritanserin,2,P07947,13.336
ritanserin,3,P06241-2,13.237
ritanserin,4,P06241,13.173
ritanserin,5,P09769,13.166
ritanserin,6,P12931,13.053
ritanserin,7,P12931-2,13.042
ritanserin,8,P06241-3,13.021
ritanserin,9,P08631-2,13.021
ritanserin,10,P51451,13.019
rivaroxaban,1,P48736,11.974
rivaroxaban,2,O00311,11.913
rivaroxaban,3,Q13882-2,11.885
rivaroxaban,4,P51817,11.851
rivaroxaban,5,O00329,11.824
rivaroxaban,6,Q14680-4,11.778
rivaroxaban,7,Q9UEE5,11.773
rivaroxaban,8,Q96Q11-3,11.771
rivaroxaban,9,Q12866,11.761
rivaroxaban,10,P35916-3,11.758
roquinimex,1,P30530,12.916
roquinimex,2,P30530-2,12.887
roquinimex,3,Q6ZMQ8-3,12.806
roquinimex,4,P51617,12.794
roquinimex,5,Q6ZMQ8,12.726
roquinimex,6,Q9NRA0-5,12.699
roquinimex,7,P51617-2,12.691
roquinimex,8,Q9HAZ1,12.63
roquinimex,9,Q9NRA0-3,12.607
roquinimex,10,P51617-4,12.602
roscovitine,1,P50613,13.139
roscovitine,2,P24941,13.132
roscovitine,3,Q00535,12.914
roscovitine,4,Q00526,12.889
roscovitine,5,P24941-2,12.83
roscovitine,6,Q00535-2,12.774
roscovitine,7,P06493,12.588
roscovitine,8,Q8IZL9-3,12.51
roscovitine,9,Q8IZL9,12.509
roscovitine,10,Q9HAZ1,12.474
rosuvastatin,1,O00329,12.521
rosuvastatin,2,P17948,12.22
rosuvastatin,3,O14965,12.141
rosuvastatin,4,P17948-3,12.111
rosuvastatin,5,Q02763,12.074
rosuvastatin,6,P35590,12.071
rosuvastatin,7,P36888,12.036
rosuvastatin,8,Q9UQB9-2,12.005
rosuvastatin,9,O43293,11.992
rosuvastatin,10,P42336,11.989
rottlerin,1,Q9UM73,13.424
rottlerin,2,P16591,13.415
rottlerin,3,O00329,13.343
rottlerin,4,P08922,13.294
rottlerin,5,P42336,13.177
rottlerin,6,P29376,13.148
rottlerin,7,Q12866,13.01
rottlerin,8,P29376-5,13.004
rottlerin,9,P30530,12.948
rottlerin,10,P16591-2,12.945
rutin,1,Q9UQB9-2,12.324
rutin,2,O00329,12.236
rutin,3,Q96GD4-4,12.213
rutin,4,Q9UIK4-2,12.193
rutin,5,Q96GD4,12.185
rutin,6,Q96GD4-5,12.163
rutin,7,O14965,12.14
rutin,8,Q9UQB9,12.134
rutin,9,Q9UQB9-3,12.113
rutin,10,O43293,12.109
ruxolitinib,1,O60674,16.056
ruxolitinib,2,P23458,14.996
ruxolitinib,3,P29597,14.416
ruxolitinib,4,P52333,14.101
ruxolitinib,5,P52333-2,14.101
ruxolitinib,6,P53355-4,13.731
ruxolitinib,7,Q5S007,13.728
ruxolitinib,8,P53355,13.68
ruxolitinib,9,P53355-3,13.68
ruxolitinib,10,O00370,13.676
ryanodine,1,O00329,12.696
ryanodine,2,P42336,12.091
ryanodine,3,P36888,11.74
ryanodine,4,Q96Q15-2,11.697
ryanodine,5,P36888-2,11.63
ryanodine,6,O75747,11.592
ryanodine,7,Q13315,11.568
ryanodine,8,Q9UM73,11.566
ryanodine,9,O75747-2,11.512
ryanodine,10,Q5S007,11.508
saclofen,1,P51817,12.892
saclofen,2,O43930,12.706
saclofen,3,O75116,12.485
saclofen,4,P08922,12.413
saclofen,5,P22694-8,12.387
saclofen,6,P17612-2,12.386
saclofen,7,Q9HAZ1,12.382
saclofen,8,Q13976-3,12.366
saclofen,9,P48736,12.285
saclofen,10,P17612,12.283
safinamide,1,P48736,12.435
safinamide,2,O00329,11.887
safinamide,3,Q8IW41,11.777
safinamide,4,Q8IW41-2,11.775
safinamide,5,Q14680-5,11.637
safinamide,6,Q9Y6R4,11.614
safinamide,7,Q9Y6R4-2,11.614
safinamide,8,Q56UN5,11.597
safinamide,9,O75063,11.577
safinamide,10,Q14680-6,11.563
salicin,1,P08922,11.449
salicin,2,O00329,11.322
salicin,3,Q56UN5,11.307
salicin,4,P29317-2,11.196
salicin,5,Q13882-2,11.163
salicin,6,P29320-2,11.156
salicin,7,Q9HAZ1,11.144
salicin,8,O75417-2,11.141
salicin,9,Q15375-5,11.126
salicin,10,Q12866,11.12
salmeterol,1,O00329,12.734
salmeterol,2,P78527,12.622
salmeterol,3,P78527-2,12.622
salmeterol,4,Q56UN5,12.554
salmeterol,5,Q13315,12.541
salmeterol,6,P42345,12.399
salmeterol,7,O60673,12.396
salmeterol,8,Q96Q15-3,12.391
salmeterol,9,Q13535-2,12.383
salmeterol,10,Q9Y6R4,12.369
sappanone-a,1,Q7Z695,13.332
sappanone-a,2,Q9HAZ1,13.207
sappanone-a,3,Q9H0K1,13.152
sappanone-a,4,Q9UEE5,13.151
sappanone-a,5,Q9NRA0-5,13.089
sappanone-a,6,O14746-2,13.081
sappanone-a,7,Q7Z5Q5,13.033
sappanone-a,8,Q9BXM7,13.025
sappanone-a,9,O14746-4,13.013
sappanone-a,10,Q9UIK4-2,13.012
saquinavir,1,Q00534,12.258
saquinavir,2,P11802,12.221
saquinavir,3,O00329,12.188
saquinavir,4,P51817,12.16
saquinavir,5,P42345,12.072
saquinavir,6,P17948,12.061
saquinavir,7,Q8N5S9,12.058
saquinavir,8,O14965,12.022
saquinavir,9,Q9UEE5,12.021
saquinavir,10,O75116,12.017
saracatinib,1,P06239-3,14.405
saracatinib,2,P12931,14.345
saracatinib,3,P06239,14.31
saracatinib,4,P12931-2,14.295
saracatinib,5,P07947,14.265
saracatinib,6,P12931-3,14.248
saracatinib,7,P09769,14.18
saracatinib,8,P06241-2,13.965
saracatinib,9,P06241,13.789
saracatinib,10,P42685,13.769
sarmentogenin,1,O00329,12.478
sarmentogenin,2,P35916,12.207
sarmentogenin,3,P35916-1,12.207
sarmentogenin,4,P35968,12.165
sarmentogenin,5,P36888-2,12.162
sarmentogenin,6,P08922,12.14
sarmentogenin,7,P36888,12.112
sarmentogenin,8,P17948,11.986
sarmentogenin,9,O43293,11.933
sarmentogenin,10,P17948-3,11.919
scopolamine,1,P06241-3,11.755
scopolamine,2,P06241-2,11.738
scopolamine,3,P17948,11.733
scopolamine,4,P78527,11.729
scopolamine,5,P78527-2,11.729
scopolamine,6,P09769,11.71
scopolamine,7,Q13535-2,11.689
scopolamine,8,P12931,11.688
scopolamine,9,P06241,11.678
scopolamine,10,O00329,11.654
scoulerine,1,P08922,13.877
scoulerine,2,Q9HAZ1,13.31
scoulerine,3,Q8N2I9-3,13.059
scoulerine,4,O00329,13.048
scoulerine,5,O14757,13.047
scoulerine,6,P51617,13.037
scoulerine,7,P29376,13.014
scoulerine,8,P51617-2,12.996
scoulerine,9,O14757-3,12.988
scoulerine,10,P35916,12.962
secoisolariciresinol,1,O00329,13.12
secoisolariciresinol,2,Q9HAZ1,13.075
secoisolariciresinol,3,Q9Y463,12.589
secoisolariciresinol,4,P49759,12.531
secoisolariciresinol,5,P49759-3,12.415
secoisolariciresinol,6,O43293,12.402
secoisolariciresinol,7,Q9Y463-3,12.385
secoisolariciresinol,8,Q9Y463-2,12.354
secoisolariciresinol,9,Q13535-2,12.35
secoisolariciresinol,10,P08922,12.347
securinine,1,Q9UEE5,12.784
securinine,2,O94768,12.34
securinine,3,P08922,12.273
securinine,4,O14757,12.172
securinine,5,P16591-2,12.169
securinine,6,O43293,12.161
securinine,7,Q14680-6,12.144
securinine,8,Q14680-5,12.141
securinine,9,P16591,12.125
securinine,10,P29376-3,12.123
selumetinib,1,O00329,12.546
selumetinib,2,P07949,12.504
selumetinib,3,P07949-2,12.504
selumetinib,4,P06241-2,12.451
selumetinib,5,P07333,12.425
selumetinib,6,Q16539,12.39
selumetinib,7,P42685,12.367
selumetinib,8,P06241,12.346
selumetinib,9,Q16539-2,12.328
selumetinib,10,P09769,12.291
serdemetan,1,O75116,12.348
serdemetan,2,P49336,12.313
serdemetan,3,P49336-2,12.301
serdemetan,4,Q9UEE5,12.256
serdemetan,5,O00329,12.235
serdemetan,6,O00311,12.224
serdemetan,7,Q9HAZ1,12.199
serdemetan,8,P36888-2,12.184
serdemetan,9,P06241,12.179
serdemetan,10,Q9UBE8,12.176
sertaconazole,1,P07949,13.144
sertaconazole,2,P07949-2,13.144
sertaconazole,3,P35968,13.114
sertaconazole,4,P35916,13.079
sertaconazole,5,P35916-1,13.079
sertaconazole,6,P17948-3,12.842
sertaconazole,7,P17948,12.836
sertaconazole,8,Q08881,12.736
sertaconazole,9,P23443,12.648
sertaconazole,10,Q16288-4,12.645
sertraline,1,P08922,12.754
sertraline,2,P51817,12.715
sertraline,3,P48736,12.556
sertraline,4,O43930,12.531
sertraline,5,Q9HAZ1,12.511
sertraline,6,P17612-2,12.429
sertraline,7,Q5S007,12.424
sertraline,8,P17612,12.39
sertraline,9,Q13976-2,12.379
sertraline,10,P78527,12.378
siguazodan,1,O00311,12.471
siguazodan,2,O00329,12.401
siguazodan,3,P08922,12.365
siguazodan,4,Q9HAZ1,12.327
siguazodan,5,P48736,11.978
siguazodan,6,P30291,11.918
siguazodan,7,P42336,11.891
siguazodan,8,Q12866,11.888
siguazodan,9,P49841-2,11.854
siguazodan,10,Q14680-4,11.838
simvastatin,1,O00329,11.597
simvastatin,2,P48736,11.561
simvastatin,3,Q12866,11.538
simvastatin,4,P10721-2,11.492
simvastatin,5,P10721,11.489
simvastatin,6,P08922,11.469
simvastatin,7,P17948,11.467
simvastatin,8,Q13237-2,11.452
simvastatin,9,P11309-2,11.441
simvastatin,10,Q16288-4,11.435
sirolimus,1,O00329,12.471
sirolimus,2,P07949,12.28
sirolimus,3,P07949-2,12.28
sirolimus,4,Q9UM73,12.051
sirolimus,5,P06241-2,12.049
sirolimus,6,Q02763-2,12.036
sirolimus,7,O43293,12.021
sirolimus,8,P06241,12.018
sirolimus,9,P06241-3,11.989
sirolimus,10,P42336,11.976
somatostatin,1,P42345,12.117
somatostatin,2,Q9UEE5,11.807
somatostatin,3,Q32MK0-4,11.731
somatostatin,4,O94768,11.726
somatostatin,5,P11309,11.676
somatostatin,6,Q86YV6,11.639
somatostatin,7,Q32MK0,11.6
somatostatin,8,Q9HBH9,11.587
somatostatin,9,O14746-3,11.586
somatostatin,10,Q96Q15-2,11.583
sotalol,1,P08922,12.183
sotalol,2,Q8IWQ3-6,12.115
sotalol,3,Q8IWQ3-3,11.975
sotalol,4,P48736,11.96
sotalol,5,Q8IWQ3-2,11.952
sotalol,6,Q9UEE5,11.945
sotalol,7,Q8IWQ3-5,11.929
sotalol,8,Q96GD4-4,11.904
sotalol,9,Q8IWQ3-4,11.901
sotalol,10,P11802,11.897
spectinomycin,1,O00329,12.145
spectinomycin,2,P08922,12.065
spectinomycin,3,Q12866,11.953
spectinomycin,4,P35968-2,11.945
spectinomycin,5,O43293,11.923
spectinomycin,6,P35968-3,11.881
spectinomycin,7,P35916,11.853
spectinomycin,8,P35916-1,11.853
spectinomycin,9,P21802-14,11.787
spectinomycin,10,P07949,11.786
sphingosine,1,Q9HAZ1,12.27
sphingosine,2,O00329,11.746
sphingosine,3,P08922,11.745
sphingosine,4,P23443,11.646
sphingosine,5,P49759,11.622
sphingosine,6,P17948,11.595
sphingosine,7,Q56UN5,11.586
sphingosine,8,P23443-5,11.584
sphingosine,9,P49761,11.582
sphingosine,10,P23443-4,11.581
spiperone,1,O00329,12.251
spiperone,2,P42336,11.945
spiperone,3,Q13315,11.796
spiperone,4,Q96GD4,11.747
spiperone,5,Q96GD4-5,11.743
spiperone,6,Q96GD4-4,11.741
spiperone,7,P42345,11.714
spiperone,8,Q12866,11.714
spiperone,9,P48736,11.713
spiperone,10,Q14680-6,11.702
spiramide,1,P36888,12.287
spiramide,2,O00329,12.242
spiramide,3,P36888-2,12.113
spiramide,4,Q96GD4-4,12.019
spiramide,5,Q96GD4,12.012
spiramide,6,Q96GD4-5,11.997
spiramide,7,Q12866,11.944
spiramide,8,P08922,11.937
spiramide,9,Q14680-6,11.861
spiramide,10,Q08881,11.851
stavudine,1,P16591,11.94
stavudine,2,P08922,11.88
stavudine,3,P16591-2,11.867
stavudine,4,P17948,11.797
stavudine,5,Q14680-5,11.792
stavudine,6,Q16288-4,11.781
stavudine,7,Q16288,11.765
stavudine,8,P68400-2,11.761
stavudine,9,Q16288-5,11.759
stavudine,10,Q16288-3,11.745
strophanthidin,1,O00329,12.497
strophanthidin,2,P35916,12.409
strophanthidin,3,P35916-1,12.409
strophanthidin,4,P36888-2,12.329
strophanthidin,5,P29376,12.263
strophanthidin,6,P36888,12.246
strophanthidin,7,Q9UM73,12.171
strophanthidin,8,P42336,12.163
strophanthidin,9,P35968,12.099
strophanthidin,10,O43293,12.066
strychnine,1,P78527,12.743
strychnine,2,P78527-2,12.743
strychnine,3,Q96Q15-3,12.632
strychnine,4,Q5S007,12.627
strychnine,5,Q13535-2,12.627
strychnine,6,Q13535,12.589
strychnine,7,Q13535-3,12.589
strychnine,8,Q56UN5,12.486
strychnine,9,Q13315,12.482
strychnine,10,P42356,12.458
sulconazole,1,P07949,12.789
sulconazole,2,P07949-2,12.789
sulconazole,3,O75116,12.499
sulconazole,4,Q9HAZ1,12.458
sulconazole,5,P42685,12.414
sulconazole,6,P23443,12.358
sulconazole,7,P51817,12.33
sulconazole,8,P23443-5,12.294
sulconazole,9,P00519,12.289
sulconazole,10,P10721-2,12.287
sulfafurazole,1,P08922,12.074
sulfafurazole,2,Q8IW41-2,11.925
sulfafurazole,3,Q8IW41,11.923
sulfafurazole,4,Q9H4B4,11.918
sulfafurazole,5,P48736,11.832
sulfafurazole,6,Q07864,11.809
sulfafurazole,7,Q9UQB9-3,11.807
sulfafurazole,8,Q9UQB9-2,11.785
sulfafurazole,9,Q96GD4-4,11.769
sulfafurazole,10,P17948,11.747
suloctidil,1,O00329,12.814
suloctidil,2,Q5S007,12.272
suloctidil,3,P78527,12.25
suloctidil,4,P78527-2,12.25
suloctidil,5,Q13535-2,12.224
suloctidil,6,Q13535,12.21
suloctidil,7,Q13535-3,12.21
suloctidil,8,Q96Q15-3,12.108
suloctidil,9,P42356,12.107
suloctidil,10,Q9H0K1,12.093
sunitinib,1,P07949,14.886
sunitinib,2,P07949-2,14.886
sunitinib,3,P09619,14.768
sunitinib,4,P07333,14.597
sunitinib,5,P36888,14.547
sunitinib,6,P30530,14.474
sunitinib,7,P30530-2,14.443
sunitinib,8,P36888-2,14.407
sunitinib,9,P15735,14.24
sunitinib,10,Q02750-2,14.215
syrosingopine,1,P49336-2,12.373
syrosingopine,2,P49336,12.365
syrosingopine,3,P00519,12.359
syrosingopine,4,P00519-2,12.306
syrosingopine,5,Q14680-7,12.256
syrosingopine,6,Q14680,12.232
syrosingopine,7,P07949,12.214
syrosingopine,8,P07949-2,12.214
syrosingopine,9,P80192-4,12.201
syrosingopine,10,P17948,12.194
tacedinaline,1,P48736,12.276
tacedinaline,2,Q9UQB9-3,12.068
tacedinaline,3,Q96GD4,12.048
tacedinaline,4,Q96GD4-4,12.048
tacedinaline,5,Q9UQB9-2,12.046
tacedinaline,6,Q96GD4-5,12.022
tacedinaline,7,Q9UQB9,12.005
tacedinaline,8,P08922,11.955
tacedinaline,9,Q96GD4-2,11.833
tacedinaline,10,Q12866,11.807
tacrine,1,P48736,11.657
tacrine,2,O00311,11.542
tacrine,3,Q13237-2,11.501
tacrine,4,Q13237,11.454
tacrine,5,Q9Y6R4,11.437
tacrine,6,Q9Y6R4-2,11.437
tacrine,7,Q14680-5,11.431
tacrine,8,Q9P1W9,11.43
tacrine,9,P16591-2,11.413
tacrine,10,P30291,11.412
talniflumate,1,Q16288-4,13.071
talniflumate,2,Q16288-5,13.053
talniflumate,3,Q16288,13.05
talniflumate,4,Q16288-3,13.031
talniflumate,5,P04629-3,12.797
talniflumate,6,P06241-2,12.782
talniflumate,7,P06241,12.769
talniflumate,8,P09769,12.761
talniflumate,9,Q16288-2,12.711
talniflumate,10,P04629-2,12.689
tamoxifen,1,P48736,12.831
tamoxifen,2,P30530,12.52
tamoxifen,3,P30530-2,12.497
tamoxifen,4,Q08881,12.436
tamoxifen,5,Q14680-5,12.432
tamoxifen,6,Q14680-6,12.424
tamoxifen,7,Q14680-7,12.374
tamoxifen,8,Q14680,12.367
tamoxifen,9,Q96RR4-3,12.35
tamoxifen,10,O00311,12.334
tangeritin,1,P49336,12.825
tangeritin,2,P49336-2,12.823
tangeritin,3,P08922,12.718
tangeritin,4,Q9HAZ1,12.331
tangeritin,5,Q02763-2,12.311
tangeritin,6,Q02763-3,12.287
tangeritin,7,O00329,12.245
tangeritin,8,O75676,12.235
tangeritin,9,O75676-2,12.233
tangeritin,10,P10721-2,12.203
tegaserod,1,P00519-2,12.408
tegaserod,2,P00519,12.4
tegaserod,3,P06241,12.386
tegaserod,4,P06241-2,12.38
tegaserod,5,Q5S007,12.371
tegaserod,6,P51817,12.329
tegaserod,7,P17948,12.327
tegaserod,8,P42684-4,12.312
tegaserod,9,P42684-2,12.31
tegaserod,10,P42684-10,12.308
teicoplanin,1,O00329,12.117
teicoplanin,2,Q02763,11.812
teicoplanin,3,P35590,11.743
teicoplanin,4,P08922,11.713
teicoplanin,5,P41279-2,11.709
teicoplanin,6,P41279,11.704
teicoplanin,7,P48736,11.688
teicoplanin,8,Q14680-7,11.683
teicoplanin,9,Q14680-6,11.662
teicoplanin,10,P07949,11.657
temozolomide,1,P49841-2,12.302
temozolomide,2,P49841,12.226
temozolomide,3,P48736,12.222
temozolomide,4,P49840,12.221
temozolomide,5,P08922,12.21
temozolomide,6,Q00535-2,12.145
temozolomide,7,P24941,12.078
temozolomide,8,P50750,12.048
temozolomide,9,P24941-2,12.025
temozolomide,10,Q9HAZ1,11.997
temsirolimus,1,O00329,12.471
temsirolimus,2,P07949,12.28
temsirolimus,3,P07949-2,12.28
temsirolimus,4,Q9UM73,12.051
temsirolimus,5,P06241-2,12.049
temsirolimus,6,Q02763-2,12.036
temsirolimus,7,O43293,12.021
temsirolimus,8,P06241,12.018
temsirolimus,9,P06241-3,11.989
temsirolimus,10,P42336,11.976
tenidap,1,Q00535-2,13.064
tenidap,2,Q00535,13.044
tenidap,3,Q9HAZ1,13.012
tenidap,4,P50750,12.654
tenidap,5,P49759,12.647
tenidap,6,P50750-2,12.631
tenidap,7,P49759-3,12.596
tenidap,8,P24941,12.594
tenidap,9,Q00526,12.572
tenidap,10,Q96Q40-3,12.571
tenoxicam,1,O14746-4,12.113
tenoxicam,2,Q13882-2,12.008
tenoxicam,3,Q9UBF8-2,11.971
tenoxicam,4,Q9UBF8,11.97
tenoxicam,5,P53779,11.878
tenoxicam,6,P53779-2,11.861
tenoxicam,7,P48736,11.818
tenoxicam,8,Q9HAZ1,11.8
tenoxicam,9,P11802,11.798
tenoxicam,10,Q9UBF8-3,11.79
terconazole,1,P42685,13.348
terconazole,2,P07333,13.237
terconazole,3,P08922,12.903
terconazole,4,P29376,12.891
terconazole,5,Q9UM73,12.849
terconazole,6,P36888,12.808
terconazole,7,Q05397-7,12.767
terconazole,8,P12931-3,12.744
terconazole,9,Q05397,12.74
terconazole,10,P36888-2,12.738
terfenadine,1,Q96GD4-4,12.705
terfenadine,2,Q96GD4,12.694
terfenadine,3,Q96GD4-5,12.679
terfenadine,4,Q9UQB9-3,12.641
terfenadine,5,Q9UQB9,12.637
terfenadine,6,Q9UQB9-2,12.633
terfenadine,7,Q96GD4-2,12.447
terfenadine,8,Q96RR4-3,12.384
terfenadine,9,Q96RR4-2,12.379
terfenadine,10,Q96RR4-7,12.367
terguride,1,Q9HAZ1,12.537
terguride,2,Q14680-6,12.242
terguride,3,P49759,12.214
terguride,4,Q16584,12.196
terguride,5,Q14680-5,12.194
terguride,6,P51817,12.191
terguride,7,Q9UBE8,12.172
terguride,8,Q5S007,12.171
terguride,9,Q14680,12.157
terguride,10,Q14680-7,12.157
terreic-acid,1,P48736,12.355
terreic-acid,2,Q9NRA0-5,12.3
terreic-acid,3,Q9NRA0,12.222
terreic-acid,4,Q9NRA0-3,12.208
terreic-acid,5,Q9NRA0-2,12.152
terreic-acid,6,Q9NRA0-4,12.138
terreic-acid,7,O00329,12.117
terreic-acid,8,Q7Z695,12.095
terreic-acid,9,O00311,12.071
terreic-acid,10,Q5T9C9,12.05
testosterone,1,P08922,12.2
testosterone,2,O00329,11.984
testosterone,3,Q9UEE5,11.971
testosterone,4,P42336,11.924
testosterone,5,O94768,11.921
testosterone,6,O43293,11.92
testosterone,7,Q9UIK4-2,11.867
testosterone,8,P48730,11.819
testosterone,9,Q86TB3,11.786
testosterone,10,Q14680-5,11.784
tetrabenazine,1,O00329,12.546
tetrabenazine,2,P08922,12.35
tetrabenazine,3,P29376,12.122
tetrabenazine,4,Q9UM73,12.11
tetrabenazine,5,P42336,12.099
tetrabenazine,6,P29376-4,12.058
tetrabenazine,7,Q12866,11.979
tetrabenazine,8,P29376-3,11.979
tetrabenazine,9,O75676,11.97
tetrabenazine,10,P29376-5,11.961
tetracycline,1,O00329,12.853
tetracycline,2,P08922,12.79
tetracycline,3,P42336,12.549
tetracycline,4,Q9UM73,12.491
tetracycline,5,Q9HAZ1,12.448
tetracycline,6,P29376-3,12.432
tetracycline,7,O43293,12.43
tetracycline,8,Q12866,12.418
tetracycline,9,Q9UIK4-2,12.408
tetracycline,10,P29376-5,12.39
tetrahydrobiopterin,1,Q9HAZ1,12.13
tetrahydrobiopterin,2,P08922,12.1
tetrahydrobiopterin,3,O00329,11.994
tetrahydrobiopterin,4,P24941,11.891
tetrahydrobiopterin,5,Q16288-4,11.826
tetrahydrobiopterin,6,Q00535-2,11.823
tetrahydrobiopterin,7,Q16288,11.819
tetrahydrobiopterin,8,Q02763-2,11.819
tetrahydrobiopterin,9,Q02763,11.809
tetrahydrobiopterin,10,Q02763-3,11.807
tetrindole,1,P08922,12.368
tetrindole,2,O00311,12.292
tetrindole,3,P51817,12.201
tetrindole,4,Q14680-6,12.187
tetrindole,5,P48736,12.176
tetrindole,6,O43930,12.168
tetrindole,7,P43405-2,12.167
tetrindole,8,P43405,12.16
tetrindole,9,O00329,12.144
tetrindole,10,Q14680-5,12.138
thapsigargin,1,O00329,13.291
thapsigargin,2,P42336,12.636
thapsigargin,3,P17948,12.336
thapsigargin,4,P36888,12.16
thapsigargin,5,P07949,12.148
thapsigargin,6,P07949-2,12.148
thapsigargin,7,P00519,12.119
thapsigargin,8,P80192-4,12.117
thapsigargin,9,Q13315,12.111
thapsigargin,10,P80192,12.104
theophylline,1,Q9HAZ1,12.816
theophylline,2,P51617,12.716
theophylline,3,P51617-3,12.545
theophylline,4,P51617-2,12.489
theophylline,5,P08922,12.458
theophylline,6,P51617-4,12.442
theophylline,7,O00311,12.352
theophylline,8,O14746-2,12.227
theophylline,9,O14746-3,12.221
theophylline,10,Q9H0K1,12.163
thiethylperazine,1,P08922,12.663
thiethylperazine,2,P42685,12.552
thiethylperazine,3,P30291,12.49
thiethylperazine,4,P42685-2,12.488
thiethylperazine,5,Q56UN5,12.486
thiethylperazine,6,O00329,12.422
thiethylperazine,7,P35968,12.422
thiethylperazine,8,O15021-4,12.415
thiethylperazine,9,O14772-3,12.383
thiethylperazine,10,P78527,12.375
thioperamide,1,Q9HAZ1,12.451
thioperamide,2,Q00535-2,12.241
thioperamide,3,P78527,12.207
thioperamide,4,P78527-2,12.207
thioperamide,5,P08922,12.177
thioperamide,6,O00329,12.04
thioperamide,7,P48736,12.024
thioperamide,8,Q00535,12.021
thioperamide,9,O43293,11.994
thioperamide,10,P24941,11.96
thioridazine,1,Q9UQB9-2,12.854
thioridazine,2,Q96GD4-4,12.848
thioridazine,3,Q96GD4-5,12.801
thioridazine,4,Q96GD4,12.789
thioridazine,5,Q9UQB9,12.704
thioridazine,6,P11802,12.621
thioridazine,7,Q9UQB9-3,12.602
thioridazine,8,Q14680-6,12.529
thioridazine,9,Q14680-7,12.515
thioridazine,10,Q14680,12.494
thiostrepton,1,O00329,12.831
thiostrepton,2,O43293,12.61
thiostrepton,3,Q9UIK4-2,12.472
thiostrepton,4,P42336,12.38
thiostrepton,5,O00311,12.373
thiostrepton,6,O43293-2,12.351
thiostrepton,7,Q32MK0-4,12.319
thiostrepton,8,Q5TCY1,12.294
thiostrepton,9,Q14680-7,12.292
thiostrepton,10,Q9UIK4,12.29
thiothixene,1,Q9UQB9-2,12.51
thiothixene,2,Q96GD4-4,12.502
thiothixene,3,Q9UQB9,12.469
thiothixene,4,Q96GD4-5,12.435
thiothixene,5,Q96GD4,12.433
thiothixene,6,Q9UQB9-3,12.431
thiothixene,7,P11309,12.379
thiothixene,8,Q9P1W9,12.375
thiothixene,9,P11309-2,12.375
thiothixene,10,Q13131,12.274
tiabendazole,1,Q9UEE5,12.818
tiabendazole,2,Q9HAZ1,12.418
tiabendazole,3,Q9HBH9,12.353
tiabendazole,4,Q8IWQ3-6,12.338
tiabendazole,5,O94768,12.269
tiabendazole,6,Q8IWQ3-5,12.266
tiabendazole,7,Q8IWQ3-2,12.192
tiabendazole,8,Q8IWQ3,12.19
tiabendazole,9,Q8IWQ3-3,12.176
tiabendazole,10,Q8IWQ3-4,12.155
tianeptine,1,O00329,12.154
tianeptine,2,P09769,11.927
tianeptine,3,P06241-2,11.923
tianeptine,4,P06241,11.869
tianeptine,5,P12931,11.841
tianeptine,6,P06241-3,11.836
tianeptine,7,P12931-2,11.818
tianeptine,8,P00519-2,11.809
tianeptine,9,P00519,11.804
tianeptine,10,P17948,11.794
tiaprofenic-acid,1,P68400,12.198
tiaprofenic-acid,2,Q8NEV1,12.197
tiaprofenic-acid,3,P48736,12.182
tiaprofenic-acid,4,P19784,12.043
tiaprofenic-acid,5,P68400-2,11.969
tiaprofenic-acid,6,P53667-4,11.934
tiaprofenic-acid,7,Q02763,11.924
tiaprofenic-acid,8,P53667,11.887
tiaprofenic-acid,9,P53667-2,11.878
tiaprofenic-acid,10,Q9UBF8-2,11.836
ticlopidine,1,P08922,12.362
ticlopidine,2,Q13882-2,12.19
ticlopidine,3,P30291,12.113
ticlopidine,4,Q9HAZ1,11.965
ticlopidine,5,P48736,11.945
ticlopidine,6,Q9BXM7-2,11.905
ticlopidine,7,Q96GD4-2,11.891
ticlopidine,8,Q96GD4-4,11.877
ticlopidine,9,Q9UQB9,11.844
ticlopidine,10,Q9UQB9-3,11.831
tizanidine,1,P07949,12.882
tizanidine,2,P07949-2,12.882
tizanidine,3,Q9H2X6-3,12.496
tizanidine,4,Q9HAZ1,12.489
tizanidine,5,Q9H2X6,12.48
tizanidine,6,Q9H2X6-2,12.472
tizanidine,7,P17948,12.408
tizanidine,8,P00519,12.407
tizanidine,9,P00519-2,12.391
tizanidine,10,P42684-10,12.304
tofacitinib,1,O60674,15.622
tofacitinib,2,P52333,14.916
tofacitinib,3,P52333-2,14.916
tofacitinib,4,P23458,14.537
tofacitinib,5,P29597,14.182
tofacitinib,6,Q5S007,13.276
tofacitinib,7,Q38SD2,13.206
tofacitinib,8,Q13535-2,13.06
tofacitinib,9,Q13535,13.022
tofacitinib,10,Q13535-3,13.022
tolazamide,1,P49841-2,12.35
tolazamide,2,P49841,12.316
tolazamide,3,P08922,12.014
tolazamide,4,P49840,11.909
tolazamide,5,P48736,11.84
tolazamide,6,P49336,11.718
tolazamide,7,P49336-2,11.715
tolazamide,8,Q00535-2,11.712
tolazamide,9,Q9HAZ1,11.696
tolazamide,10,P11802,11.642
tolazoline,1,P48736,12.128
tolazoline,2,Q9HAZ1,11.956
tolazoline,3,P08922,11.837
tolazoline,4,P16591,11.792
tolazoline,5,P29376-4,11.733
tolazoline,6,P16591-2,11.708
tolazoline,7,Q8IWQ3-5,11.678
tolazoline,8,P29376-5,11.66
tolazoline,9,Q9Y6R4,11.652
tolazoline,10,Q9Y6R4-2,11.652
tolbutamide,1,O00329,12.065
tolbutamide,2,P17948,11.99
tolbutamide,3,P48736,11.924
tolbutamide,4,P16591,11.892
tolbutamide,5,P16591-2,11.872
tolbutamide,6,Q13237-2,11.862
tolbutamide,7,Q13237,11.843
tolbutamide,8,Q9P1W9,11.822
tolbutamide,9,O43293,11.798
tolbutamide,10,Q14680-5,11.769
tolmetin,1,P48736,12.073
tolmetin,2,O14746-4,11.93
tolmetin,3,O00329,11.903
tolmetin,4,Q13976-2,11.822
tolmetin,5,O14772-3,11.819
tolmetin,6,Q6ZMQ8-2,11.811
tolmetin,7,O14757,11.794
tolmetin,8,P08922,11.792
tolmetin,9,Q00535-2,11.786
tolmetin,10,O75414-2,11.778
tomelukast,1,P48736,12.521
tomelukast,2,O75676,12.433
tomelukast,3,O75676-2,12.418
tomelukast,4,O43293,12.361
tomelukast,5,O00329,12.359
tomelukast,6,P08922,12.335
tomelukast,7,P00519,12.312
tomelukast,8,P00519-2,12.269
tomelukast,9,O00311,12.246
tomelukast,10,P30530,12.217
torin-1,1,P48736,13.054
torin-1,2,P42338,12.99
torin-1,3,O00329,12.919
torin-1,4,P30530,12.78
torin-1,5,P30530-2,12.762
torin-1,6,P16591,12.734
torin-1,7,P29376,12.658
torin-1,8,Q9UM73,12.656
torin-1,9,P00533,12.625
torin-1,10,Q9UBE8,12.543
torin-2,1,Q9HAZ1,12.741
torin-2,2,P48736,12.691
torin-2,3,P49336,12.651
torin-2,4,P49336-2,12.651
torin-2,5,P30291,12.641
torin-2,6,O00311,12.529
torin-2,7,Q9UBE8,12.516
torin-2,8,P78527,12.459
torin-2,9,P78527-2,12.459
torin-2,10,P08922,12.442
tozasertib,1,O60674,13.568
tozasertib,2,P08922,13.491
tozasertib,3,P36888,13.273
tozasertib,4,P36888-2,13.099
tozasertib,5,P42685,13.01
tozasertib,6,O00444,12.927
tozasertib,7,Q16620-2,12.906
tozasertib,8,Q16620-5,12.897
tozasertib,9,P23458,12.891
tozasertib,10,Q16620-3,12.883
tracazolate,1,O00329,12.394
tracazolate,2,P06241,12.233
tracazolate,3,P06241-2,12.233
tracazolate,4,P17948,12.231
tracazolate,5,P06241-3,12.209
tracazolate,6,P00519,12.186
tracazolate,7,P09769,12.176
tracazolate,8,P00519-2,12.149
tracazolate,9,Q04771,12.146
tracazolate,10,Q9HAZ1,12.109
tramadol,1,P08922,12.898
tramadol,2,Q9HAZ1,12.666
tramadol,3,O00329,12.62
tramadol,4,P48736,12.544
tramadol,5,P30530,12.515
tramadol,6,P30530-2,12.483
tramadol,7,P29376-4,12.4
tramadol,8,P51617,12.371
tramadol,9,Q12866,12.369
tramadol,10,P29376-5,12.358
tranylcypromine,1,Q96Q11-3,12.614
tranylcypromine,2,P08922,12.612
tranylcypromine,3,Q9BRR6-6,12.6
tranylcypromine,4,O75460-2,12.595
tranylcypromine,5,Q32NB8-4,12.519
tranylcypromine,6,P37173-3,12.503
tranylcypromine,7,Q9Y6R4,12.484
tranylcypromine,8,Q9Y6R4-2,12.484
tranylcypromine,9,P35558-2,12.442
tranylcypromine,10,P49761-2,12.44
trapidil,1,P48736,12.236
trapidil,2,O00311,12.054
trapidil,3,P08922,11.923
trapidil,4,Q14680-4,11.785
trapidil,5,Q14680-5,11.759
trapidil,6,Q14680-6,11.738
trapidil,7,Q13882-2,11.726
trapidil,8,Q14680-3,11.718
trapidil,9,Q9H422-2,11.697
trapidil,10,Q9H0K1,11.694
trazodone,1,P08922,12.549
trazodone,2,P48736,12.147
trazodone,3,Q16288-4,11.999
trazodone,4,Q16288,11.989
trazodone,5,P10721-2,11.985
trazodone,6,P10721,11.977
trazodone,7,P16591,11.975
trazodone,8,Q14680-5,11.969
trazodone,9,Q16288-5,11.959
trazodone,10,Q13237-2,11.956
trequinsin,1,Q9UM73,14.294
trequinsin,2,P08922,13.812
trequinsin,3,O00329,13.63
trequinsin,4,P29376,13.63
trequinsin,5,P16591,13.278
trequinsin,6,P29376-4,13.09
trequinsin,7,P42336,12.91
trequinsin,8,P16591-2,12.834
trequinsin,9,P29376-3,12.706
trequinsin,10,Q14289-2,12.546
tretinoin,1,P08922,12.314
tretinoin,2,Q8NEV1,12.233
tretinoin,3,O00329,12.222
tretinoin,4,O43293,12.211
tretinoin,5,P68400,12.207
tretinoin,6,O14746,12.136
tretinoin,7,O00311,12.108
tretinoin,8,Q9H0K1,12.102
tretinoin,9,Q9UIK4-2,12.097
tretinoin,10,O14746-2,12.092
triamcinolone,1,O00329,12.286
triamcinolone,2,O43293,12.051
triamcinolone,3,P42336,12.006
triamcinolone,4,P51817,11.911
triamcinolone,5,Q9UIK4-2,11.866
triamcinolone,6,P00519,11.804
triamcinolone,7,O43293-2,11.799
triamcinolone,8,P00519-2,11.772
triamcinolone,9,P17948,11.753
triamcinolone,10,Q96RR4,11.724
triciribine,1,P08922,12.104
triciribine,2,Q56UN5,11.89
triciribine,3,P17948,11.716
triciribine,4,Q5S007,11.67
triciribine,5,Q13535,11.646
triciribine,6,Q13535-3,11.646
triciribine,7,P78527,11.644
triciribine,8,P78527-2,11.644
triciribine,9,Q13535-2,11.643
triciribine,10,P17948-3,11.618
trifluoperazine,1,P08922,12.284
trifluoperazine,2,P16591,12.206
trifluoperazine,3,P30291,12.202
trifluoperazine,4,Q14680-5,12.132
trifluoperazine,5,Q14680-6,12.126
trifluoperazine,6,P53350,12.114
trifluoperazine,7,P16591-2,12.104
trifluoperazine,8,O75676,12.078
trifluoperazine,9,O75676-2,12.063
trifluoperazine,10,Q12866,12.051
triflupromazine,1,P48736,12.519
triflupromazine,2,P30291,12.388
triflupromazine,3,P08922,12.38
triflupromazine,4,P11309-2,12.355
triflupromazine,5,P11309,12.29
triflupromazine,6,O75676,12.206
triflupromazine,7,O75676-2,12.199
triflupromazine,8,P16591,12.189
triflupromazine,9,P29376-4,12.129
triflupromazine,10,Q14680-5,12.123
triprolidine,1,Q9HAZ1,12.433
triprolidine,2,P48736,12.37
triprolidine,3,P78527,12.302
triprolidine,4,P78527-2,12.302
triprolidine,5,Q9Y6R4,12.263
triprolidine,6,Q9Y6R4-2,12.263
triprolidine,7,P08922,12.239
triprolidine,8,O60673,12.197
triprolidine,9,Q56UN5,12.164
triprolidine,10,Q13315,12.161
tropisetron,1,O43293,12.374
tropisetron,2,P17948,12.36
tropisetron,3,P06241-2,12.352
tropisetron,4,P06241-3,12.347
tropisetron,5,P00519,12.33
tropisetron,6,P06241,12.321
tropisetron,7,Q16288-4,12.316
tropisetron,8,P09769,12.31
tropisetron,9,Q16288,12.299
tropisetron,10,P00519-2,12.284
tyrphostin-51,1,O00311,13.586
tyrphostin-51,2,P33076-4,13.044
tyrphostin-51,3,Q9HAZ1,13.016
tyrphostin-51,4,Q9UEE5,13.015
tyrphostin-51,5,O14746-2,12.985
tyrphostin-51,6,P30291,12.964
tyrphostin-51,7,P33076,12.955
tyrphostin-51,8,P33076-2,12.925
tyrphostin-51,9,O14746-3,12.908
tyrphostin-51,10,O14746,12.852
tyrphostin-A9,1,Q9UEE5,12.724
tyrphostin-A9,2,O14757,12.581
tyrphostin-A9,3,O00311,12.573
tyrphostin-A9,4,P0C263,12.488
tyrphostin-A9,5,O43293,12.466
tyrphostin-A9,6,Q8NEV1,12.444
tyrphostin-A9,7,P68400,12.439
tyrphostin-A9,8,Q32MK0,12.42
tyrphostin-A9,9,P30291,12.414
tyrphostin-A9,10,Q9UIK4-2,12.382
tyrphostin-B44,1,Q96GD4-4,12.588
tyrphostin-B44,2,Q9UQB9-2,12.566
tyrphostin-B44,3,Q96GD4,12.515
tyrphostin-B44,4,Q96GD4-5,12.505
tyrphostin-B44,5,P17948,12.489
tyrphostin-B44,6,Q9UQB9,12.488
tyrphostin-B44,7,P00519,12.446
tyrphostin-B44,8,P51817,12.444
tyrphostin-B44,9,O75460-2,12.441
tyrphostin-B44,10,Q9UQB9-3,12.415
urapidil,1,P30291,13.144
urapidil,2,P08922,13.127
urapidil,3,P30291-2,12.648
urapidil,4,P29376,12.581
urapidil,5,P53779,12.481
urapidil,6,O14746,12.416
urapidil,7,P51617,12.415
urapidil,8,P50750,12.411
urapidil,9,P50750-2,12.395
urapidil,10,P53779-2,12.376
valproic-acid,1,P48736,11.712
valproic-acid,2,P16591,11.676
valproic-acid,3,P16591-2,11.628
valproic-acid,4,Q56UN5,11.594
valproic-acid,5,Q12866,11.569
valproic-acid,6,Q02763,11.558
valproic-acid,7,Q13237-2,11.525
valproic-acid,8,O60673,11.522
valproic-acid,9,O00311,11.478
valproic-acid,10,O75417-2,11.477
vardenafil,1,P42345,12.992
vardenafil,2,Q5S007,12.834
vardenafil,3,Q13535-2,12.59
vardenafil,4,P78527,12.585
vardenafil,5,P78527-2,12.585
vardenafil,6,Q96Q15,12.573
vardenafil,7,Q13535,12.564
vardenafil,8,Q13535-3,12.564
vardenafil,9,Q96Q15-2,12.558
vardenafil,10,Q38SD2,12.55
venlafaxine,1,P08922,12.571
venlafaxine,2,P48736,12.459
venlafaxine,3,P29376-4,12.386
venlafaxine,4,P51617,12.37
venlafaxine,5,Q9HAZ1,12.363
venlafaxine,6,P29376-5,12.341
venlafaxine,7,P51617-2,12.312
venlafaxine,8,Q5T9C9,12.279
venlafaxine,9,Q56UN5,12.258
venlafaxine,10,O14757,12.242
verapamil,1,O14757,13.108
verapamil,2,O14757-3,12.747
verapamil,3,P48736,12.624
verapamil,4,P08922,12.568
verapamil,5,O14757-2,12.539
verapamil,6,O00329,12.283
verapamil,7,O75676-2,12.162
verapamil,8,P42345,12.161
verapamil,9,Q9Y6R4,12.161
verapamil,10,Q9Y6R4-2,12.161
veratridine,1,O00329,12.963
veratridine,2,P42336,12.319
veratridine,3,P29376,12.201
veratridine,4,Q96RG2,12.122
veratridine,5,Q96RG2-2,12.122
veratridine,6,Q96RG2-4,12.122
veratridine,7,Q8N0W3,12.103
veratridine,8,P29376-4,12.092
veratridine,9,Q9UM73,12.076
veratridine,10,P78527,12.042
vesamicol,1,P48736,11.7
vesamicol,2,P08922,11.654
vesamicol,3,P16591-2,11.555
vesamicol,4,P16591,11.542
vesamicol,5,P10721-2,11.43
vesamicol,6,P10721,11.428
vesamicol,7,Q12866,11.4
vesamicol,8,P07332-3,11.369
vesamicol,9,P07332,11.363
vesamicol,10,Q14680-5,11.348
vicriviroc,1,Q9H2G2-2,12.674
vicriviroc,2,Q9H2G2,12.583
vicriviroc,3,P16591,12.437
vicriviroc,4,P29376,12.409
vicriviroc,5,P42345,12.395
vicriviroc,6,O00329,12.385
vicriviroc,7,Q04759,12.321
vicriviroc,8,P11802,12.293
vicriviroc,9,P50613,12.293
vicriviroc,10,Q9UM73,12.262
vidarabine,1,Q16539,12.008
vidarabine,2,P08922,11.978
vidarabine,3,Q56UN5,11.971
vidarabine,4,O75417-2,11.874
vidarabine,5,Q16539-2,11.838
vidarabine,6,O60673,11.8
vidarabine,7,P17948,11.769
vidarabine,8,P12931,11.752
vidarabine,9,Q86TB3,11.729
vidarabine,10,O60673-2,11.725
vinblastine,1,Q9UM73,13.058
vinblastine,2,P29376,12.783
vinblastine,3,P78527,12.664
vinblastine,4,P78527-2,12.664
vinblastine,5,Q96Q15-3,12.552
vinblastine,6,Q13315,12.523
vinblastine,7,Q96Q15-2,12.485
vinblastine,8,P07949,12.391
vinblastine,9,P07949-2,12.391
vinblastine,10,P08922,12.384
vincristine,1,Q9UM73,13.058
vincristine,2,P29376,12.783
vincristine,3,P78527,12.664
vincristine,4,P78527-2,12.664
vincristine,5,Q96Q15-3,12.552
vincristine,6,Q13315,12.523
vincristine,7,Q96Q15-2,12.485
vincristine,8,P07949,12.391
vincristine,9,P07949-2,12.391
vincristine,10,P08922,12.384
vindesine,1,Q9UM73,13.058
vindesine,2,P29376,12.783
vindesine,3,P78527,12.664
vindesine,4,P78527-2,12.664
vindesine,5,Q96Q15-3,12.552
vindesine,6,Q13315,12.523
vindesine,7,Q96Q15-2,12.485
vindesine,8,P07949,12.391
vindesine,9,P07949-2,12.391
vindesine,10,P08922,12.384
vinorelbine,1,Q9UM73,13.1
vinorelbine,2,P29376,12.887
vinorelbine,3,P08922,12.618
vinorelbine,4,O00329,12.596
vinorelbine,5,P78527,12.57
vinorelbine,6,P78527-2,12.57
vinorelbine,7,Q13315,12.5
vinorelbine,8,Q96Q15-3,12.445
vinorelbine,9,Q96Q15-2,12.399
vinorelbine,10,P29376-4,12.382
vinpocetine,1,Q13315,12.42
vinpocetine,2,O96017-3,12.375
vinpocetine,3,P11362-15,12.334
vinpocetine,4,Q96Q15-2,12.332
vinpocetine,5,Q56UN5,12.324
vinpocetine,6,Q96Q15-3,12.32
vinpocetine,7,P78527,12.284
vinpocetine,8,P78527-2,12.284
vinpocetine,9,P53667-4,12.273
vinpocetine,10,P48736,12.272
vitexin,1,O00329,12.589
vitexin,2,P49336-2,12.149
vitexin,3,P49336,12.141
vitexin,4,P11802,11.983
vitexin,5,P42336,11.969
vitexin,6,P17948-3,11.917
vitexin,7,P17948,11.887
vitexin,8,P06493-2,11.837
vitexin,9,O14757,11.819
vitexin,10,P50750,11.805
vorinostat,1,P16591,11.993
vorinostat,2,P49841-2,11.991
vorinostat,3,Q13237-2,11.99
vorinostat,4,O96017,11.976
vorinostat,5,P16591-2,11.953
vorinostat,6,Q13237,11.948
vorinostat,7,P49841,11.922
vorinostat,8,Q9P1W9,11.916
vorinostat,9,P48736,11.875
vorinostat,10,O96017-9,11.826
warfarin,1,O00329,12.506
warfarin,2,Q86V86,12.315
warfarin,3,Q9HAZ1,12.216
warfarin,4,P11309-2,12.161
warfarin,5,O43293,12.148
warfarin,6,P42336,12.089
warfarin,7,Q96GD4-4,12.075
warfarin,8,Q96GD4-5,12.068
warfarin,9,Q96GD4,12.067
warfarin,10,P11309,12.057
withaferin-a,1,O00329,12.589
withaferin-a,2,P42336,11.939
withaferin-a,3,P42345,11.852
withaferin-a,4,P78527,11.839
withaferin-a,5,P78527-2,11.839
withaferin-a,6,O43293,11.771
withaferin-a,7,Q9UIK4-2,11.729
withaferin-a,8,P36888,11.683
withaferin-a,9,Q96Q15,11.676
withaferin-a,10,Q96Q15-3,11.671
wortmannin,1,P17948,12.234
wortmannin,2,O43293,11.973
wortmannin,3,O00329,11.946
wortmannin,4,P36888-2,11.937
wortmannin,5,P17948-3,11.914
wortmannin,6,P36888,11.9
wortmannin,7,Q9UM73,11.743
wortmannin,8,O43293-2,11.711
wortmannin,9,P17948-2,11.687
wortmannin,10,Q9UEE5,11.685
xaliproden,1,P54760,12.526
xaliproden,2,P07949,12.434
xaliproden,3,P07949-2,12.434
xaliproden,4,P48736,12.329
xaliproden,5,P54762,12.324
xaliproden,6,P35590,12.299
xaliproden,7,P08922,12.294
xaliproden,8,P54753,12.244
xaliproden,9,P29322,12.215
xaliproden,10,Q08345-2,12.211
xanthinol,1,P08922,12.382
xanthinol,2,P48736,12.3
xanthinol,3,P50750,12.136
xanthinol,4,P42338,12.127
xanthinol,5,Q9HAZ1,12.097
xanthinol,6,P50750-2,12.087
xanthinol,7,P51617,12.083
xanthinol,8,Q14680-5,12.066
xanthinol,9,P51617-2,12.054
xanthinol,10,O00329,12.035
xanthohumol,1,P08922,13.573
xanthohumol,2,Q9HAZ1,13.163
xanthohumol,3,O00329,13.107
xanthohumol,4,P16591,13.09
xanthohumol,5,Q9UEE5,12.89
xanthohumol,6,P29320-2,12.879
xanthohumol,7,Q00535-2,12.872
xanthohumol,8,P29376,12.852
xanthohumol,9,Q96RR4-3,12.832
xanthohumol,10,P54760-2,12.828
zamifenacin,1,Q9UQB9-3,12.328
zamifenacin,2,Q9UQB9-2,12.322
zamifenacin,3,Q9UQB9,12.312
zamifenacin,4,P49336-2,12.291
zamifenacin,5,P49336,12.289
zamifenacin,6,Q96GD4-4,12.285
zamifenacin,7,Q96GD4,12.238
zamifenacin,8,Q96GD4-5,12.234
zamifenacin,9,P48736,12.219
zamifenacin,10,P09619-2,12.193
zidovudine,1,P49841-2,12.038
zidovudine,2,P49841,12.001
zidovudine,3,O00311,11.972
zidovudine,4,P30291,11.902
zidovudine,5,P48730,11.863
zidovudine,6,P08922,11.854
zidovudine,7,P48730-2,11.85
zidovudine,8,P30291-2,11.709
zidovudine,9,P49674,11.682
zidovudine,10,Q16288-4,11.665
ziprasidone,1,Q56UN5,12.553
ziprasidone,2,Q56UN5-3,12.401
ziprasidone,3,O75417-2,12.348
ziprasidone,4,Q9Y6R4,12.26
ziprasidone,5,Q9Y6R4-2,12.26
ziprasidone,6,P30291,12.259
ziprasidone,7,P78527,12.258
ziprasidone,8,P78527-2,12.258
ziprasidone,9,Q5S007,12.257
ziprasidone,10,Q13535-2,12.232
zolantidine,1,O96017,12.416
zolantidine,2,P51817,12.387
zolantidine,3,O96017-9,12.381
zolantidine,4,P07949,12.207
zolantidine,5,P07949-2,12.207
zolantidine,6,O96017-12,12.202
zolantidine,7,Q08881,12.179
zolantidine,8,P00519,12.157
zolantidine,9,O43930,12.154
zolantidine,10,P48736,12.146
zolmitriptan,1,Q9HAZ1,13.452
zolmitriptan,2,P49759,13.156
zolmitriptan,3,P49759-3,12.988
zolmitriptan,4,P49761,12.779
zolmitriptan,5,P49761-3,12.65
zolmitriptan,6,Q9Y463,12.632
zolmitriptan,7,Q9Y463-2,12.575
zolmitriptan,8,P49760,12.561
zolmitriptan,9,Q9Y463-3,12.56
zolmitriptan,10,P49760-3,12.559
zolpidem,1,O00329,12.64
zolpidem,2,P48736,12.382
zolpidem,3,P17948,11.993
zolpidem,4,Q14680-6,11.965
zolpidem,5,P08922,11.963
zolpidem,6,Q14680-5,11.947
zolpidem,7,P42336,11.921
zolpidem,8,Q14680-7,11.899
zolpidem,9,Q14680,11.888
zolpidem,10,Q16539-2,11.885
zonisamide,1,P17948,12.373
zonisamide,2,P06241,12.171
zonisamide,3,P08922,12.125
zonisamide,4,P06241-3,12.124
zonisamide,5,P06241-2,12.113
zonisamide,6,Q16288-4,12.078
zonisamide,7,Q16288,12.053
zonisamide,8,O00329,12.036
zonisamide,9,Q16288-2,12.025
zonisamide,10,Q16288-5,11.988
zosuquidar,1,P36888,12.815
zosuquidar,2,P08581,12.758
zosuquidar,3,P36888-2,12.741
zosuquidar,4,P30530-2,12.735
zosuquidar,5,P30530,12.732
zosuquidar,6,P08581-2,12.725
zosuquidar,7,P35968,12.693
zosuquidar,8,P10721-2,12.625
zosuquidar,9,P09619,12.624
zosuquidar,10,P10721,12.617
zoxazolamine,1,P48736,12.602
zoxazolamine,2,P08922,12.367
zoxazolamine,3,Q9HAZ1,12.281
zoxazolamine,4,O00329,12.14
zoxazolamine,5,Q9H0K1,12.137
zoxazolamine,6,P29376-4,12.073
zoxazolamine,7,Q56UN5-3,12.05
zoxazolamine,8,P16591-2,12.019
zoxazolamine,9,P50750,12.011
zoxazolamine,10,P29376-5,12.006
