drug_id,rank,prot_id,pred
2-aminopurine,1,O60674,6.269
2-aminopurine,2,P11362-15,6.201
2-aminopurine,3,P52333,6.186
2-aminopurine,4,P52333-2,6.186
2-aminopurine,5,O00443,6.061
2-aminopurine,6,P29597,6.047
2-aminopurine,7,P07333-2,6.044
2-aminopurine,8,P52333-4,6.029
2-aminopurine,9,O75747-2,6.009
2-aminopurine,10,P48736,5.982
3-methyl-GABA,1,P49760-3,7.328
3-methyl-GABA,2,P49760,7.325
3-methyl-GABA,3,P49759,7.211
3-methyl-GABA,4,P49759-3,7.168
3-methyl-GABA,5,Q9HAZ1,7.147
3-methyl-GABA,6,Q13627-3,7.048
3-methyl-GABA,7,Q13627-4,7.048
3-methyl-GABA,8,P36888,7.037
3-methyl-GABA,9,Q13627,7.037
3-methyl-GABA,10,Q13627-2,7.032
5-iodotubercidin,1,O60674,7.37
5-iodotubercidin,2,P52333,7.148
5-iodotubercidin,3,P52333-2,7.148
5-iodotubercidin,4,P29597,6.973
5-iodotubercidin,5,P52333-4,6.627
5-iodotubercidin,6,Q9C098,6.383
5-iodotubercidin,7,Q9HBH9-2,6.322
5-iodotubercidin,8,Q9HBH9,6.308
5-iodotubercidin,9,P23458,6.3
5-iodotubercidin,10,Q16671-3,6.181
5-methoxytryptamine,1,P36888-2,6.51
5-methoxytryptamine,2,P36888,6.43
5-methoxytryptamine,3,P49759,6.397
5-methoxytryptamine,4,P49760,6.386
5-methoxytryptamine,5,P49760-3,6.384
5-methoxytryptamine,6,P49759-3,6.379
5-methoxytryptamine,7,Q9HAZ1,6.343
5-methoxytryptamine,8,Q56UN5,6.31
5-methoxytryptamine,9,P07333,6.221
5-methoxytryptamine,10,P07333-2,6.131
5-nonyloxytryptamine,1,P07333,7.114
5-nonyloxytryptamine,2,P36888-2,6.998
5-nonyloxytryptamine,3,P36888,6.976
5-nonyloxytryptamine,4,P16234-3,6.865
5-nonyloxytryptamine,5,P09619,6.774
5-nonyloxytryptamine,6,P16234,6.753
5-nonyloxytryptamine,7,P17948,6.646
5-nonyloxytryptamine,8,P35968,6.575
5-nonyloxytryptamine,9,Q56UN5,6.511
5-nonyloxytryptamine,10,P10721-2,6.401
6-aminochrysene,1,P07333,6.565
6-aminochrysene,2,P49759,6.532
6-aminochrysene,3,Q9HAZ1,6.529
6-aminochrysene,4,P49759-3,6.505
6-aminochrysene,5,Q9BX84,6.476
6-aminochrysene,6,Q9BX84-4,6.476
6-aminochrysene,7,O75747-2,6.447
6-aminochrysene,8,P49760,6.445
6-aminochrysene,9,P49760-3,6.442
6-aminochrysene,10,O00750,6.43
ABT-737,1,P36888,7.458
ABT-737,2,P36888-2,7.387
ABT-737,3,P09619,6.857
ABT-737,4,P07333,6.797
ABT-737,5,Q9UQB9,6.796
ABT-737,6,Q9UQB9-3,6.796
ABT-737,7,Q9UQB9-2,6.784
ABT-737,8,Q9NSY1-3,6.779
ABT-737,9,Q9NSY1-2,6.76
ABT-737,10,Q9NSY1,6.752
ABT-751,1,Q59H18-3,6.577
ABT-751,2,P10398,6.522
ABT-751,3,P35590-3,6.505
ABT-751,4,P35590-2,6.474
ABT-751,5,O14976,6.47
ABT-751,6,Q9HBH9-2,6.464
ABT-751,7,Q96D53,6.453
ABT-751,8,P15056,6.44
ABT-751,9,Q7L7X3,6.44
ABT-751,10,Q9UL54-2,6.434
AG-490,1,Q56UN5,7.136
AG-490,2,P49760,6.692
AG-490,3,P49760-3,6.691
AG-490,4,P49759,6.681
AG-490,5,O95819-3,6.672
AG-490,6,P49759-3,6.664
AG-490,7,Q8N4C8,6.641
AG-490,8,O43283-6,6.639
AG-490,9,Q9UKE5-2,6.635
AG-490,10,Q9UKE5-6,6.632
AG-879,1,Q56UN5,7.165
AG-879,2,O43318-2,6.893
AG-879,3,O43318,6.836
AG-879,4,O43318-4,6.802
AG-879,5,O43283-6,6.76
AG-879,6,P49759,6.741
AG-879,7,O43318-3,6.724
AG-879,8,P49760,6.712
AG-879,9,P49760-3,6.712
AG-879,10,P49759-3,6.708
AICA-ribonucleotide,1,P52333,6.831
AICA-ribonucleotide,2,P52333-2,6.831
AICA-ribonucleotide,3,O60674,6.798
AICA-ribonucleotide,4,P49760,6.734
AICA-ribonucleotide,5,P49760-3,6.734
AICA-ribonucleotide,6,P49759,6.545
AICA-ribonucleotide,7,P49759-3,6.526
AICA-ribonucleotide,8,Q13627-4,6.484
AICA-ribonucleotide,9,Q13627-3,6.48
AICA-ribonucleotide,10,Q13627,6.473
ALW-II-49-7,1,Q08345-2,7.641
ALW-II-49-7,2,Q08345-6,7.64
ALW-II-49-7,3,Q08345,7.632
ALW-II-49-7,4,Q08345-5,7.609
ALW-II-49-7,5,P07333,7.274
ALW-II-49-7,6,P09619,7.153
ALW-II-49-7,7,P16234,6.924
ALW-II-49-7,8,P10721-2,6.791
ALW-II-49-7,9,P10721,6.781
ALW-II-49-7,10,P16234-3,6.777
AM-404,1,P36888,6.961
AM-404,2,P16234-3,6.906
AM-404,3,P36888-2,6.881
AM-404,4,P16234,6.682
AM-404,5,P07333,6.622
AM-404,6,P49759,6.612
AM-404,7,P17948,6.565
AM-404,8,P49759-3,6.565
AM-404,9,Q9UQB9-2,6.548
AM-404,10,Q9UQB9,6.531
AM-580,1,P07333,7.931
AM-580,2,P16234-3,7.82
AM-580,3,P16234,7.757
AM-580,4,P09619,7.749
AM-580,5,P17948,7.683
AM-580,6,P36888-2,7.615
AM-580,7,P36888,7.562
AM-580,8,P10721-2,7.44
AM-580,9,P10721,7.436
AM-580,10,P35968,7.305
AMN-082,1,P36888-2,7.002
AMN-082,2,P49759,6.947
AMN-082,3,P49759-3,6.908
AMN-082,4,Q56UN5,6.893
AMN-082,5,P36888,6.877
AMN-082,6,Q9HAZ1,6.868
AMN-082,7,P49760-3,6.849
AMN-082,8,P49760,6.846
AMN-082,9,Q9NSY1-3,6.846
AMN-082,10,Q9NSY1-2,6.831
AR-A014418,1,P36888,6.495
AR-A014418,2,P36888-2,6.383
AR-A014418,3,Q9HBH9,6.376
AR-A014418,4,P07333,6.339
AR-A014418,5,Q9HBH9-2,6.306
AR-A014418,6,Q16620-2,6.298
AR-A014418,7,Q16620-4,6.279
AR-A014418,8,Q16620-5,6.278
AR-A014418,9,Q16288-2,6.277
AR-A014418,10,Q16620-6,6.269
AR-C133057XX,1,Q56UN5,8.202
AR-C133057XX,2,O60674,7.975
AR-C133057XX,3,P52333,7.802
AR-C133057XX,4,P52333-2,7.802
AR-C133057XX,5,O43283-6,7.535
AR-C133057XX,6,P52333-4,7.533
AR-C133057XX,7,O75417-2,7.456
AR-C133057XX,8,Q16620-6,7.377
AR-C133057XX,9,P36888-2,7.377
AR-C133057XX,10,Q16620-2,7.356
AS-703026,1,P10398,6.174
AS-703026,2,P15056,6.154
AS-703026,3,P07333,6.095
AS-703026,4,P04049-2,6.059
AS-703026,5,P04049,6.052
AS-703026,6,P09619,6.039
AS-703026,7,P16234-3,6.029
AS-703026,8,P17948,6.016
AS-703026,9,Q9Y572-2,5.973
AS-703026,10,Q9Y572-3,5.968
AT-7519,1,Q00537,8.662
AT-7519,2,Q00537-2,8.628
AT-7519,3,P50613,8.499
AT-7519,4,P50750-2,8.442
AT-7519,5,P50750,8.411
AT-7519,6,Q14004,8.327
AT-7519,7,Q14004-2,8.327
AT-7519,8,Q9NYV4-3,8.327
AT-7519,9,Q9NYV4,8.326
AT-7519,10,Q9NYV4-2,8.326
AY-9944,1,P50613,6.806
AY-9944,2,Q8TD08,6.798
AY-9944,3,Q8TD08-2,6.699
AY-9944,4,Q9H2K8,6.665
AY-9944,5,Q9UPZ9,6.626
AY-9944,6,Q9UPZ9-2,6.618
AY-9944,7,P49760,6.616
AY-9944,8,P49760-3,6.616
AY-9944,9,Q7L7X3-3,6.603
AY-9944,10,Q7L7X3,6.597
AZ-628,1,Q08345-5,7.943
AZ-628,2,Q08345-2,7.938
AZ-628,3,Q08345-6,7.937
AZ-628,4,Q08345,7.917
AZ-628,5,P09619,7.772
AZ-628,6,P07333,7.492
AZ-628,7,P16234,7.332
AZ-628,8,P06239,7.317
AZ-628,9,P10721-2,7.241
AZ-628,10,P06239-3,7.24
AZD-6482,1,P09619,7.38
AZD-6482,2,P07333,7.19
AZD-6482,3,P16234,7.126
AZD-6482,4,P36888-2,6.802
AZD-6482,5,P16234-3,6.801
AZD-6482,6,P17948,6.796
AZD-6482,7,P10721-2,6.746
AZD-6482,8,P10721,6.744
AZD-6482,9,P36888,6.703
AZD-6482,10,P35968,6.699
AZD-7762,1,P50613,6.889
AZD-7762,2,P07333,6.745
AZD-7762,3,P36888,6.74
AZD-7762,4,P36888-2,6.725
AZD-7762,5,Q00536-3,6.653
AZD-7762,6,Q00536,6.649
AZD-7762,7,Q56UN5,6.635
AZD-7762,8,Q13163-4,6.632
AZD-7762,9,Q00536-2,6.617
AZD-7762,10,Q9H2K8,6.602
BAY-K8644,1,Q56UN5,7.814
BAY-K8644,2,O60674,7.324
BAY-K8644,3,O43283-6,7.281
BAY-K8644,4,O75417-2,7.211
BAY-K8644,5,Q13163-2,7.151
BAY-K8644,6,Q13163-3,7.151
BAY-K8644,7,Q13163,7.133
BAY-K8644,8,P35558-2,7.094
BAY-K8644,9,Q13163-4,7.086
BAY-K8644,10,Q96Q11-3,7.076
BI-2536,1,P53350,9.704
BI-2536,2,Q9NYY3,9.027
BI-2536,3,Q9H4B4,8.422
BI-2536,4,Q8N5S9-2,7.694
BI-2536,5,Q8N5S9,7.684
BI-2536,6,Q96RR4,7.634
BI-2536,7,Q96RR4-2,7.63
BI-2536,8,Q96RR4-7,7.628
BI-2536,9,Q96RR4-3,7.622
BI-2536,10,Q96RR4-4,7.49
BI-78D3,1,P36888-2,6.781
BI-78D3,2,Q56UN5,6.77
BI-78D3,3,P36888,6.673
BI-78D3,4,Q9UQB9-3,6.658
BI-78D3,5,Q9UQB9,6.655
BI-78D3,6,Q9UQB9-2,6.634
BI-78D3,7,Q96GD4-4,6.595
BI-78D3,8,Q96GD4,6.576
BI-78D3,9,Q96GD4-5,6.564
BI-78D3,10,Q13163,6.484
BIBX-1382,1,P00533,7.282
BIBX-1382,2,O14976,7.034
BIBX-1382,3,P00533-4,6.961
BIBX-1382,4,Q08345-5,6.958
BIBX-1382,5,P00533-3,6.943
BIBX-1382,6,Q08345-2,6.94
BIBX-1382,7,Q08345,6.931
BIBX-1382,8,Q08345-6,6.93
BIBX-1382,9,P06239,6.861
BIBX-1382,10,P00519-2,6.836
BIX-01294,1,Q08345-5,7.249
BIX-01294,2,Q08345-2,7.208
BIX-01294,3,Q08345,7.203
BIX-01294,4,Q08345-6,7.202
BIX-01294,5,P07333,6.803
BIX-01294,6,Q08345-4,6.796
BIX-01294,7,P06239,6.755
BIX-01294,8,P00519,6.729
BIX-01294,9,P00519-2,6.724
BIX-01294,10,P00533,6.676
BML-190,1,P36888-2,7.886
BML-190,2,P36888,7.863
BML-190,3,Q56UN5,7.568
BML-190,4,P07333,7.378
BML-190,5,Q13163,7.359
BML-190,6,Q13163-2,7.294
BML-190,7,Q13163-3,7.293
BML-190,8,P04629-3,7.279
BML-190,9,Q13163-4,7.231
BML-190,10,Q16620-2,7.228
BML-257,1,Q9BX84,6.441
BML-257,2,Q9BX84-4,6.441
BML-257,3,P49759,6.387
BML-257,4,O00750,6.354
BML-257,5,Q9BX84-3,6.348
BML-257,6,P49759-3,6.347
BML-257,7,Q9BX84-2,6.347
BML-257,8,Q9HAZ1,6.312
BML-257,9,O75747-2,6.304
BML-257,10,P49760,6.256
BMS-299897,1,P07333,6.87
BMS-299897,2,P36888,6.788
BMS-299897,3,P36888-2,6.786
BMS-299897,4,P17948,6.591
BMS-299897,5,P16234-3,6.557
BMS-299897,6,Q13163-4,6.481
BMS-299897,7,P35968,6.478
BMS-299897,8,Q13163,6.453
BMS-299897,9,P16234,6.45
BMS-299897,10,P09619,6.446
BMS-345541,1,Q56UN5,6.116
BMS-345541,2,O43283-6,5.935
BMS-345541,3,P50613,5.913
BMS-345541,4,Q9UQ88,5.858
BMS-345541,5,Q9UQ88-3,5.858
BMS-345541,6,Q9UQ88-4,5.856
BMS-345541,7,Q9UQ88-2,5.847
BMS-345541,8,O14920,5.831
BMS-345541,9,O14920-2,5.805
BMS-345541,10,Q16854-6,5.804
BMS-641988,1,Q56UN5,8.371
BMS-641988,2,O94804,7.725
BMS-641988,3,O43283-6,7.703
BMS-641988,4,O75417-2,7.574
BMS-641988,5,Q96Q11-3,7.543
BMS-641988,6,Q56UN5-3,7.503
BMS-641988,7,O43283-3,7.473
BMS-641988,8,O60674,7.413
BMS-641988,9,P37173-3,7.403
BMS-641988,10,P35558-2,7.403
BMS-754807,1,P36888-2,7.91
BMS-754807,2,Q9UQB9,7.862
BMS-754807,3,Q9UQB9-3,7.847
BMS-754807,4,Q9UQB9-2,7.844
BMS-754807,5,P36888,7.764
BMS-754807,6,Q08345-2,7.729
BMS-754807,7,Q08345,7.726
BMS-754807,8,Q08345-6,7.725
BMS-754807,9,Q08345-5,7.66
BMS-754807,10,Q96GD4-4,7.649
BW-B70C,1,P17948,7.196
BW-B70C,2,P35968,6.943
BW-B70C,3,P16234-3,6.895
BW-B70C,4,P36888-2,6.894
BW-B70C,5,P17948-2,6.795
BW-B70C,6,Q56UN5,6.793
BW-B70C,7,Q9UQB9-2,6.759
BW-B70C,8,Q9UQB9,6.739
BW-B70C,9,P07333,6.736
BW-B70C,10,Q9UQB9-3,6.729
BX-795,1,P09619,7.977
BX-795,2,P07333,7.84
BX-795,3,Q08345-5,7.818
BX-795,4,Q08345,7.809
BX-795,5,Q08345-2,7.802
BX-795,6,Q08345-6,7.798
BX-795,7,P06239,7.558
BX-795,8,P06239-3,7.513
BX-795,9,Q13163,7.509
BX-795,10,Q13163-2,7.509
BX-912,1,P09619,7.58
BX-912,2,Q08345,7.341
BX-912,3,Q08345-2,7.34
BX-912,4,Q08345-6,7.336
BX-912,5,Q08345-5,7.319
BX-912,6,P16234,7.221
BX-912,7,P10721-2,7.17
BX-912,8,P10721,7.163
BX-912,9,P07333,7.136
BX-912,10,P36888-2,7.134
CAM-9-026,1,P36888,8.85
CAM-9-026,2,P36888-2,8.739
CAM-9-026,3,P16234-3,7.66
CAM-9-026,4,P09619,7.52
CAM-9-026,5,P16234,7.501
CAM-9-026,6,P17948,7.436
CAM-9-026,7,P07949,7.331
CAM-9-026,8,P07949-2,7.331
CAM-9-026,9,P07333,7.309
CAM-9-026,10,P10721-2,7.302
CAY-10470,1,Q08345-2,7.03
CAY-10470,2,Q08345-5,7.026
CAY-10470,3,Q08345-6,7.024
CAY-10470,4,Q08345,7.02
CAY-10470,5,O43353,6.723
CAY-10470,6,P16234-3,6.547
CAY-10470,7,P00533,6.508
CAY-10470,8,P16234,6.482
CAY-10470,9,P09619,6.457
CAY-10470,10,P17948,6.428
CCCP,1,P07333,7.108
CCCP,2,Q13163-4,6.674
CCCP,3,Q13163,6.605
CCCP,4,Q13163-3,6.497
CCCP,5,Q13163-2,6.496
CCCP,6,P09619,6.366
CCCP,7,Q02750,6.265
CCCP,8,P15056,6.198
CCCP,9,Q56UN5,6.165
CCCP,10,P51451,6.148
CCMQ,1,P07333,6.254
CCMQ,2,Q02750,6.094
CCMQ,3,Q56UN5,6.094
CCMQ,4,Q9UQ07-3,6.056
CCMQ,5,Q32MK0-4,6.037
CCMQ,6,O43283-6,6.033
CCMQ,7,Q32MK0,6.017
CCMQ,8,P35558-2,5.998
CCMQ,9,Q96Q11-3,5.994
CCMQ,10,O43318-4,5.989
CD-437,1,P36888-2,7.506
CD-437,2,P36888,7.411
CD-437,3,P07333,7.197
CD-437,4,Q16288-2,7.168
CD-437,5,Q9UQB9,7.147
CD-437,6,Q9UQB9-3,7.142
CD-437,7,Q9UQB9-2,7.134
CD-437,8,P04629-3,7.085
CD-437,9,Q16620-2,7.045
CD-437,10,Q16620-5,7.04
CGK-733,1,P36888,7.14
CGK-733,2,P36888-2,7.106
CGK-733,3,P07333,6.894
CGK-733,4,P09619,6.694
CGK-733,5,P16234-3,6.679
CGK-733,6,P16234,6.614
CGK-733,7,Q13163,6.6
CGK-733,8,Q13163-4,6.573
CGK-733,9,P17948,6.542
CGK-733,10,P10721-2,6.466
CGP-13501,1,P49760,6.957
CGP-13501,2,P49760-3,6.956
CGP-13501,3,P49759,6.857
CGP-13501,4,P49759-3,6.837
CGP-13501,5,Q13627,6.803
CGP-13501,6,Q13627-2,6.795
CGP-13501,7,Q13627-3,6.79
CGP-13501,8,Q13627-4,6.79
CGP-13501,9,Q56UN5,6.784
CGP-13501,10,Q13627-5,6.781
CGP-37157,1,Q56UN5,6.698
CGP-37157,2,P36888-2,6.644
CGP-37157,3,P36888,6.627
CGP-37157,4,P49760,6.561
CGP-37157,5,P49760-3,6.561
CGP-37157,6,Q13163-4,6.556
CGP-37157,7,Q13163,6.537
CGP-37157,8,P49759,6.509
CGP-37157,9,O60674,6.501
CGP-37157,10,P49759-3,6.495
CGP-53353,1,P36888-2,7.282
CGP-53353,2,P36888,7.23
CGP-53353,3,Q9UEE5,7.084
CGP-53353,4,P09619,7.014
CGP-53353,5,O14976,6.97
CGP-53353,6,Q56UN5,6.918
CGP-53353,7,O94768,6.891
CGP-53353,8,P17948,6.782
CGP-53353,9,Q13163-4,6.768
CGP-53353,10,P17948-5,6.726
CGP-55845,1,P49760,6.798
CGP-55845,2,P49760-3,6.798
CGP-55845,3,P49759,6.701
CGP-55845,4,P49759-3,6.686
CGP-55845,5,P50613,6.658
CGP-55845,6,Q13627,6.609
CGP-55845,7,Q13627-2,6.608
CGP-55845,8,Q13627-5,6.599
CGP-55845,9,Q13627-3,6.596
CGP-55845,10,Q13627-4,6.595
CGP-57380,1,P17948,6.723
CGP-57380,2,O60674,6.698
CGP-57380,3,P09619,6.584
CGP-57380,4,P35968,6.514
CGP-57380,5,P52333,6.436
CGP-57380,6,P52333-2,6.436
CGP-57380,7,P16234,6.403
CGP-57380,8,P16234-3,6.395
CGP-57380,9,P35916,6.337
CGP-57380,10,P35916-1,6.337
CGS-20625,1,Q56UN5,6.62
CGS-20625,2,O60674,6.602
CGS-20625,3,P52333,6.572
CGS-20625,4,P52333-2,6.572
CGS-20625,5,Q9H2G2,6.548
CGS-20625,6,Q9H2G2-2,6.53
CGS-20625,7,Q16620-2,6.527
CGS-20625,8,Q16620-5,6.519
CGS-20625,9,Q16620-3,6.499
CGS-20625,10,Q16620-4,6.498
CI-966,1,P07333,7.001
CI-966,2,Q56UN5,6.915
CI-966,3,P17948,6.746
CI-966,4,Q16288-3,6.705
CI-966,5,Q16288-5,6.696
CI-966,6,Q16288,6.685
CI-966,7,Q16288-4,6.677
CI-966,8,P09619,6.659
CI-966,9,Q16288-2,6.593
CI-966,10,P16234-3,6.566
CITCO,1,P07333,6.682
CITCO,2,Q9H3Y6,6.116
CITCO,3,P00533,6.097
CITCO,4,P04626-4,6.079
CITCO,5,P04626-5,6.049
CITCO,6,P04626,6.046
CITCO,7,P49760,6.027
CITCO,8,Q9Y4K4,6.026
CITCO,9,P49760-3,6.025
CITCO,10,P51451,6.011
CNQX,1,Q56UN5,7.517
CNQX,2,O43283-6,7.205
CNQX,3,O60674,7.141
CNQX,4,Q9Y2U5,7.039
CNQX,5,P52333,6.983
CNQX,6,P52333-2,6.983
CNQX,7,Q56UN5-3,6.954
CNQX,8,Q7Z2Y5-3,6.952
CNQX,9,O75417-2,6.942
CNQX,10,O43283-3,6.936
CO-102862,1,P07333,7.101
CO-102862,2,P17948,7.092
CO-102862,3,P16234-3,7.039
CO-102862,4,P15056,7.017
CO-102862,5,P35968,6.964
CO-102862,6,P16234,6.808
CO-102862,7,P10398,6.789
CO-102862,8,P09619,6.721
CO-102862,9,P04049-2,6.708
CO-102862,10,P04049,6.701
CP-55940,1,P50613,7.138
CP-55940,2,P49759,6.979
CP-55940,3,Q56UN5,6.975
CP-55940,4,P49759-3,6.953
CP-55940,5,P49760-3,6.884
CP-55940,6,P49760,6.883
CP-55940,7,Q8TD08,6.874
CP-55940,8,Q8TD08-2,6.816
CP-55940,9,Q8TD08-3,6.752
CP-55940,10,Q13627-4,6.695
CP-93129,1,P49760,7.086
CP-93129,2,P49760-3,7.085
CP-93129,3,P49759,7.063
CP-93129,4,P49759-3,7.04
CP-93129,5,Q9HAZ1,7.009
CP-93129,6,Q13627,6.835
CP-93129,7,Q13627-3,6.834
CP-93129,8,Q13627-4,6.834
CP-93129,9,Q13627-2,6.828
CP-93129,10,Q13627-5,6.825
CP-94253,1,Q56UN5,6.747
CP-94253,2,P17948,6.595
CP-94253,3,O43283-6,6.595
CP-94253,4,P35968,6.522
CP-94253,5,Q9UQB9,6.468
CP-94253,6,Q9UQB9-3,6.455
CP-94253,7,Q9UQB9-2,6.454
CP-94253,8,P09619,6.445
CP-94253,9,P16234-3,6.414
CP-94253,10,O00444-3,6.389
CS-110266,1,P07333,7.113
CS-110266,2,Q16620-7,7.105
CS-110266,3,O00444,7.078
CS-110266,4,Q16288-2,7.078
CS-110266,5,O00444-3,7.066
CS-110266,6,Q56UN5,7.065
CS-110266,7,Q16620-2,7.048
CS-110266,8,P36888-2,7.03
CS-110266,9,Q16620-5,7.022
CS-110266,10,Q16620-3,7.009
CS-1657,1,P07333,6.442
CS-1657,2,P50613,6.41
CS-1657,3,Q13163-4,6.326
CS-1657,4,Q13163,6.235
CS-1657,5,P49759,6.218
CS-1657,6,P49759-3,6.204
CS-1657,7,O43318-2,6.15
CS-1657,8,O76039,6.117
CS-1657,9,P49760,6.11
CS-1657,10,P49760-3,6.11
DAU-5884,1,P36888-2,8.053
DAU-5884,2,P36888,7.941
DAU-5884,3,Q56UN5,7.622
DAU-5884,4,Q9NSY1-3,7.439
DAU-5884,5,Q9NSY1-2,7.42
DAU-5884,6,Q9NSY1,7.402
DAU-5884,7,P52333,7.359
DAU-5884,8,P52333-2,7.359
DAU-5884,9,P09619,7.219
DAU-5884,10,O60674,7.185
DH-97,1,P16234-3,6.627
DH-97,2,P07333,6.599
DH-97,3,P16234,6.533
DH-97,4,P36888-2,6.465
DH-97,5,P17948,6.462
DH-97,6,P36888,6.461
DH-97,7,P35968,6.432
DH-97,8,P09619,6.371
DH-97,9,P49760-3,6.356
DH-97,10,P49760,6.354
DL-PDMP,1,P36888,7.282
DL-PDMP,2,P36888-2,7.236
DL-PDMP,3,Q56UN5,7.051
DL-PDMP,4,Q9NSY1-3,6.722
DL-PDMP,5,Q9NSY1-2,6.691
DL-PDMP,6,Q9NSY1,6.629
DL-PDMP,7,O43283-6,6.574
DL-PDMP,8,Q96Q11-3,6.535
DL-PDMP,9,P37173-3,6.528
DL-PDMP,10,P35558-2,6.526
DMBI,1,Q56UN5,7.523
DMBI,2,P36888-2,7.512
DMBI,3,Q9NSY1-3,7.504
DMBI,4,Q9NSY1-2,7.49
DMBI,5,Q9NSY1,7.477
DMBI,6,P36888,7.415
DMBI,7,Q9UEE5,7.185
DMBI,8,P09619,7.162
DMBI,9,Q2M2I8,7.118
DMBI,10,Q2M2I8-2,7.08
DMP-543,1,P07333,7.453
DMP-543,2,P09619,7.189
DMP-543,3,P16234-3,7.007
DMP-543,4,P16234,7.0
DMP-543,5,P10721-2,6.883
DMP-543,6,P10721,6.876
DMP-543,7,P17948,6.874
DMP-543,8,Q56UN5,6.833
DMP-543,9,P35916,6.734
DMP-543,10,P35916-1,6.734
DR-2313,1,Q56UN5,6.761
DR-2313,2,P49760,6.665
DR-2313,3,P49760-3,6.664
DR-2313,4,P49759,6.558
DR-2313,5,O43283-6,6.556
DR-2313,6,Q13627-4,6.519
DR-2313,7,P49759-3,6.518
DR-2313,8,Q13627-3,6.516
DR-2313,9,Q13627,6.492
DR-2313,10,Q9HAZ1,6.49
DUP-697,1,P07333,6.559
DUP-697,2,P10398,6.535
DUP-697,3,P15056,6.502
DUP-697,4,P04049-2,6.417
DUP-697,5,P04049,6.392
DUP-697,6,Q15759,6.185
DUP-697,7,P16234-3,6.15
DUP-697,8,P36888-2,6.147
DUP-697,9,Q13163,6.124
DUP-697,10,Q13163-4,6.116
EBPC,1,P49760-3,6.655
EBPC,2,P49760,6.654
EBPC,3,Q56UN5,6.654
EBPC,4,Q13627,6.6
EBPC,5,Q13627-4,6.598
EBPC,6,Q13627-3,6.596
EBPC,7,Q13627-5,6.591
EBPC,8,Q13627-2,6.589
EBPC,9,P49759,6.557
EBPC,10,Q9Y463-3,6.542
EHNA,1,O60674,6.399
EHNA,2,P52333,6.308
EHNA,3,P52333-2,6.308
EHNA,4,P29597,6.03
EHNA,5,P52333-4,6.024
EHNA,6,P49760,5.966
EHNA,7,P49760-3,5.965
EHNA,8,P49759,5.963
EHNA,9,P49759-3,5.939
EHNA,10,P23458,5.92
ENMD-2076,1,P09619,7.831
ENMD-2076,2,Q9UQB9,7.796
ENMD-2076,3,Q9UQB9-3,7.794
ENMD-2076,4,Q9UQB9-2,7.788
ENMD-2076,5,Q96GD4,7.657
ENMD-2076,6,Q96GD4-5,7.652
ENMD-2076,7,Q96GD4-4,7.651
ENMD-2076,8,Q56UN5,7.543
ENMD-2076,9,Q96GD4-2,7.43
ENMD-2076,10,P36888-2,7.403
FCCP,1,Q56UN5,7.062
FCCP,2,O43283-6,6.608
FCCP,3,Q13163-4,6.516
FCCP,4,Q13163,6.509
FCCP,5,O75417-2,6.5
FCCP,6,Q13163-2,6.479
FCCP,7,Q13163-3,6.473
FCCP,8,P15056,6.464
FCCP,9,P07333,6.454
FCCP,10,O60674,6.448
FIT,1,Q56UN5,7.445
FIT,2,Q9H093,6.951
FIT,3,Q13976,6.943
FIT,4,P07333,6.927
FIT,5,P04629-3,6.926
FIT,6,P04629,6.84
FIT,7,P49841,6.824
FIT,8,P04629-2,6.814
FIT,9,P32298,6.766
FIT,10,P49841-2,6.761
FPL-55712,1,P36888,7.244
FPL-55712,2,Q13627,7.148
FPL-55712,3,Q13627-4,7.142
FPL-55712,4,Q13627-2,7.141
FPL-55712,5,Q13627-3,7.141
FPL-55712,6,Q13627-5,7.134
FPL-55712,7,P49760-3,7.103
FPL-55712,8,P49760,7.1
FPL-55712,9,P36888-2,7.093
FPL-55712,10,Q56UN5,7.083
FR-122047,1,P36888-2,7.962
FR-122047,2,P09619,7.867
FR-122047,3,P36888,7.83
FR-122047,4,Q9NSY1-3,7.706
FR-122047,5,Q9NSY1,7.678
FR-122047,6,P04629-3,7.668
FR-122047,7,Q9NSY1-2,7.668
FR-122047,8,P07333,7.657
FR-122047,9,P04629,7.646
FR-122047,10,P04629-2,7.625
GBR-12783,1,P36888-2,7.593
GBR-12783,2,P36888,7.48
GBR-12783,3,Q56UN5,7.451
GBR-12783,4,Q9NSY1-3,7.166
GBR-12783,5,Q9NSY1,7.139
GBR-12783,6,P04629,7.136
GBR-12783,7,P04629-3,7.127
GBR-12783,8,Q9NSY1-2,7.122
GBR-12783,9,P04629-2,7.121
GBR-12783,10,P09619,7.118
GBR-12935,1,P36888-2,7.542
GBR-12935,2,P36888,7.428
GBR-12935,3,P07333,7.121
GBR-12935,4,P04629-3,7.091
GBR-12935,5,P04629,7.007
GBR-12935,6,P04629-2,6.992
GBR-12935,7,Q56UN5,6.985
GBR-12935,8,Q16620-6,6.98
GBR-12935,9,Q16620-4,6.933
GBR-12935,10,Q16620,6.927
GBR-13069,1,P36888-2,7.366
GBR-13069,2,P36888,7.342
GBR-13069,3,Q56UN5,7.226
GBR-13069,4,O94804,7.012
GBR-13069,5,P04629-3,6.969
GBR-13069,6,Q16620-6,6.968
GBR-13069,7,O14976,6.955
GBR-13069,8,P04629,6.944
GBR-13069,9,P04629-2,6.93
GBR-13069,10,P07333,6.923
GDC-0879,1,P15056,9.434
GDC-0879,2,P10398,8.332
GDC-0879,3,P04049,7.761
GDC-0879,4,P04049-2,7.737
GDC-0879,5,P10398-2,6.407
GDC-0879,6,P49674,6.378
GDC-0879,7,Q8IVT5-3,6.275
GDC-0879,8,Q8IVT5-4,6.275
GDC-0879,9,Q8IVT5,6.211
GDC-0879,10,Q8IVT5-2,6.206
GR-103691,1,P07333,7.558
GR-103691,2,P36888,7.436
GR-103691,3,P36888-2,7.434
GR-103691,4,Q08345,7.376
GR-103691,5,Q08345-2,7.374
GR-103691,6,Q08345-6,7.373
GR-103691,7,Q08345-5,7.367
GR-103691,8,P09619,7.337
GR-103691,9,P04629-3,7.204
GR-103691,10,P04629,7.154
GR-159897,1,P36888-2,7.877
GR-159897,2,P36888,7.849
GR-159897,3,P09619,7.32
GR-159897,4,P07333,7.249
GR-159897,5,P16234,7.112
GR-159897,6,Q56UN5,7.089
GR-159897,7,P10721,7.062
GR-159897,8,P10721-2,7.057
GR-159897,9,P16234-3,7.044
GR-159897,10,O00444-3,7.028
GR-46611,1,Q56UN5,6.833
GR-46611,2,P49760,6.802
GR-46611,3,P49760-3,6.801
GR-46611,4,P49759,6.763
GR-46611,5,Q9HAZ1,6.756
GR-46611,6,Q13627-3,6.739
GR-46611,7,Q9UKE5-2,6.738
GR-46611,8,Q9UKE5-6,6.738
GR-46611,9,Q13627-4,6.736
GR-46611,10,Q13627,6.731
GR-55562,1,P16234-3,6.948
GR-55562,2,P16234,6.943
GR-55562,3,P07333,6.818
GR-55562,4,P09619,6.727
GR-55562,5,P15056,6.539
GR-55562,6,P10398,6.476
GR-55562,7,P10721-2,6.452
GR-55562,8,P10721,6.433
GR-55562,9,P35968,6.347
GR-55562,10,P17948,6.331
GR-79236,1,O60674,6.845
GR-79236,2,P29597,6.796
GR-79236,3,P52333,6.764
GR-79236,4,P52333-2,6.764
GR-79236,5,Q9C098,6.469
GR-79236,6,O14976,6.433
GR-79236,7,P52333-4,6.417
GR-79236,8,P49760,6.403
GR-79236,9,P49760-3,6.402
GR-79236,10,Q13627-4,6.361
GS-39783,1,P11362-17,6.803
GS-39783,2,P15056,6.778
GS-39783,3,P10398,6.757
GS-39783,4,Q6VAB6,6.718
GS-39783,5,Q8IVT5-3,6.704
GS-39783,6,Q8IVT5-4,6.7
GS-39783,7,O43283-6,6.698
GS-39783,8,Q96Q11-3,6.692
GS-39783,9,O00238,6.679
GS-39783,10,Q9UQ07-3,6.665
GSK-1059615,1,Q56UN5,7.461
GSK-1059615,2,O14976,7.079
GSK-1059615,3,O60674,7.038
GSK-1059615,4,O43283-6,6.929
GSK-1059615,5,P52333,6.886
GSK-1059615,6,P52333-2,6.886
GSK-1059615,7,P09619,6.806
GSK-1059615,8,O75417-2,6.767
GSK-1059615,9,P36888-2,6.755
GSK-1059615,10,Q96Q11-3,6.755
GSK-1070916,1,Q08345-6,7.06
GSK-1070916,2,Q08345-2,7.056
GSK-1070916,3,Q08345,7.05
GSK-1070916,4,Q08345-5,7.028
GSK-1070916,5,P07333,6.844
GSK-1070916,6,P16234-3,6.733
GSK-1070916,7,P16234,6.646
GSK-1070916,8,Q08345-4,6.622
GSK-1070916,9,P09619,6.48
GSK-1070916,10,P10721-2,6.429
GSK-1904529A,1,Q08345-5,7.235
GSK-1904529A,2,Q08345,7.184
GSK-1904529A,3,Q08345-2,7.177
GSK-1904529A,4,Q08345-6,7.173
GSK-1904529A,5,O14976,6.931
GSK-1904529A,6,P06239,6.751
GSK-1904529A,7,P06239-3,6.731
GSK-1904529A,8,P12931-3,6.697
GSK-1904529A,9,P12931-2,6.678
GSK-1904529A,10,P06239-2,6.631
GSK-461364,1,Q08345-5,7.462
GSK-461364,2,Q08345,7.456
GSK-461364,3,Q08345-6,7.448
GSK-461364,4,Q08345-2,7.441
GSK-461364,5,P06239,7.266
GSK-461364,6,P07333,7.205
GSK-461364,7,P06239-3,7.131
GSK-461364,8,P00519-2,6.88
GSK-461364,9,P00519,6.871
GSK-461364,10,P09619,6.753
GTP-14564,1,P49759,7.004
GTP-14564,2,P49760-3,6.981
GTP-14564,3,P49760,6.98
GTP-14564,4,P49759-3,6.972
GTP-14564,5,Q9HAZ1,6.846
GTP-14564,6,Q13627,6.82
GTP-14564,7,Q13627-3,6.815
GTP-14564,8,Q13627-2,6.814
GTP-14564,9,Q13627-4,6.811
GTP-14564,10,Q13627-5,6.809
GW-0742,1,P07333,6.88
GW-0742,2,Q08345-5,6.873
GW-0742,3,Q08345-2,6.842
GW-0742,4,Q08345,6.837
GW-0742,5,Q08345-6,6.836
GW-0742,6,P09619,6.765
GW-0742,7,P16234,6.674
GW-0742,8,P16234-3,6.571
GW-0742,9,P10721-2,6.452
GW-0742,10,P10721,6.436
GW-1929,1,Q56UN5,7.294
GW-1929,2,P36888-2,7.263
GW-1929,3,P36888,7.224
GW-1929,4,Q9NSY1-3,6.896
GW-1929,5,Q9NSY1-2,6.882
GW-1929,6,Q2M2I8-2,6.865
GW-1929,7,Q13627-3,6.855
GW-1929,8,Q2M2I8,6.854
GW-1929,9,Q13627-4,6.853
GW-1929,10,Q13627-5,6.847
GW-3965,1,Q56UN5,6.91
GW-3965,2,P36888-2,6.829
GW-3965,3,P36888,6.781
GW-3965,4,Q8NE63,6.674
GW-3965,5,Q13163-4,6.587
GW-3965,6,Q9Y4K4,6.586
GW-3965,7,Q13163,6.577
GW-3965,8,Q13163-3,6.57
GW-3965,9,Q13163-2,6.569
GW-3965,10,P07333,6.497
GW-405833,1,Q56UN5,7.463
GW-405833,2,Q13163,7.355
GW-405833,3,P36888-2,7.342
GW-405833,4,Q13163-2,7.25
GW-405833,5,Q13163-3,7.25
GW-405833,6,P07333,7.244
GW-405833,7,Q13163-4,7.236
GW-405833,8,P36888,7.219
GW-405833,9,P09619,7.196
GW-405833,10,Q08345-2,7.105
GW-5074,1,P36888-2,7.334
GW-5074,2,P36888,7.239
GW-5074,3,Q56UN5,7.187
GW-5074,4,Q9UEE5,7.161
GW-5074,5,Q9NSY1-3,7.089
GW-5074,6,Q9NSY1-2,7.084
GW-5074,7,Q9NSY1,7.033
GW-5074,8,P49759,7.02
GW-5074,9,P49760,7.019
GW-5074,10,P49760-3,7.018
GW-6471,1,P36888,7.412
GW-6471,2,P36888-2,7.259
GW-6471,3,Q56UN5,7.158
GW-6471,4,P49760-3,6.888
GW-6471,5,P49760,6.886
GW-6471,6,Q02156,6.879
GW-6471,7,P49759,6.848
GW-6471,8,Q13627-4,6.843
GW-6471,9,Q13627-3,6.842
GW-6471,10,Q9UQB9-3,6.839
GW-843682X,1,Q56UN5,7.127
GW-843682X,2,Q08345-2,6.711
GW-843682X,3,Q08345-6,6.709
GW-843682X,4,Q08345,6.706
GW-843682X,5,Q08345-5,6.698
GW-843682X,6,P07333,6.669
GW-843682X,7,Q13163-2,6.456
GW-843682X,8,Q13163-3,6.449
GW-843682X,9,P06239,6.44
GW-843682X,10,O43283-6,6.432
H-7,1,O60674,6.962
H-7,2,P49760,6.718
H-7,3,P49760-3,6.716
H-7,4,P11362-15,6.7
H-7,5,P52333,6.682
H-7,6,P52333-2,6.682
H-7,7,P23458,6.646
H-7,8,P49759,6.616
H-7,9,P49759-3,6.59
H-7,10,P50613,6.556
H-8,1,P16234-3,6.721
H-8,2,P16234,6.655
H-8,3,P09619,6.572
H-8,4,P16234-2,6.551
H-8,5,P17948,6.423
H-8,6,P35968,6.39
H-8,7,P17948-4,6.377
H-8,8,P15056,6.365
H-8,9,P07333,6.35
H-8,10,P11362-15,6.273
H-89,1,P17948,6.683
H-89,2,P35968,6.627
H-89,3,P10398,6.507
H-89,4,P09619,6.489
H-89,5,P15056,6.469
H-89,6,P16234-3,6.456
H-89,7,P35968-2,6.445
H-89,8,P35968-3,6.422
H-89,9,Q96GD4-2,6.42
H-89,10,Q9UQB9,6.413
H-9,1,P49760,6.281
H-9,2,P49760-3,6.28
H-9,3,P49759,6.239
H-9,4,P50613,6.21
H-9,5,P49759-3,6.189
H-9,6,Q9HAZ1,6.177
H-9,7,Q9C098,6.14
H-9,8,O60674,6.118
H-9,9,P23458,6.113
H-9,10,P10398,6.105
HA-14-1,1,P36888-2,7.362
HA-14-1,2,Q56UN5,7.297
HA-14-1,3,P36888,7.288
HA-14-1,4,Q16620-2,7.181
HA-14-1,5,Q16620-5,7.15
HA-14-1,6,Q16620-3,7.149
HA-14-1,7,O43283-6,7.056
HA-14-1,8,Q16620-6,7.049
HA-14-1,9,P52333-4,7.006
HA-14-1,10,P04629-3,6.975
HTMT,1,P16234-3,7.207
HTMT,2,P17948,7.133
HTMT,3,P36888-2,7.068
HTMT,4,P36888,7.041
HTMT,5,P16234,6.963
HTMT,6,P07333,6.954
HTMT,7,P09619,6.912
HTMT,8,P35968,6.9
HTMT,9,Q8NE63,6.689
HTMT,10,P10721-2,6.672
HU-211,1,Q56UN5,7.604
HU-211,2,P36888-2,7.465
HU-211,3,P36888,7.427
HU-211,4,O43283-6,7.232
HU-211,5,Q96Q11-3,7.116
HU-211,6,P35558-2,7.061
HU-211,7,P37173-3,7.051
HU-211,8,Q9UQ07-3,7.047
HU-211,9,O75417-2,7.014
HU-211,10,O43283-3,7.009
IAA-94,1,P36888-2,7.351
IAA-94,2,P36888,7.277
IAA-94,3,Q56UN5,6.884
IAA-94,4,Q16288-2,6.88
IAA-94,5,P07333,6.807
IAA-94,6,P50613,6.775
IAA-94,7,Q16620-2,6.754
IAA-94,8,Q16620-5,6.754
IAA-94,9,Q16620-3,6.745
IAA-94,10,Q13627-3,6.736
ICI-199441,1,P07333,6.851
ICI-199441,2,Q16620-2,6.3
ICI-199441,3,Q16620-6,6.27
ICI-199441,4,Q16620-5,6.265
ICI-199441,5,Q16620-3,6.258
ICI-199441,6,Q16620,6.244
ICI-199441,7,Q16620-4,6.238
ICI-199441,8,Q8TD08-2,6.212
ICI-199441,9,P04629-3,6.179
ICI-199441,10,Q8TD08,6.17
ICI-89406,1,Q56UN5,7.321
ICI-89406,2,P36888,7.103
ICI-89406,3,P36888-2,7.067
ICI-89406,4,P07333,7.006
ICI-89406,5,O94804,6.929
ICI-89406,6,Q9UKE5-2,6.827
ICI-89406,7,Q9UKE5-6,6.823
ICI-89406,8,Q9UKE5,6.822
ICI-89406,9,Q9UKE5-4,6.822
ICI-89406,10,Q16288-4,6.812
IKK-16,1,P07333,7.787
IKK-16,2,Q08345,7.777
IKK-16,3,Q08345-2,7.772
IKK-16,4,Q08345-6,7.772
IKK-16,5,Q08345-5,7.722
IKK-16,6,P09619,7.716
IKK-16,7,P51451,7.433
IKK-16,8,P36888-2,7.384
IKK-16,9,O60674,7.35
IKK-16,10,P06239,7.34
INCA-6,1,Q56UN5,6.98
INCA-6,2,O43283-6,6.841
INCA-6,3,Q9UQ07-3,6.823
INCA-6,4,P11362-15,6.785
INCA-6,5,P11362-17,6.776
INCA-6,6,Q96Q11-3,6.752
INCA-6,7,O96017-10,6.735
INCA-6,8,Q6ZMQ8-2,6.728
INCA-6,9,Q13627-3,6.723
INCA-6,10,Q13627-4,6.722
JLK-6,1,P49759,6.103
JLK-6,2,P49759-3,6.094
JLK-6,3,Q16620-4,6.033
JLK-6,4,Q16620-2,6.029
JLK-6,5,Q16288-2,6.023
JLK-6,6,Q16620,6.022
JLK-6,7,Q16620-6,6.021
JLK-6,8,Q16620-5,6.006
JLK-6,9,Q16620-7,5.992
JLK-6,10,P49760,5.986
JNJ-16259685,1,Q56UN5,7.206
JNJ-16259685,2,P36888-2,6.799
JNJ-16259685,3,Q13163,6.736
JNJ-16259685,4,Q13163-2,6.689
JNJ-16259685,5,Q13163-3,6.685
JNJ-16259685,6,P36888,6.684
JNJ-16259685,7,Q13163-4,6.639
JNJ-16259685,8,O43283-6,6.604
JNJ-16259685,9,Q16620-7,6.553
JNJ-16259685,10,Q16620-2,6.528
JNJ-7706621,1,P07333,7.172
JNJ-7706621,2,P15056,7.107
JNJ-7706621,3,P10398,6.952
JNJ-7706621,4,P09619,6.843
JNJ-7706621,5,P04049-2,6.789
JNJ-7706621,6,P04049,6.788
JNJ-7706621,7,O60674,6.625
JNJ-7706621,8,O75716,6.596
JNJ-7706621,9,P16234,6.531
JNJ-7706621,10,P36888-2,6.501
JTE-907,1,P07333,7.489
JTE-907,2,P09619,7.422
JTE-907,3,P16234,7.37
JTE-907,4,P16234-3,7.219
JTE-907,5,P36888,7.161
JTE-907,6,P36888-2,7.122
JTE-907,7,P10721-2,7.096
JTE-907,8,P10721,7.088
JTE-907,9,P17948,6.921
JTE-907,10,P35968,6.825
JW-7-24-1,1,Q56UN5,7.478
JW-7-24-1,2,O94804,7.28
JW-7-24-1,3,Q9H2G2-2,7.243
JW-7-24-1,4,Q9H2G2,7.215
JW-7-24-1,5,P30530,6.938
JW-7-24-1,6,P30530-2,6.915
JW-7-24-1,7,Q16620-4,6.878
JW-7-24-1,8,Q16620,6.875
JW-7-24-1,9,Q16620-2,6.865
JW-7-24-1,10,Q56UN5-3,6.855
JWE-035,1,Q08345-5,8.101
JWE-035,2,Q08345,8.094
JWE-035,3,Q08345-2,8.091
JWE-035,4,Q08345-6,8.089
JWE-035,5,Q08345-4,7.347
JWE-035,6,P06239,7.221
JWE-035,7,P06239-3,7.162
JWE-035,8,Q16832,7.137
JWE-035,9,P07333,6.975
JWE-035,10,P06239-2,6.945
JWH-015,1,P07333,6.871
JWH-015,2,Q56UN5,6.644
JWH-015,3,P16234-3,6.611
JWH-015,4,P09619,6.569
JWH-015,5,P16234,6.493
JWH-015,6,Q08345-5,6.328
JWH-015,7,O43283-6,6.311
JWH-015,8,Q08345-2,6.306
JWH-015,9,Q08345-6,6.304
JWH-015,10,Q08345,6.29
JZL-184,1,P36888-2,8.028
JZL-184,2,P36888,7.992
JZL-184,3,Q56UN5,7.631
JZL-184,4,P04629-3,7.383
JZL-184,5,Q16620-6,7.367
JZL-184,6,P04629,7.328
JZL-184,7,Q13163,7.324
JZL-184,8,Q16620-2,7.317
JZL-184,9,P04629-2,7.308
JZL-184,10,Q16620,7.286
KB-R7943,1,Q00536-3,6.356
KB-R7943,2,Q00536,6.353
KB-R7943,3,Q00536-2,6.336
KB-R7943,4,P49760,6.29
KB-R7943,5,P49760-3,6.289
KB-R7943,6,Q13627-4,6.284
KB-R7943,7,Q13627-3,6.283
KB-R7943,8,Q13627-5,6.282
KB-R7943,9,P07333,6.279
KB-R7943,10,Q13627,6.274
KF-38789,1,Q13627-4,6.867
KF-38789,2,Q13627-3,6.866
KF-38789,3,Q13627-5,6.844
KF-38789,4,Q13627,6.831
KF-38789,5,Q13627-2,6.83
KF-38789,6,P49760-3,6.824
KF-38789,7,P49760,6.822
KF-38789,8,P49759,6.761
KF-38789,9,P49759-3,6.733
KF-38789,10,Q9Y463-3,6.647
KIN001-127,1,P09619,7.319
KIN001-127,2,P07333,7.079
KIN001-127,3,P16234,7.007
KIN001-127,4,P36888,6.989
KIN001-127,5,Q08345-5,6.936
KIN001-127,6,Q08345-2,6.92
KIN001-127,7,Q08345-6,6.918
KIN001-127,8,Q08345,6.915
KIN001-127,9,P36888-2,6.838
KIN001-127,10,P10721-2,6.811
KN-62,1,P36888,7.307
KN-62,2,P52333,7.245
KN-62,3,P52333-2,7.245
KN-62,4,P36888-2,7.189
KN-62,5,P49760-3,7.099
KN-62,6,P49760,7.098
KN-62,7,Q9H093,7.017
KN-62,8,P49759,6.975
KN-62,9,Q9NSY1,6.935
KN-62,10,P49759-3,6.917
KN-93,1,Q56UN5,6.883
KN-93,2,Q13163-4,6.882
KN-93,3,O94804,6.849
KN-93,4,Q13163,6.844
KN-93,5,Q13163-2,6.796
KN-93,6,Q13163-3,6.796
KN-93,7,P36888-2,6.734
KN-93,8,P36888,6.7
KN-93,9,P07333,6.681
KN-93,10,P00533,6.609
KU-0063794,1,Q56UN5,6.996
KU-0063794,2,P36888,6.665
KU-0063794,3,O14976,6.664
KU-0063794,4,P36888-2,6.656
KU-0063794,5,P49760-3,6.618
KU-0063794,6,P49760,6.617
KU-0063794,7,P49759,6.489
KU-0063794,8,Q04759-3,6.484
KU-0063794,9,Q04759,6.483
KU-0063794,10,P49759-3,6.463
KU-55933,1,Q56UN5,7.231
KU-55933,2,P36888-2,6.797
KU-55933,3,P36888,6.698
KU-55933,4,O43283-6,6.651
KU-55933,5,Q13163,6.549
KU-55933,6,Q96Q11-3,6.548
KU-55933,7,Q13163-2,6.541
KU-55933,8,Q13163-3,6.534
KU-55933,9,P11362-15,6.527
KU-55933,10,O75417-2,6.524
L-165041,1,P07333,6.956
L-165041,2,Q56UN5,6.921
L-165041,3,Q13627-3,6.818
L-165041,4,Q13627-4,6.818
L-165041,5,Q13627-5,6.804
L-165041,6,Q13627,6.793
L-165041,7,Q13627-2,6.788
L-165041,8,P09619,6.761
L-165041,9,Q00536-3,6.76
L-165041,10,Q00536,6.759
L-168049,1,P07333,6.874
L-168049,2,P16234-3,6.635
L-168049,3,P16234,6.562
L-168049,4,P09619,6.551
L-168049,5,P17948,6.548
L-168049,6,P17948-2,6.474
L-168049,7,P35968,6.402
L-168049,8,P17948-3,6.339
L-168049,9,P17948-4,6.336
L-168049,10,Q08345-5,6.333
L-655240,1,Q56UN5,6.874
L-655240,2,P36888-2,6.417
L-655240,3,O14578,6.39
L-655240,4,P36888,6.389
L-655240,5,P07333,6.35
L-655240,6,P49759,6.286
L-655240,7,O14578-2,6.284
L-655240,8,O14578-4,6.277
L-655240,9,Q9HAZ1,6.254
L-655240,10,P49760-3,6.254
L-655708,1,Q56UN5,6.815
L-655708,2,P36888-2,6.66
L-655708,3,P36888,6.526
L-655708,4,P07333,6.47
L-655708,5,O43283-6,6.44
L-655708,6,P04629-3,6.377
L-655708,7,P45984-4,6.362
L-655708,8,Q16620-2,6.355
L-655708,9,P11362-15,6.348
L-655708,10,Q16620-6,6.348
L-689560,1,P36888,7.336
L-689560,2,P50613,7.234
L-689560,3,P36888-2,7.167
L-689560,4,Q9H2K8,7.119
L-689560,5,P07333,6.935
L-689560,6,Q7L7X3,6.844
L-689560,7,Q7L7X3-3,6.807
L-689560,8,P09619,6.784
L-689560,9,Q8NE63,6.762
L-689560,10,Q13163-4,6.757
L-690330,1,P49760-3,7.167
L-690330,2,P49760,7.164
L-690330,3,P49759,7.148
L-690330,4,Q13627,7.123
L-690330,5,Q13627-2,7.121
L-690330,6,Q13627-3,7.115
L-690330,7,Q13627-4,7.115
L-690330,8,Q13627-5,7.104
L-690330,9,P49759-3,7.1
L-690330,10,Q9HAZ1,6.978
L-694247,1,P07333,6.502
L-694247,2,P09619,6.483
L-694247,3,P16234,6.464
L-694247,4,P36888,6.396
L-694247,5,P16234-3,6.37
L-694247,6,P10721-2,6.353
L-694247,7,P10721,6.345
L-694247,8,P49760-3,6.25
L-694247,9,P49760,6.248
L-694247,10,P36888-2,6.205
L-732138,1,Q56UN5,7.182
L-732138,2,P36888-2,6.706
L-732138,3,P36888,6.637
L-732138,4,O43283-6,6.608
L-732138,5,Q96Q11-3,6.559
L-732138,6,O75417-2,6.538
L-732138,7,P35558-2,6.497
L-732138,8,P37173-3,6.496
L-732138,9,O43283-3,6.464
L-732138,10,Q6ZMQ8-2,6.418
L-733060,1,Q56UN5,7.076
L-733060,2,O14578,6.656
L-733060,3,O14578-4,6.603
L-733060,4,O43283-6,6.55
L-733060,5,O43318-2,6.538
L-733060,6,O14578-2,6.508
L-733060,7,O75417-2,6.488
L-733060,8,O43318,6.472
L-733060,9,O43318-4,6.467
L-733060,10,Q6ZMQ8-2,6.44
L-741626,1,P07333,7.149
L-741626,2,Q16288-2,7.105
L-741626,3,Q16288-3,6.969
L-741626,4,Q16288,6.955
L-741626,5,P36888-2,6.954
L-741626,6,Q16288-5,6.951
L-741626,7,Q16288-4,6.945
L-741626,8,P36888,6.936
L-741626,9,Q16620-2,6.916
L-741626,10,P09619,6.902
L-745870,1,P07333,7.124
L-745870,2,Q08345-5,6.617
L-745870,3,Q08345,6.594
L-745870,4,Q08345-6,6.572
L-745870,5,Q08345-2,6.571
L-745870,6,P52333,6.433
L-745870,7,P52333-2,6.433
L-745870,8,Q16288,6.339
L-745870,9,Q16288-4,6.335
L-745870,10,O60674,6.313
L-803087,1,P36888,7.142
L-803087,2,P36888-2,7.14
L-803087,3,P07333,6.816
L-803087,4,Q56UN5,6.761
L-803087,5,Q9UQB9,6.731
L-803087,6,Q9UQB9-3,6.731
L-803087,7,Q9UQB9-2,6.717
L-803087,8,P09619,6.654
L-803087,9,P16234-3,6.638
L-803087,10,Q96GD4-4,6.594
LE-135,1,P09619,7.711
LE-135,2,P07333,7.667
LE-135,3,P16234,7.5
LE-135,4,P36888-2,7.451
LE-135,5,P17948,7.446
LE-135,6,P16234-3,7.362
LE-135,7,P36888,7.303
LE-135,8,P10721-2,7.296
LE-135,9,P10721,7.29
LE-135,10,Q08345-2,7.202
LM-1685,1,P07333,7.09
LM-1685,2,Q13163,6.684
LM-1685,3,Q13163-4,6.643
LM-1685,4,Q13163-2,6.612
LM-1685,5,Q13163-3,6.612
LM-1685,6,P36888,6.536
LM-1685,7,P36888-2,6.535
LM-1685,8,Q16620-6,6.35
LM-1685,9,Q16620,6.346
LM-1685,10,Q16620-4,6.342
LY-2183240,1,P07333,6.448
LY-2183240,2,P49841,6.113
LY-2183240,3,Q08345-5,6.111
LY-2183240,4,P49760,6.109
LY-2183240,5,P49760-3,6.108
LY-2183240,6,P49759,6.098
LY-2183240,7,P49841-2,6.087
LY-2183240,8,Q02156,6.079
LY-2183240,9,Q08345-6,6.076
LY-2183240,10,Q08345-2,6.074
LY-320135,1,Q56UN5,7.82
LY-320135,2,Q02750,7.497
LY-320135,3,O43283-6,7.424
LY-320135,4,P36507,7.349
LY-320135,5,Q16620-6,7.282
LY-320135,6,Q96Q11-3,7.281
LY-320135,7,Q16288-2,7.272
LY-320135,8,Q16620-2,7.267
LY-320135,9,Q16620-5,7.26
LY-320135,10,Q16620,7.248
LY-344864,1,P16234,7.743
LY-344864,2,P09619,7.699
LY-344864,3,P07333,7.616
LY-344864,4,P16234-3,7.614
LY-344864,5,P17948,7.349
LY-344864,6,P35968,7.223
LY-344864,7,P10721-2,7.192
LY-344864,8,P10721,7.19
LY-344864,9,P36888,7.165
LY-344864,10,P36888-2,7.148
LY-456236,1,P00533,6.855
LY-456236,2,O43353,6.51
LY-456236,3,O14976,6.413
LY-456236,4,Q13163,6.363
LY-456236,5,P00533-4,6.358
LY-456236,6,P00533-3,6.33
LY-456236,7,Q13163-2,6.221
LY-456236,8,Q13163-3,6.212
LY-456236,9,Q13163-4,6.125
LY-456236,10,P09619,5.985
MAZ-51,1,Q56UN5,7.037
MAZ-51,2,Q9NSY1-3,6.869
MAZ-51,3,P36888-2,6.866
MAZ-51,4,Q9NSY1-2,6.866
MAZ-51,5,O00444-3,6.839
MAZ-51,6,Q9NSY1,6.821
MAZ-51,7,O00444,6.783
MAZ-51,8,Q2M2I8,6.764
MAZ-51,9,O43283-6,6.737
MAZ-51,10,P49760,6.729
MBCQ,1,P00533,6.557
MBCQ,2,O43353,6.243
MBCQ,3,P00533-3,6.049
MBCQ,4,Q9HBH9,6.042
MBCQ,5,Q13163,6.018
MBCQ,6,P04626-4,6.017
MBCQ,7,P00533-4,6.013
MBCQ,8,Q9HBH9-2,5.995
MBCQ,9,P04626-5,5.994
MBCQ,10,Q13163-4,5.968
MDM2-inhibitor,1,Q56UN5,6.809
MDM2-inhibitor,2,O43283-6,6.785
MDM2-inhibitor,3,Q96Q11-3,6.65
MDM2-inhibitor,4,P35558-2,6.64
MDM2-inhibitor,5,O43318-2,6.633
MDM2-inhibitor,6,Q32MK0,6.623
MDM2-inhibitor,7,Q9UQ07-3,6.618
MDM2-inhibitor,8,P11362-17,6.611
MDM2-inhibitor,9,Q02750,6.593
MDM2-inhibitor,10,Q32MK0-4,6.585
MG-132,1,P36888,6.897
MG-132,2,P36888-2,6.768
MG-132,3,P49760-3,6.609
MG-132,4,P49760,6.607
MG-132,5,Q9UQB9-3,6.535
MG-132,6,P49759,6.525
MG-132,7,Q9UQB9-2,6.516
MG-132,8,Q9UQB9,6.514
MG-132,9,Q13627-3,6.503
MG-132,10,Q13627-4,6.503
MK-2206,1,P36888-2,7.994
MK-2206,2,P36888,7.812
MK-2206,3,Q56UN5,7.756
MK-2206,4,O00444,7.553
MK-2206,5,O00444-3,7.513
MK-2206,6,P09619,7.465
MK-2206,7,O00444-2,7.458
MK-2206,8,Q9HAZ1,7.429
MK-2206,9,O43283-6,7.394
MK-2206,10,P49759,7.36
MLN-4924,1,O60674,7.279
MLN-4924,2,P52333,7.249
MLN-4924,3,P52333-2,7.249
MLN-4924,4,P52333-4,6.91
MLN-4924,5,P29597,6.839
MLN-4924,6,Q9C098,6.639
MLN-4924,7,P50613,6.626
MLN-4924,8,Q9UL54-4,6.618
MLN-4924,9,Q59H18-3,6.611
MLN-4924,10,O14976,6.591
MLN-8054,1,O94768,7.289
MLN-8054,2,Q9UQB9,7.249
MLN-8054,3,Q9UQB9-3,7.231
MLN-8054,4,Q9UQB9-2,7.224
MLN-8054,5,Q9UEE5,6.752
MLN-8054,6,P51451,6.712
MLN-8054,7,Q96GD4-5,6.703
MLN-8054,8,Q96GD4,6.69
MLN-8054,9,Q96GD4-4,6.68
MLN-8054,10,P09769,6.533
MRS-1220,1,P07333,6.348
MRS-1220,2,Q16539-4,5.853
MRS-1220,3,Q9NYL2-3,5.839
MRS-1220,4,Q9NYL2-2,5.838
MRS-1220,5,Q9NYL2,5.817
MRS-1220,6,Q9H3Y6,5.778
MRS-1220,7,Q16539-5,5.762
MRS-1220,8,Q16539-3,5.754
MRS-1220,9,Q16288,5.738
MRS-1220,10,Q16288-3,5.73
MY-5445,1,P07333,6.571
MY-5445,2,P15056,6.113
MY-5445,3,P10398,6.108
MY-5445,4,O00750,6.036
MY-5445,5,P09619,6.033
MY-5445,6,P04049-2,6.031
MY-5445,7,P04049,6.024
MY-5445,8,Q08345-5,6.014
MY-5445,9,Q08345-2,6.003
MY-5445,10,P16234-3,6.002
NAS-181,1,Q56UN5,7.605
NAS-181,2,O43283-6,7.024
NAS-181,3,Q56UN5-3,7.009
NAS-181,4,O75417-2,6.937
NAS-181,5,P36888-2,6.903
NAS-181,6,P36888,6.864
NAS-181,7,O94804,6.85
NAS-181,8,Q9H2X6,6.817
NAS-181,9,Q9H2X6-3,6.806
NAS-181,10,O43283-3,6.796
NBI-27914,1,P08631-4,7.535
NBI-27914,2,P08631,7.53
NBI-27914,3,P08631-3,7.517
NBI-27914,4,P08631-2,7.51
NBI-27914,5,Q13163-2,7.486
NBI-27914,6,Q13163-3,7.478
NBI-27914,7,P06239,7.405
NBI-27914,8,P09769,7.38
NBI-27914,9,Q13163-4,7.375
NBI-27914,10,P07948,7.366
NCS-382,1,O43283-6,6.963
NCS-382,2,Q56UN5,6.881
NCS-382,3,P35558-2,6.853
NCS-382,4,Q9UQ07-3,6.779
NCS-382,5,Q96Q11-3,6.767
NCS-382,6,P11362-17,6.742
NCS-382,7,O75417-2,6.702
NCS-382,8,P11362-15,6.681
NCS-382,9,P37173-3,6.671
NCS-382,10,O96017-10,6.665
NECA,1,O60674,6.528
NECA,2,P52333,6.394
NECA,3,P52333-2,6.394
NECA,4,P29597,6.364
NECA,5,Q9HBH9,6.238
NECA,6,Q9HBH9-2,6.228
NECA,7,Q9C098,6.211
NECA,8,P50613,6.16
NECA,9,P52333-4,6.132
NECA,10,Q8TD08,6.054
NF-449,1,P07333,7.975
NF-449,2,P16234-3,7.915
NF-449,3,P16234,7.817
NF-449,4,P36888,7.751
NF-449,5,P09619,7.702
NF-449,6,P36888-2,7.548
NF-449,7,P17948,7.344
NF-449,8,P35968,7.216
NF-449,9,P10721-2,7.188
NF-449,10,Q08345-6,7.174
NM-PP1,1,O60674,6.665
NM-PP1,2,P52333,6.446
NM-PP1,3,P52333-2,6.446
NM-PP1,4,P29597,6.248
NM-PP1,5,Q16288-2,6.246
NM-PP1,6,Q16288,6.179
NM-PP1,7,Q16288-4,6.177
NM-PP1,8,P07333,6.167
NM-PP1,9,Q16620-2,6.164
NM-PP1,10,Q16288-3,6.157
NPI-2358,1,O60674,7.129
NPI-2358,2,Q56UN5,7.04
NPI-2358,3,P09619,6.888
NPI-2358,4,O43283-6,6.876
NPI-2358,5,P36888-2,6.873
NPI-2358,6,P52333,6.818
NPI-2358,7,P52333-2,6.818
NPI-2358,8,P17948,6.811
NPI-2358,9,P16234-3,6.755
NPI-2358,10,P16234,6.746
NSC-3852,1,P15056,6.738
NSC-3852,2,P10398,6.589
NSC-3852,3,P48736,6.387
NSC-3852,4,O00750,6.347
NSC-3852,5,P42345,6.341
NSC-3852,6,O75747-2,6.33
NSC-3852,7,P04049-2,6.304
NSC-3852,8,O75747,6.292
NSC-3852,9,P04049,6.275
NSC-3852,10,O00443,6.213
NSC-632839,1,Q56UN5,7.431
NSC-632839,2,O43283-6,7.056
NSC-632839,3,O00444-3,6.983
NSC-632839,4,Q9NSY1-3,6.939
NSC-632839,5,Q9NSY1-2,6.936
NSC-632839,6,O00444,6.912
NSC-632839,7,P36888-2,6.907
NSC-632839,8,O00444-2,6.864
NSC-632839,9,O75417-2,6.859
NSC-632839,10,Q9NSY1,6.849
NSC-663284,1,O14976,6.651
NSC-663284,2,Q56UN5,6.568
NSC-663284,3,O43353,6.495
NSC-663284,4,Q13163,6.398
NSC-663284,5,Q13163-4,6.39
NSC-663284,6,Q13163-2,6.383
NSC-663284,7,Q13163-3,6.372
NSC-663284,8,O43283-6,6.325
NSC-663284,9,O00238,6.229
NSC-663284,10,Q15375-5,6.213
NSC-94258,1,O00750,6.764
NSC-94258,2,P48736,6.7
NSC-94258,3,O75747-2,6.699
NSC-94258,4,P49760-3,6.66
NSC-94258,5,P49760,6.659
NSC-94258,6,O75747,6.559
NSC-94258,7,Q13627,6.558
NSC-94258,8,Q13627-2,6.554
NSC-94258,9,Q13627-5,6.551
NSC-94258,10,Q13627-3,6.549
NVP-AUY922,1,P36888,7.133
NVP-AUY922,2,Q56UN5,7.061
NVP-AUY922,3,P36888-2,7.047
NVP-AUY922,4,P09619,6.832
NVP-AUY922,5,P16234,6.813
NVP-AUY922,6,P07333,6.683
NVP-AUY922,7,Q02156,6.683
NVP-AUY922,8,Q9H422,6.679
NVP-AUY922,9,P10721-2,6.679
NVP-AUY922,10,P16234-3,6.674
NVP-TAE684,1,Q9H093,9.131
NVP-TAE684,2,O00444-2,9.115
NVP-TAE684,3,O00444,9.065
NVP-TAE684,4,O00444-3,9.022
NVP-TAE684,5,Q14289,9.004
NVP-TAE684,6,Q05397,8.999
NVP-TAE684,7,Q14289-2,8.999
NVP-TAE684,8,O75385,8.997
NVP-TAE684,9,Q05397-5,8.984
NVP-TAE684,10,P16591,8.947
O-2050,1,Q56UN5,7.685
O-2050,2,O43283-6,7.304
O-2050,3,P37173-3,7.148
O-2050,4,O43283-3,7.138
O-2050,5,Q96Q11-3,7.135
O-2050,6,Q9UQ07-3,7.131
O-2050,7,Q6ZMQ8-2,7.078
O-2050,8,P11362-17,7.037
O-2050,9,O75417-2,7.022
O-2050,10,O96017-10,7.011
OBAA,1,Q56UN5,6.861
OBAA,2,Q9UKE5-6,6.823
OBAA,3,Q9UKE5-2,6.821
OBAA,4,Q9UKE5,6.808
OBAA,5,Q9UKE5-4,6.805
OBAA,6,Q9UKE5-3,6.774
OBAA,7,Q9UKE5-7,6.77
OBAA,8,Q8N4C8,6.757
OBAA,9,Q9UKE5-8,6.752
OBAA,10,Q9UKE5-5,6.749
ODQ,1,Q56UN5,6.399
ODQ,2,Q02156,6.165
ODQ,3,O43283-6,6.078
ODQ,4,P11362-17,6.014
ODQ,5,Q96Q11-3,5.967
ODQ,6,Q04759-2,5.954
ODQ,7,Q9UQ07-3,5.938
ODQ,8,P37173-3,5.932
ODQ,9,Q6ZMQ8-2,5.911
ODQ,10,O96017-10,5.903
OMDM-2,1,P49760,7.075
OMDM-2,2,P49760-3,7.075
OMDM-2,3,P49759,7.022
OMDM-2,4,P49759-3,6.986
OMDM-2,5,P36888,6.972
OMDM-2,6,Q56UN5,6.972
OMDM-2,7,Q9Y463,6.895
OMDM-2,8,Q13627-4,6.887
OMDM-2,9,Q13627-3,6.885
OMDM-2,10,Q13627,6.878
ON-01910,1,P08581-2,6.574
ON-01910,2,P08581,6.555
ON-01910,3,O94804,6.539
ON-01910,4,P36888,6.538
ON-01910,5,P49760,6.533
ON-01910,6,P00533,6.53
ON-01910,7,P49760-3,6.53
ON-01910,8,P08581-3,6.524
ON-01910,9,Q8N5S9,6.495
ON-01910,10,P49759,6.486
OSI-027,1,P52333,6.93
OSI-027,2,P52333-2,6.93
OSI-027,3,O60674,6.698
OSI-027,4,P00533-4,6.685
OSI-027,5,P52333-4,6.64
OSI-027,6,P00533-3,6.638
OSI-027,7,P29376-3,6.447
OSI-027,8,Q9H093,6.42
OSI-027,9,P29376,6.399
OSI-027,10,Q16620-2,6.385
PAC-1,1,P07333,6.87
PAC-1,2,P36888,6.759
PAC-1,3,P36888-2,6.615
PAC-1,4,Q92772,6.579
PAC-1,5,Q00536-3,6.525
PAC-1,6,Q00536,6.523
PAC-1,7,Q56UN5,6.509
PAC-1,8,Q00536-2,6.487
PAC-1,9,P09619,6.455
PAC-1,10,Q32MK0,6.438
PCO-400,1,Q56UN5,8.421
PCO-400,2,O60674,7.914
PCO-400,3,O43283-6,7.91
PCO-400,4,Q56UN5-3,7.775
PCO-400,5,Q6ZMQ8-2,7.746
PCO-400,6,O43283-3,7.699
PCO-400,7,O94804,7.673
PCO-400,8,O75417-2,7.629
PCO-400,9,Q16288-2,7.608
PCO-400,10,Q9Y2U5,7.604
PD-0325901,1,Q02750,6.241
PD-0325901,2,P36507,6.1
PD-0325901,3,Q9UQB9,5.992
PD-0325901,4,Q9UQB9-2,5.984
PD-0325901,5,Q9UQB9-3,5.983
PD-0325901,6,Q13163-4,5.956
PD-0325901,7,P36888-2,5.932
PD-0325901,8,P36888,5.921
PD-0325901,9,Q96GD4-4,5.909
PD-0325901,10,Q96GD4,5.9
PD-160170,1,P09619,6.658
PD-160170,2,P07333,6.636
PD-160170,3,P16234-3,6.598
PD-160170,4,P17948,6.564
PD-160170,5,P16234,6.562
PD-160170,6,O00444,6.521
PD-160170,7,O00444-3,6.488
PD-160170,8,O00444-2,6.462
PD-160170,9,P36888-2,6.454
PD-160170,10,P35968,6.45
PD-166793,1,P36888-2,6.96
PD-166793,2,P36888,6.899
PD-166793,3,Q9UQB9,6.681
PD-166793,4,Q9UQB9-3,6.669
PD-166793,5,Q9UQB9-2,6.663
PD-166793,6,Q96GD4-2,6.651
PD-166793,7,Q96GD4,6.595
PD-166793,8,Q96GD4-4,6.592
PD-166793,9,O00444-3,6.586
PD-166793,10,O00444,6.583
PD-173074,1,P36888,8.069
PD-173074,2,P36888-2,8.024
PD-173074,3,Q13163,7.255
PD-173074,4,Q13163-4,7.152
PD-173074,5,Q13163-2,7.135
PD-173074,6,Q13163-3,7.132
PD-173074,7,Q56UN5,7.058
PD-173074,8,P09619,6.99
PD-173074,9,P07949,6.97
PD-173074,10,P07949-2,6.97
PD-198306,1,P09619,6.91
PD-198306,2,P16234,6.861
PD-198306,3,P16234-3,6.574
PD-198306,4,Q9UQB9,6.393
PD-198306,5,Q9UQB9-3,6.391
PD-198306,6,Q9UQB9-2,6.362
PD-198306,7,P10721-2,6.359
PD-198306,8,P10721,6.355
PD-198306,9,P07333,6.302
PD-198306,10,Q08345-5,6.17
PF-3845,1,Q08345,7.984
PF-3845,2,Q08345-6,7.98
PF-3845,3,Q08345-2,7.979
PF-3845,4,Q08345-5,7.94
PF-3845,5,Q9NYL2,7.533
PF-3845,6,Q08345-4,7.264
PF-3845,7,Q9NYL2-2,7.134
PF-3845,8,Q8NE63,7.054
PF-3845,9,Q9NYL2-3,7.03
PF-3845,10,P07333,6.978
PG-9,1,P36888-2,7.159
PG-9,2,P36888,6.999
PG-9,3,O00444-2,6.819
PG-9,4,O00444-3,6.777
PG-9,5,O00444,6.749
PG-9,6,Q9H093,6.748
PG-9,7,O43283-6,6.606
PG-9,8,Q56UN5,6.574
PG-9,9,Q9UQB9,6.547
PG-9,10,P35558-2,6.541
PHA-665752,1,P08581,9.312
PHA-665752,2,P08581-2,9.25
PHA-665752,3,P08581-3,8.959
PHA-665752,4,Q9NSY1,7.177
PHA-665752,5,Q08345-6,7.171
PHA-665752,6,Q9NSY1-2,7.169
PHA-665752,7,Q08345,7.167
PHA-665752,8,Q9NSY1-3,7.166
PHA-665752,9,Q08345-2,7.153
PHA-665752,10,Q08345-5,7.138
PHA-793887,1,P36888-2,8.695
PHA-793887,2,P36888,8.593
PHA-793887,3,Q56UN5,7.805
PHA-793887,4,O00444,7.763
PHA-793887,5,O00444-3,7.716
PHA-793887,6,O60674,7.551
PHA-793887,7,O00444-2,7.528
PHA-793887,8,P52333,7.467
PHA-793887,9,P52333-2,7.467
PHA-793887,10,Q9UQB9,7.437
PI-103,1,P42336,8.641
PI-103,2,P42338,8.395
PI-103,3,O00329,8.022
PI-103,4,P48736,7.986
PI-103,5,O00750,7.854
PI-103,6,O75747,7.745
PI-103,7,P42345,7.703
PI-103,8,O75747-2,7.47
PI-103,9,Q8NEB9,7.461
PI-103,10,O00443,7.272
PIK-75,1,P09619,6.819
PIK-75,2,P07333,6.777
PIK-75,3,P16234-3,6.774
PIK-75,4,P16234,6.749
PIK-75,5,P17948,6.737
PIK-75,6,P15056,6.714
PIK-75,7,Q08345-5,6.668
PIK-75,8,P35968,6.637
PIK-75,9,Q08345-2,6.612
PIK-75,10,Q08345,6.61
PIK-90,1,P07333,6.797
PIK-90,2,P15056,6.76
PIK-90,3,P10398,6.593
PIK-90,4,O60674,6.393
PIK-90,5,Q56UN5,6.35
PIK-90,6,Q8IVT5,6.342
PIK-90,7,P52333,6.329
PIK-90,8,P52333-2,6.329
PIK-90,9,Q8IVT5-2,6.325
PIK-90,10,P09619,6.309
PK-11195,1,P07333,6.962
PK-11195,2,P36888-2,6.647
PK-11195,3,P36888,6.614
PK-11195,4,P04629-3,6.601
PK-11195,5,Q16620-6,6.539
PK-11195,6,Q16620-2,6.521
PK-11195,7,Q16620,6.516
PK-11195,8,P04629,6.515
PK-11195,9,Q16620-4,6.51
PK-11195,10,Q16620-5,6.501
PLX-4720,1,Q9H3Y6,7.018
PLX-4720,2,Q9NYL2,6.892
PLX-4720,3,Q13882,6.776
PLX-4720,4,Q9NYL2-2,6.633
PLX-4720,5,P10398,6.585
PLX-4720,6,P04049-2,6.527
PLX-4720,7,P04049,6.524
PLX-4720,8,P09619,6.493
PLX-4720,9,P16234,6.484
PLX-4720,10,P15056,6.415
PNU-120596,1,P36888,6.665
PNU-120596,2,P07333,6.631
PNU-120596,3,P16234-3,6.525
PNU-120596,4,P36888-2,6.481
PNU-120596,5,P16234,6.461
PNU-120596,6,Q08345-6,6.37
PNU-120596,7,Q08345-2,6.369
PNU-120596,8,Q08345,6.363
PNU-120596,9,Q08345-5,6.36
PNU-120596,10,P09619,6.306
PNU-22394,1,Q56UN5,6.783
PNU-22394,2,O43283-6,6.615
PNU-22394,3,Q8TD08,6.581
PNU-22394,4,P11362-17,6.487
PNU-22394,5,P35558-2,6.462
PNU-22394,6,Q6ZMQ8-2,6.456
PNU-22394,7,Q9UQ07-3,6.44
PNU-22394,8,Q96Q11-3,6.435
PNU-22394,9,P11362-15,6.414
PNU-22394,10,O96017-10,6.41
PP-1,1,O60674,7.189
PP-1,2,P52333,6.809
PP-1,3,P52333-2,6.809
PP-1,4,P29597,6.317
PP-1,5,P52333-4,6.277
PP-1,6,P07333,6.19
PP-1,7,Q16539-2,6.178
PP-1,8,O43293,6.102
PP-1,9,Q16539,6.102
PP-1,10,Q08345-5,6.099
PSB-069,1,P09619,7.241
PSB-069,2,P36888-2,7.13
PSB-069,3,Q13163,7.035
PSB-069,4,P36888,7.014
PSB-069,5,P07333,6.956
PSB-069,6,P16234,6.942
PSB-069,7,Q13163-4,6.923
PSB-069,8,Q13163-2,6.884
PSB-069,9,Q13163-3,6.88
PSB-069,10,P16234-3,6.824
PSB-1115,1,Q15772-4,6.603
PSB-1115,2,Q9NSY1-3,6.56
PSB-1115,3,Q9NSY1-2,6.557
PSB-1115,4,Q56UN5,6.537
PSB-1115,5,P49760,6.515
PSB-1115,6,P49760-3,6.514
PSB-1115,7,O43283-6,6.506
PSB-1115,8,Q2M2I8,6.481
PSB-1115,9,Q2M2I8-2,6.465
PSB-1115,10,Q15772-3,6.445
QS-11,1,Q08345-5,7.289
QS-11,2,Q08345-2,7.267
QS-11,3,Q08345-6,7.259
QS-11,4,Q08345,7.258
QS-11,5,Q08345-4,6.872
QS-11,6,Q9NYL2,6.822
QS-11,7,Q9NYL2-2,6.62
QS-11,8,P06239,6.586
QS-11,9,Q9NYL2-3,6.58
QS-11,10,Q8NE63,6.52
R-96544,1,Q56UN5,6.863
R-96544,2,P36888-2,6.754
R-96544,3,P36888,6.602
R-96544,4,Q9NSY1-3,6.55
R-96544,5,Q9NSY1-2,6.542
R-96544,6,Q08345-4,6.469
R-96544,7,Q9NSY1,6.459
R-96544,8,Q08345-5,6.431
R-96544,9,P09619-2,6.416
R-96544,10,P17948-4,6.414
RK-682,1,Q13627-4,6.714
RK-682,2,Q13627-3,6.71
RK-682,3,Q56UN5,6.696
RK-682,4,Q13627-5,6.692
RK-682,5,Q13627,6.684
RK-682,6,Q13627-2,6.677
RK-682,7,Q96Q11-3,6.66
RK-682,8,Q9UQ07-3,6.659
RK-682,9,P37173-3,6.618
RK-682,10,P49760,6.614
RS-100329,1,Q56UN5,7.095
RS-100329,2,Q08345-5,7.088
RS-100329,3,Q08345,7.082
RS-100329,4,Q08345-2,7.073
RS-100329,5,Q08345-6,7.071
RS-100329,6,P09619,7.016
RS-100329,7,O14976,6.883
RS-100329,8,P07333,6.858
RS-100329,9,P36888-2,6.815
RS-100329,10,Q13163,6.779
RS-17053,1,P36888-2,7.143
RS-17053,2,P36888,7.114
RS-17053,3,Q56UN5,6.98
RS-17053,4,P49760-3,6.845
RS-17053,5,P49760,6.844
RS-17053,6,P49759,6.659
RS-17053,7,P49759-3,6.639
RS-17053,8,Q02156,6.634
RS-17053,9,Q13163,6.632
RS-17053,10,P30530-2,6.628
RS-39604,1,Q16620-6,6.825
RS-39604,2,Q16620-4,6.81
RS-39604,3,Q16620,6.797
RS-39604,4,P04629-3,6.708
RS-39604,5,P07333,6.705
RS-39604,6,P04629,6.68
RS-39604,7,P04629-2,6.671
RS-39604,8,Q16288-3,6.647
RS-39604,9,Q16620-2,6.642
RS-39604,10,Q16288,6.638
RS-45041-190,1,O00238,6.525
RS-45041-190,2,O00238-2,6.52
RS-45041-190,3,Q56UN5,6.453
RS-45041-190,4,P11362-15,6.401
RS-45041-190,5,O43283-6,6.334
RS-45041-190,6,O60674,6.313
RS-45041-190,7,Q6ZMQ8-2,6.217
RS-45041-190,8,O00444-3,6.193
RS-45041-190,9,P11362-17,6.181
RS-45041-190,10,P52333,6.168
RS-504393,1,P36888,8.528
RS-504393,2,P36888-2,8.487
RS-504393,3,P09619,8.17
RS-504393,4,P07333,7.97
RS-504393,5,Q56UN5,7.799
RS-504393,6,P10721,7.735
RS-504393,7,P10721-2,7.718
RS-504393,8,P07949,7.692
RS-504393,9,P07949-2,7.692
RS-504393,10,P16234,7.557
RU-24969,1,Q56UN5,7.096
RU-24969,2,P49759-3,6.832
RU-24969,3,P49759,6.83
RU-24969,4,P49760,6.825
RU-24969,5,P49760-3,6.823
RU-24969,6,O43283-6,6.72
RU-24969,7,Q9HAZ1,6.695
RU-24969,8,Q56UN5-3,6.617
RU-24969,9,P35558-2,6.574
RU-24969,10,O96017-10,6.565
RWJ-21757,1,P49760,7.112
RWJ-21757,2,P49760-3,7.111
RWJ-21757,3,Q56UN5,7.069
RWJ-21757,4,O43283-6,6.97
RWJ-21757,5,Q96Q11-3,6.947
RWJ-21757,6,Q9UQ07-3,6.928
RWJ-21757,7,P35558-2,6.912
RWJ-21757,8,P49759,6.904
RWJ-21757,9,P49759-3,6.883
RWJ-21757,10,P37173-3,6.806
RX-821002,1,O43283-6,7.323
RX-821002,2,Q56UN5,7.217
RX-821002,3,Q9UQ07-3,7.142
RX-821002,4,Q6ZMQ8-2,7.125
RX-821002,5,P11362-17,7.093
RX-821002,6,Q96Q11-3,7.071
RX-821002,7,P35558-2,7.036
RX-821002,8,O43283-3,7.035
RX-821002,9,P37173-3,6.998
RX-821002,10,P49759-2,6.998
SANT-1,1,Q08345-5,7.382
SANT-1,2,Q08345,7.339
SANT-1,3,Q08345-6,7.328
SANT-1,4,Q08345-2,7.323
SANT-1,5,P07333,7.015
SANT-1,6,P08581,7.004
SANT-1,7,P08581-2,6.999
SANT-1,8,P08581-3,6.778
SANT-1,9,Q08345-4,6.708
SANT-1,10,Q16288,6.47
SB-200646,1,Q08345-6,7.007
SB-200646,2,Q08345-2,7.005
SB-200646,3,Q08345,6.991
SB-200646,4,Q08345-5,6.972
SB-200646,5,P16234-3,6.881
SB-200646,6,P16234,6.787
SB-200646,7,P07333,6.699
SB-200646,8,P09619,6.517
SB-200646,9,Q8NE63,6.369
SB-200646,10,Q08345-4,6.32
SB-203580,1,O14976,7.535
SB-203580,2,Q9UBE8,7.122
SB-203580,3,P49674,7.079
SB-203580,4,P45984-2,7.068
SB-203580,5,Q15759,7.065
SB-203580,6,P48730,7.033
SB-203580,7,P45984,7.028
SB-203580,8,P48730-2,7.022
SB-203580,9,Q16539-2,6.883
SB-203580,10,Q16539,6.85
SB-205607,1,Q56UN5,7.748
SB-205607,2,Q13163,7.385
SB-205607,3,Q13163-2,7.282
SB-205607,4,Q13163-3,7.28
SB-205607,5,Q13163-4,7.251
SB-205607,6,P36888-2,7.184
SB-205607,7,P36888,7.105
SB-205607,8,P49759,7.097
SB-205607,9,P49759-3,7.037
SB-205607,10,P49760-3,7.03
SB-216641,1,P16234,7.725
SB-216641,2,P09619,7.65
SB-216641,3,P07333,7.346
SB-216641,4,P10721-2,7.322
SB-216641,5,P10721,7.318
SB-216641,6,P16234-3,7.285
SB-216641,7,Q08345-2,6.908
SB-216641,8,Q08345-5,6.901
SB-216641,9,Q08345-6,6.9
SB-216641,10,Q08345,6.891
SB-216763,1,Q8TD08,7.191
SB-216763,2,Q04759-3,7.023
SB-216763,3,Q04759,7.022
SB-216763,4,Q02156,7.018
SB-216763,5,Q8TD08-2,6.991
SB-216763,6,Q8TD08-3,6.981
SB-216763,7,Q05655-2,6.937
SB-216763,8,Q05655,6.926
SB-216763,9,Q56UN5,6.738
SB-216763,10,P36888,6.625
SB-218795,1,P07333,6.788
SB-218795,2,P36888,6.773
SB-218795,3,P36888-2,6.735
SB-218795,4,P49759,6.711
SB-218795,5,P49759-3,6.67
SB-218795,6,Q56UN5,6.66
SB-218795,7,P09619,6.605
SB-218795,8,Q9HAZ1,6.582
SB-218795,9,P16234,6.532
SB-218795,10,Q9UQB9-3,6.478
SB-225002,1,Q9HBH9,6.646
SB-225002,2,Q9HBH9-2,6.584
SB-225002,3,P36888,6.442
SB-225002,4,Q13163-4,6.42
SB-225002,5,Q13163,6.418
SB-225002,6,Q8NE63,6.406
SB-225002,7,P16234-3,6.389
SB-225002,8,P50613,6.35
SB-225002,9,P49336-2,6.346
SB-225002,10,P36888-2,6.336
SB-239063,1,O14976,6.457
SB-239063,2,O60674,6.427
SB-239063,3,P52333,6.422
SB-239063,4,P52333-2,6.422
SB-239063,5,P52333-4,6.42
SB-239063,6,P45984-2,6.414
SB-239063,7,P45984-4,6.406
SB-239063,8,P45984-3,6.385
SB-239063,9,P45984,6.382
SB-239063,10,P53779,6.382
SB-415286,1,O14976,7.429
SB-415286,2,P36888,7.034
SB-415286,3,P36888-2,6.986
SB-415286,4,Q56UN5,6.946
SB-415286,5,Q13163-4,6.916
SB-415286,6,Q13163,6.825
SB-415286,7,Q9UEE5,6.695
SB-415286,8,O14976-2,6.638
SB-415286,9,Q13163-2,6.627
SB-415286,10,Q96Q11-3,6.621
SB-431542,1,P15056,7.101
SB-431542,2,P10398,6.919
SB-431542,3,Q56UN5,6.912
SB-431542,4,P04049-2,6.641
SB-431542,5,P04049,6.616
SB-431542,6,P11362-15,6.567
SB-431542,7,O43283-6,6.555
SB-431542,8,Q8IVT5-4,6.457
SB-431542,9,Q8IVT5-3,6.455
SB-431542,10,Q8IVT5,6.427
SB-525334,1,Q9HAZ1,6.477
SB-525334,2,P49759,6.432
SB-525334,3,Q56UN5,6.386
SB-525334,4,P49759-3,6.376
SB-525334,5,Q08345-5,6.372
SB-525334,6,Q08345-2,6.349
SB-525334,7,Q08345-6,6.341
SB-525334,8,Q08345,6.338
SB-525334,9,P15056,6.326
SB-525334,10,P49760,6.291
SB-590885,1,P15056,7.825
SB-590885,2,P10398,7.536
SB-590885,3,P04049-2,7.133
SB-590885,4,P04049,7.108
SB-590885,5,P49674,6.631
SB-590885,6,P10398-2,6.555
SB-590885,7,P48730,6.465
SB-590885,8,P48730-2,6.465
SB-590885,9,P07333,6.435
SB-590885,10,Q08345-2,6.377
SC-68376,1,P15056,6.473
SC-68376,2,P10398,6.352
SC-68376,3,P11362-15,6.157
SC-68376,4,O75747-2,6.106
SC-68376,5,P04049-2,6.098
SC-68376,6,P16234-2,6.078
SC-68376,7,P04049,6.068
SC-68376,8,O00750,6.036
SC-68376,9,P48736,6.03
SC-68376,10,Q9BX84,6.019
SC-9,1,P50613,6.764
SC-9,2,P07333,6.534
SC-9,3,P49759,6.532
SC-9,4,P49759-3,6.502
SC-9,5,P49760,6.476
SC-9,6,P49760-3,6.474
SC-9,7,Q8TD08,6.456
SC-9,8,Q7L7X3,6.445
SC-9,9,Q13627-5,6.41
SC-9,10,Q13627,6.409
SCH-442416,1,P07333,6.331
SCH-442416,2,Q16620-2,6.271
SCH-442416,3,Q16288-2,6.24
SCH-442416,4,Q16620-5,6.236
SCH-442416,5,Q16620-3,6.225
SCH-442416,6,P04629-3,6.186
SCH-442416,7,Q16288,6.174
SCH-442416,8,Q16288-3,6.16
SCH-442416,9,Q16288-4,6.157
SCH-442416,10,Q16620-6,6.153
SCH-58261,1,P07333,6.09
SCH-58261,2,P10398,5.96
SCH-58261,3,Q16288-2,5.902
SCH-58261,4,P15056,5.878
SCH-58261,5,P04049-2,5.846
SCH-58261,6,Q16288,5.842
SCH-58261,7,Q16288-3,5.826
SCH-58261,8,Q16288-4,5.823
SCH-58261,9,P04049,5.822
SCH-58261,10,P53779,5.813
SCH-79797,1,Q02156,6.825
SCH-79797,2,Q8TD08,6.733
SCH-79797,3,Q04759-3,6.622
SCH-79797,4,Q04759,6.589
SCH-79797,5,Q8TD08-2,6.514
SCH-79797,6,Q05655-2,6.513
SCH-79797,7,Q05655,6.504
SCH-79797,8,Q8TD08-3,6.456
SCH-79797,9,Q56UN5,6.447
SCH-79797,10,P49759,6.437
SDZ-205-557,1,Q13163-4,6.609
SDZ-205-557,2,Q56UN5,6.605
SDZ-205-557,3,Q13163,6.577
SDZ-205-557,4,P07333,6.567
SDZ-205-557,5,Q13163-3,6.471
SDZ-205-557,6,Q13163-2,6.467
SDZ-205-557,7,P30530-2,6.465
SDZ-205-557,8,P36888-2,6.463
SDZ-205-557,9,P30530,6.456
SDZ-205-557,10,P36888,6.376
SID-26681509,1,P36888,7.491
SID-26681509,2,P36888-2,7.376
SID-26681509,3,Q56UN5,7.224
SID-26681509,4,Q8TD08,6.861
SID-26681509,5,O43283-6,6.827
SID-26681509,6,Q96Q11-3,6.793
SID-26681509,7,P37173-3,6.734
SID-26681509,8,Q9UQ07-3,6.717
SID-26681509,9,P35558-2,6.702
SID-26681509,10,Q8TD08-3,6.695
SKF-81297,1,P48736,6.497
SKF-81297,2,P42345,6.47
SKF-81297,3,Q9H2K8,6.47
SKF-81297,4,O76039,6.455
SKF-81297,5,O75747-2,6.45
SKF-81297,6,Q9UPZ9-2,6.448
SKF-81297,7,O76039-1,6.442
SKF-81297,8,Q9UPZ9,6.44
SKF-81297,9,Q9Y463,6.377
SKF-81297,10,O14976,6.361
SQ-22536,1,O60674,6.807
SQ-22536,2,P52333,6.672
SQ-22536,3,P52333-2,6.672
SQ-22536,4,P29597,6.542
SQ-22536,5,P23458,6.323
SQ-22536,6,P52333-4,6.276
SQ-22536,7,P42345,6.256
SQ-22536,8,P48736,6.186
SQ-22536,9,Q9HBH9,6.091
SQ-22536,10,Q9C098,6.09
SR-27897,1,P07333,6.859
SR-27897,2,P09619,6.335
SR-27897,3,P16234,6.235
SR-27897,4,P49759,6.072
SR-27897,5,P49759-3,6.067
SR-27897,6,Q9H3Y6,6.034
SR-27897,7,P49760,6.0
SR-27897,8,Q9NYL2,6.0
SR-27897,9,P49760-3,5.998
SR-27897,10,P16234-3,5.997
SR-57227A,1,O60674,6.545
SR-57227A,2,P52333-4,6.498
SR-57227A,3,P29597,6.438
SR-57227A,4,P52333,6.417
SR-57227A,5,P52333-2,6.417
SR-57227A,6,Q9H2K8,6.305
SR-57227A,7,Q7L7X3-3,6.271
SR-57227A,8,Q7L7X3,6.261
SR-57227A,9,P23458,6.222
SR-57227A,10,P11362-15,6.217
SR-59230A,1,Q13627-4,7.286
SR-59230A,2,Q13627-3,7.284
SR-59230A,3,Q13627,7.275
SR-59230A,4,Q13627-5,7.273
SR-59230A,5,Q13627-2,7.272
SR-59230A,6,P49760-3,7.187
SR-59230A,7,P49760,7.185
SR-59230A,8,P49759,7.092
SR-59230A,9,Q9Y463,7.078
SR-59230A,10,Q9Y463-3,7.078
ST-638,1,Q56UN5,7.035
ST-638,2,P07333,6.756
ST-638,3,Q02750,6.704
ST-638,4,P36507,6.674
ST-638,5,O43283-6,6.622
ST-638,6,P36888-2,6.602
ST-638,7,P36888,6.584
ST-638,8,Q96Q11-3,6.555
ST-638,9,Q32MK0,6.515
ST-638,10,O75417-2,6.503
STO-609,1,O43283-6,6.469
STO-609,2,Q56UN5,6.419
STO-609,3,Q9UQ07-3,6.365
STO-609,4,Q96Q11-3,6.329
STO-609,5,Q02750,6.307
STO-609,6,P35558-2,6.305
STO-609,7,P11362-17,6.293
STO-609,8,Q9Y463,6.267
STO-609,9,P37173-3,6.237
STO-609,10,Q13627-5,6.229
SU-11274,1,P07333,7.891
SU-11274,2,P09619,7.845
SU-11274,3,Q13163,7.841
SU-11274,4,P36888-2,7.82
SU-11274,5,P36888,7.743
SU-11274,6,Q13163-3,7.687
SU-11274,7,Q13163-2,7.681
SU-11274,8,Q13163-4,7.551
SU-11274,9,Q08345-6,7.538
SU-11274,10,Q08345,7.537
SU-11652,1,P09619,8.924
SU-11652,2,P36888-2,8.774
SU-11652,3,P36888,8.754
SU-11652,4,P16234,8.515
SU-11652,5,P07333,8.414
SU-11652,6,Q9UEE5,8.408
SU-11652,7,P07949,8.137
SU-11652,8,P07949-2,8.137
SU-11652,9,P10721,8.127
SU-11652,10,P10721-2,8.109
SU-1498,1,Q56UN5,7.29
SU-1498,2,P36888-2,6.893
SU-1498,3,P36888,6.869
SU-1498,4,P07333,6.806
SU-1498,5,O43283-6,6.795
SU-1498,6,Q96Q11-3,6.76
SU-1498,7,P49759,6.747
SU-1498,8,Q9UQ07-3,6.703
SU-1498,9,P49759-3,6.7
SU-1498,10,P35558-2,6.689
SU-4312,1,Q56UN5,7.523
SU-4312,2,P36888-2,7.512
SU-4312,3,Q9NSY1-3,7.504
SU-4312,4,Q9NSY1-2,7.49
SU-4312,5,Q9NSY1,7.477
SU-4312,6,P36888,7.415
SU-4312,7,Q9UEE5,7.185
SU-4312,8,P09619,7.162
SU-4312,9,Q2M2I8,7.118
SU-4312,10,Q2M2I8-2,7.08
T-0156,1,Q08345-5,7.052
T-0156,2,Q08345-2,7.007
T-0156,3,Q08345-6,7.005
T-0156,4,Q08345,6.998
T-0156,5,P07333,6.512
T-0156,6,Q08345-4,6.498
T-0156,7,P09619,6.356
T-0156,8,P16234,6.301
T-0156,9,P16234-3,6.243
T-0156,10,Q02156,6.083
T-0901317,1,P10398,6.994
T-0901317,2,P15056,6.954
T-0901317,3,P04049-2,6.779
T-0901317,4,P04049,6.757
T-0901317,5,Q9NYL2,6.685
T-0901317,6,O14578,6.524
T-0901317,7,O14578-4,6.465
T-0901317,8,Q56UN5,6.448
T-0901317,9,O14578-2,6.408
T-0901317,10,O43318-2,6.385
T-98475,1,P36888,7.869
T-98475,2,P36888-2,7.79
T-98475,3,P07333,7.191
T-98475,4,P09619,6.966
T-98475,5,Q08345-5,6.918
T-98475,6,P04629-3,6.88
T-98475,7,Q08345-2,6.877
T-98475,8,Q08345,6.876
T-98475,9,Q08345-6,6.876
T-98475,10,Q16620-6,6.849
TAK-715,1,P07333,7.248
TAK-715,2,Q08345-5,7.145
TAK-715,3,Q08345-2,7.094
TAK-715,4,Q08345-6,7.091
TAK-715,5,Q08345,7.085
TAK-715,6,P09619,6.711
TAK-715,7,P16234,6.66
TAK-715,8,P16234-3,6.635
TAK-715,9,P10721-2,6.469
TAK-715,10,P10721,6.449
TCB2,1,P49759,6.438
TCB2,2,P49759-3,6.415
TCB2,3,P49760-3,6.38
TCB2,4,P49760,6.379
TCB2,5,Q9HAZ1,6.278
TCB2,6,P36888-2,6.252
TCB2,7,P36888,6.195
TCB2,8,Q16620-6,6.186
TCB2,9,Q56UN5,6.169
TCB2,10,Q16620-4,6.164
TG-101348,1,O14976,8.89
TG-101348,2,O60674,8.862
TG-101348,3,O43293,8.805
TG-101348,4,O43293-2,8.648
TG-101348,5,Q9UIK4-2,8.265
TG-101348,6,P36888,8.121
TG-101348,7,O75716,8.077
TG-101348,8,P36888-2,8.077
TG-101348,9,P53355-4,7.983
TG-101348,10,P53355,7.928
TGX-221,1,P09619,7.47
TGX-221,2,P07333,7.402
TGX-221,3,P16234,7.203
TGX-221,4,P16234-3,7.125
TGX-221,5,P36888-2,7.106
TGX-221,6,P36888,7.014
TGX-221,7,P17948,6.991
TGX-221,8,P10721,6.9
TGX-221,9,P10721-2,6.898
TGX-221,10,P35968,6.842
TW-37,1,P07333,7.367
TW-37,2,P16234,7.168
TW-37,3,P09619,7.1
TW-37,4,P16234-3,7.002
TW-37,5,P36888,6.94
TW-37,6,P36888-2,6.749
TW-37,7,P49759,6.603
TW-37,8,P10721-2,6.59
TW-37,9,P10721,6.579
TW-37,10,P35968,6.574
U-0126,1,Q56UN5,7.008
U-0126,2,O43283-6,6.862
U-0126,3,P11362-17,6.74
U-0126,4,Q9UQ07-3,6.733
U-0126,5,P52333,6.712
U-0126,6,P52333-2,6.712
U-0126,7,Q96Q11-3,6.676
U-0126,8,Q9NSY1-2,6.676
U-0126,9,O60674,6.671
U-0126,10,P35558-2,6.665
U-18666A,1,Q56UN5,7.939
U-18666A,2,P36888-2,7.906
U-18666A,3,P36888,7.723
U-18666A,4,O43283-6,7.578
U-18666A,5,Q96Q11-3,7.398
U-18666A,6,O75417-2,7.37
U-18666A,7,Q9UQ07-3,7.358
U-18666A,8,Q9NSY1-2,7.339
U-18666A,9,P35558-2,7.336
U-18666A,10,Q9NSY1-3,7.332
U-46619,1,P49760-3,7.151
U-46619,2,P49760,7.15
U-46619,3,P49759,6.991
U-46619,4,P49759-3,6.972
U-46619,5,Q13627-4,6.964
U-46619,6,Q13627-3,6.961
U-46619,7,Q13627,6.955
U-46619,8,Q13627-2,6.948
U-46619,9,Q13627-5,6.943
U-46619,10,Q2M2I8-2,6.9
U-74389F,1,P36888-2,7.94
U-74389F,2,P36888,7.853
U-74389F,3,Q08345,7.716
U-74389F,4,Q08345-2,7.713
U-74389F,5,Q08345-6,7.713
U-74389F,6,Q56UN5,7.697
U-74389F,7,Q08345-5,7.661
U-74389F,8,Q16288-2,7.594
U-74389F,9,Q16620-2,7.57
U-74389F,10,Q16620-3,7.565
UCL-2077,1,O14578-2,6.493
UCL-2077,2,O14578,6.49
UCL-2077,3,P49760-3,6.44
UCL-2077,4,P49760,6.439
UCL-2077,5,O14578-4,6.394
UCL-2077,6,Q13627-5,6.362
UCL-2077,7,Q13627,6.359
UCL-2077,8,Q13627-2,6.356
UCL-2077,9,Q13627-4,6.352
UCL-2077,10,Q13627-3,6.35
VER-155008,1,P00533,6.736
VER-155008,2,P00533-4,6.484
VER-155008,3,P00533-3,6.437
VER-155008,4,P06239,6.433
VER-155008,5,Q59H18-3,6.39
VER-155008,6,Q59H18-1,6.358
VER-155008,7,Q8NE63,6.343
VER-155008,8,P06239-3,6.323
VER-155008,9,Q9HBH9,6.304
VER-155008,10,P06239-2,6.302
VX-702,1,P10398,6.581
VX-702,2,P15056,6.568
VX-702,3,P07333,6.462
VX-702,4,Q56UN5,6.285
VX-702,5,P04049-2,6.271
VX-702,6,P04049,6.252
VX-702,7,Q13163-4,6.178
VX-702,8,Q13163-2,6.173
VX-702,9,Q13163-3,6.164
VX-702,10,Q13163,6.158
WAY-170523,1,P07333,7.15
WAY-170523,2,P09619,6.787
WAY-170523,3,P16234,6.746
WAY-170523,4,P36888,6.677
WAY-170523,5,P16234-3,6.634
WAY-170523,6,P36888-2,6.544
WAY-170523,7,Q13163-4,6.478
WAY-170523,8,Q08345-5,6.466
WAY-170523,9,Q08345-2,6.455
WAY-170523,10,Q08345-6,6.452
WYE-354,1,Q56UN5,7.428
WYE-354,2,P36888-2,7.411
WYE-354,3,P36888,7.376
WYE-354,4,O60674,7.349
WYE-354,5,P09619,7.314
WYE-354,6,Q08345,7.214
WYE-354,7,Q08345-6,7.207
WYE-354,8,Q08345-2,7.206
WYE-354,9,Q08345-5,7.179
WYE-354,10,P07949,7.091
WZ-3146,1,Q08345-2,8.804
WZ-3146,2,Q08345-6,8.802
WZ-3146,3,Q08345,8.801
WZ-3146,4,Q08345-5,8.788
WZ-3146,5,P06239,7.89
WZ-3146,6,P09619,7.798
WZ-3146,7,P06239-3,7.784
WZ-3146,8,P07333,7.744
WZ-3146,9,Q13163,7.682
WZ-3146,10,P00519,7.629
WZ-4002,1,Q08345,9.133
WZ-4002,2,Q08345-2,9.131
WZ-4002,3,Q08345-6,9.128
WZ-4002,4,Q08345-5,9.116
WZ-4002,5,P06239,8.223
WZ-4002,6,P07333,8.121
WZ-4002,7,P06239-3,8.113
WZ-4002,8,P09619,8.087
WZ-4002,9,P00519,8.014
WZ-4002,10,P00519-2,8.012
XAV-939,1,Q56UN5,6.571
XAV-939,2,P15056,6.519
XAV-939,3,P10398,6.409
XAV-939,4,O14578,6.312
XAV-939,5,O43283-6,6.247
XAV-939,6,P04049-2,6.245
XAV-939,7,P04049,6.211
XAV-939,8,O14578-4,6.167
XAV-939,9,Q15759,6.161
XAV-939,10,Q8IVT5-3,6.13
Y-26763,1,Q56UN5,7.863
Y-26763,2,O43283-6,7.529
Y-26763,3,Q96Q11-3,7.31
Y-26763,4,Q9UQ07-3,7.295
Y-26763,5,O43283-3,7.269
Y-26763,6,O60674,7.261
Y-26763,7,P35558-2,7.256
Y-26763,8,O75417-2,7.248
Y-26763,9,Q6ZMQ8-2,7.217
Y-26763,10,P37173-3,7.21
Y-27152,1,Q56UN5,8.101
Y-27152,2,O43283-6,7.563
Y-27152,3,O75417-2,7.358
Y-27152,4,Q96Q11-3,7.352
Y-27152,5,P37173-3,7.288
Y-27152,6,O43283-3,7.286
Y-27152,7,Q9UQ07-3,7.255
Y-27152,8,P36888-2,7.241
Y-27152,9,Q6ZMQ8-2,7.234
Y-27152,10,P35558-2,7.218
YC-1,1,P49760,6.204
YC-1,2,P49760-3,6.201
YC-1,3,P49759,6.19
YC-1,4,P49759-3,6.18
YC-1,5,Q9HAZ1,6.179
YC-1,6,Q16288-2,6.083
YC-1,7,P15056,6.082
YC-1,8,P10398,6.076
YC-1,9,Q9UQ07-3,6.03
YC-1,10,Q13627-5,6.021
YM-155,1,Q56UN5,6.711
YM-155,2,Q02156,6.559
YM-155,3,O14578,6.353
YM-155,4,P49674,6.288
YM-155,5,O14578-2,6.274
YM-155,6,O14578-4,6.263
YM-155,7,Q13237-2,6.23
YM-155,8,P24723-2,6.223
YM-155,9,P17252,6.216
YM-155,10,P24723,6.208
YM-298198,1,Q56UN5,7.256
YM-298198,2,O43283-6,6.668
YM-298198,3,P08581,6.573
YM-298198,4,P08581-2,6.548
YM-298198,5,P36888-2,6.546
YM-298198,6,Q9NSY1-3,6.532
YM-298198,7,Q13976,6.527
YM-298198,8,Q9NSY1-2,6.521
YM-298198,9,P07333,6.52
YM-298198,10,O75417-2,6.508
ZD-7155,1,P36888,7.011
ZD-7155,2,P49760-3,6.974
ZD-7155,3,P49760,6.969
ZD-7155,4,P49759,6.948
ZD-7155,5,P49759-3,6.905
ZD-7155,6,P07333,6.866
ZD-7155,7,Q9HAZ1,6.866
ZD-7155,8,P36888-2,6.795
ZD-7155,9,P49674,6.611
ZD-7155,10,P16234,6.594
ZK-164015,1,P08581-3,6.702
ZK-164015,2,P08581-2,6.673
ZK-164015,3,P08581,6.632
ZK-164015,4,Q8N5S9,6.561
ZK-164015,5,P49759,6.52
ZK-164015,6,P49759-3,6.495
ZK-164015,7,P49760,6.478
ZK-164015,8,P49760-3,6.477
ZK-164015,9,P29376-3,6.413
ZK-164015,10,Q8N5S9-2,6.399
ZK-756326,1,Q08345-5,7.533
ZK-756326,2,Q08345-2,7.527
ZK-756326,3,Q08345-6,7.522
ZK-756326,4,Q08345,7.512
ZK-756326,5,P07333,7.288
ZK-756326,6,Q08345-4,7.186
ZK-756326,7,Q56UN5,6.942
ZK-756326,8,P17948-2,6.818
ZK-756326,9,P36888-2,6.79
ZK-756326,10,Q16288-3,6.785
ZK-93426,1,P09619,7.454
ZK-93426,2,P07333,7.422
ZK-93426,3,P16234,7.164
ZK-93426,4,P36888-2,7.011
ZK-93426,5,P16234-3,6.922
ZK-93426,6,P36888,6.895
ZK-93426,7,P10721-2,6.776
ZK-93426,8,P10721,6.775
ZK-93426,9,P17948,6.773
ZK-93426,10,Q56UN5,6.713
ZM-241385,1,O75747-2,6.265
ZM-241385,2,O75747,6.235
ZM-241385,3,O00750,6.233
ZM-241385,4,O00443,6.231
ZM-241385,5,P49760,6.212
ZM-241385,6,P49760-3,6.21
ZM-241385,7,Q8NEB9,6.11
ZM-241385,8,P48736,6.108
ZM-241385,9,Q9UQ07-3,6.086
ZM-241385,10,P52333-4,6.054
ZM-306416,1,P00533,7.252
ZM-306416,2,O43353,6.923
ZM-306416,3,O14976,6.615
ZM-306416,4,P51451,6.546
ZM-306416,5,P06239,6.46
ZM-306416,6,Q13163,6.394
ZM-306416,7,P06239-3,6.389
ZM-306416,8,P12931,6.367
ZM-306416,9,P00533-3,6.362
ZM-306416,10,P00533-4,6.347
ZM-323881,1,P00533,7.269
ZM-323881,2,P04626-5,6.48
ZM-323881,3,P04626-4,6.471
ZM-323881,4,P04626,6.434
ZM-323881,5,P00533-3,6.404
ZM-323881,6,P00533-4,6.383
ZM-323881,7,Q15303,6.378
ZM-323881,8,Q15303-3,6.378
ZM-323881,9,Q15303-2,6.36
ZM-323881,10,Q15303-4,6.36
ZM-39923,1,P36888-2,6.644
ZM-39923,2,P36888,6.622
ZM-39923,3,P07333,6.499
ZM-39923,4,P49759,6.221
ZM-39923,5,P49759-3,6.186
ZM-39923,6,Q9HAZ1,6.171
ZM-39923,7,Q56UN5,6.157
ZM-39923,8,P49760-3,6.151
ZM-39923,9,P49760,6.15
ZM-39923,10,Q16620-6,6.133
ZM-447439,1,P00533,7.438
ZM-447439,2,Q08345,7.235
ZM-447439,3,Q08345-2,7.226
ZM-447439,4,Q08345-6,7.226
ZM-447439,5,Q08345-5,7.159
ZM-447439,6,P09619,6.902
ZM-447439,7,P16234,6.807
ZM-447439,8,Q13163,6.729
ZM-447439,9,P06239,6.726
ZM-447439,10,P06239-3,6.635
ZSTK-474,1,Q56UN5,7.07
ZSTK-474,2,P08581-2,6.585
ZSTK-474,3,P08581,6.558
ZSTK-474,4,O43283-6,6.493
ZSTK-474,5,P07333,6.47
ZSTK-474,6,P36888-2,6.47
ZSTK-474,7,P08581-3,6.459
ZSTK-474,8,P49759,6.433
ZSTK-474,9,P17948-2,6.405
ZSTK-474,10,P49759-3,6.399
acebutolol,1,P36888,7.238
acebutolol,2,P36888-2,7.11
acebutolol,3,P07333,6.945
acebutolol,4,P09619,6.933
acebutolol,5,P16234,6.897
acebutolol,6,P16234-3,6.749
acebutolol,7,P10721-2,6.664
acebutolol,8,P10721,6.655
acebutolol,9,Q56UN5,6.63
acebutolol,10,P17948,6.361
acepromazine,1,Q56UN5,6.843
acepromazine,2,P07333,6.681
acepromazine,3,Q13163,6.657
acepromazine,4,Q13163-2,6.622
acepromazine,5,Q13163-3,6.619
acepromazine,6,Q13163-4,6.575
acepromazine,7,P09619,6.56
acepromazine,8,P36888-2,6.551
acepromazine,9,O14976,6.526
acepromazine,10,Q9NSY1-3,6.523
acyclovir,1,P49760,5.979
acyclovir,2,P49760-3,5.979
acyclovir,3,P49759,5.883
acyclovir,4,Q56UN5,5.877
acyclovir,5,Q9HAZ1,5.862
acyclovir,6,P49759-3,5.861
acyclovir,7,O43283-6,5.819
acyclovir,8,P11362-15,5.788
acyclovir,9,Q15772-4,5.779
acyclovir,10,P52333-4,5.756
afatinib,1,P00533,9.665
afatinib,2,Q15303-2,8.018
afatinib,3,Q15303-4,8.018
afatinib,4,P04626-4,7.899
afatinib,5,Q15303,7.889
afatinib,6,Q15303-3,7.889
afatinib,7,P04626-5,7.846
afatinib,8,P04626,7.777
afatinib,9,P00533-3,7.707
afatinib,10,P00533-4,7.703
albendazole,1,P07333,7.278
albendazole,2,P16234-3,7.152
albendazole,3,P09619,7.128
albendazole,4,P16234,7.038
albendazole,5,Q56UN5,6.908
albendazole,6,Q13163-2,6.881
albendazole,7,Q13163-3,6.879
albendazole,8,Q13163,6.877
albendazole,9,Q13163-4,6.749
albendazole,10,P17948-2,6.695
alclometasone,1,Q9UQ07-3,7.889
alclometasone,2,Q96Q11-3,7.817
alclometasone,3,Q56UN5,7.774
alclometasone,4,O43283-6,7.746
alclometasone,5,P11362-17,7.723
alclometasone,6,P49761-2,7.71
alclometasone,7,P37173-3,7.696
alclometasone,8,Q6ZMQ8-2,7.662
alclometasone,9,P35558-2,7.659
alclometasone,10,P52333,7.657
alfacalcidol,1,Q56UN5,7.837
alfacalcidol,2,O43283-6,7.785
alfacalcidol,3,O00444-3,7.762
alfacalcidol,4,Q9UQ07-3,7.733
alfacalcidol,5,Q96Q11-3,7.688
alfacalcidol,6,O00444-2,7.685
alfacalcidol,7,P35558-2,7.649
alfacalcidol,8,O00444,7.628
alfacalcidol,9,P37173-3,7.628
alfacalcidol,10,P11362-17,7.616
alfuzosin,1,P36888-2,6.985
alfuzosin,2,P30530,6.936
alfuzosin,3,P30530-2,6.918
alfuzosin,4,P36888,6.902
alfuzosin,5,Q56UN5,6.889
alfuzosin,6,Q13163,6.88
alfuzosin,7,Q13163-3,6.733
alfuzosin,8,Q13163-2,6.731
alfuzosin,9,Q13163-4,6.673
alfuzosin,10,O14976,6.662
alimemazine,1,P49759,6.539
alimemazine,2,P49759-3,6.507
alimemazine,3,P49760-3,6.489
alimemazine,4,P49760,6.486
alimemazine,5,Q9HAZ1,6.422
alimemazine,6,Q56UN5,6.416
alimemazine,7,Q9NSY1-3,6.405
alimemazine,8,Q9NSY1-2,6.392
alimemazine,9,Q2M2I8,6.309
alimemazine,10,Q2M2I8-2,6.308
alisertib,1,O94768,7.116
alisertib,2,P51451,7.111
alisertib,3,Q9UQB9,7.108
alisertib,4,Q9UQB9-3,7.095
alisertib,5,Q9UQB9-2,7.09
alisertib,6,P09769,6.867
alisertib,7,P07947,6.761
alisertib,8,Q9UEE5,6.754
alisertib,9,P12931-3,6.669
alisertib,10,Q96GD4-5,6.65
aliskiren,1,P36888,7.291
aliskiren,2,P36888-2,7.126
aliskiren,3,P49760-3,6.82
aliskiren,4,P49760,6.814
aliskiren,5,P49759,6.794
aliskiren,6,Q9HAZ1,6.789
aliskiren,7,P49759-3,6.747
aliskiren,8,Q56UN5,6.62
aliskiren,9,P07333,6.608
aliskiren,10,Q13237-2,6.483
aloisine,1,P16234-3,6.416
aloisine,2,P07333,6.34
aloisine,3,P16234,6.301
aloisine,4,P17948-2,6.197
aloisine,5,P17948-4,6.17
aloisine,6,P09619,6.129
aloisine,7,P17948,6.097
aloisine,8,P15056,6.086
aloisine,9,P16234-2,6.077
aloisine,10,P17948-3,6.075
alpha-estradiol,1,Q9UQ07-3,7.294
alpha-estradiol,2,Q56UN5,7.229
alpha-estradiol,3,P49761-2,7.213
alpha-estradiol,4,O43283-6,7.19
alpha-estradiol,5,P11362-15,7.176
alpha-estradiol,6,P11362-17,7.147
alpha-estradiol,7,Q96Q11-3,7.135
alpha-estradiol,8,Q6ZMQ8-2,7.07
alpha-estradiol,9,P35558-2,7.067
alpha-estradiol,10,P49759-2,7.036
altanserin,1,P09619,7.749
altanserin,2,P07333,7.405
altanserin,3,P36888-2,7.399
altanserin,4,Q56UN5,7.336
altanserin,5,P16234,7.332
altanserin,6,P17948,7.287
altanserin,7,P16234-3,7.209
altanserin,8,P36888,7.206
altanserin,9,P10721-2,7.142
altanserin,10,P10721,7.139
altrenogest,1,Q96Q11-3,8.151
altrenogest,2,O43283-6,8.123
altrenogest,3,Q56UN5,8.083
altrenogest,4,Q9UQ07-3,8.082
altrenogest,5,P11362-17,8.042
altrenogest,6,P35558-2,7.991
altrenogest,7,Q6ZMQ8-2,7.986
altrenogest,8,P37173-3,7.939
altrenogest,9,P49761-2,7.913
altrenogest,10,P49759-2,7.84
amantadine,1,Q9UQ07-3,6.981
amantadine,2,O43283-6,6.953
amantadine,3,P11362-17,6.873
amantadine,4,P35558-2,6.852
amantadine,5,O96017-10,6.849
amantadine,6,Q96Q11-3,6.846
amantadine,7,Q13627-3,6.811
amantadine,8,Q13627-4,6.811
amantadine,9,Q13627,6.806
amantadine,10,P37173-3,6.801
amcinonide,1,P36888-2,8.382
amcinonide,2,P36888,8.28
amcinonide,3,Q56UN5,8.127
amcinonide,4,Q16288-2,7.9
amcinonide,5,O43283-6,7.88
amcinonide,6,Q16620-5,7.859
amcinonide,7,P04629-3,7.853
amcinonide,8,Q16620-3,7.853
amcinonide,9,Q16620-2,7.849
amcinonide,10,Q16620-7,7.814
amiloride,1,O60674,6.482
amiloride,2,P52333,6.349
amiloride,3,P52333-2,6.349
amiloride,4,P23458,6.309
amiloride,5,P29597,6.282
amiloride,6,P15056,6.277
amiloride,7,O43283-6,6.18
amiloride,8,P52333-4,6.157
amiloride,9,P07333,6.152
amiloride,10,P10398,6.151
aminopurvalanol-a,1,Q13470,6.394
aminopurvalanol-a,2,P36888-2,6.388
aminopurvalanol-a,3,Q13470-2,6.364
aminopurvalanol-a,4,P36888,6.339
aminopurvalanol-a,5,Q9UQB9,6.336
aminopurvalanol-a,6,Q9UQB9-2,6.336
aminopurvalanol-a,7,Q9UQB9-3,6.33
aminopurvalanol-a,8,O14976,6.289
aminopurvalanol-a,9,O00444-3,6.269
aminopurvalanol-a,10,O00444,6.268
amiodarone,1,Q56UN5,7.099
amiodarone,2,P36888-2,7.081
amiodarone,3,P36888,6.996
amiodarone,4,Q02750,6.995
amiodarone,5,P36507,6.901
amiodarone,6,Q13163-4,6.78
amiodarone,7,Q13163,6.749
amiodarone,8,Q13163-2,6.726
amiodarone,9,Q13163-3,6.722
amiodarone,10,P09619,6.649
amitriptyline,1,Q9NSY1-3,6.729
amitriptyline,2,Q9NSY1-2,6.722
amitriptyline,3,Q9NSY1,6.654
amitriptyline,4,P49760-3,6.604
amitriptyline,5,P49759,6.603
amitriptyline,6,P49760,6.603
amitriptyline,7,Q56UN5,6.586
amitriptyline,8,Q2M2I8,6.566
amitriptyline,9,P49759-3,6.561
amitriptyline,10,Q2M2I8-2,6.542
amlodipine,1,Q56UN5,7.148
amlodipine,2,P36888,6.945
amlodipine,3,P36888-2,6.897
amlodipine,4,Q96Q11-3,6.83
amlodipine,5,O43283-6,6.822
amlodipine,6,Q9H093,6.809
amlodipine,7,P35558-2,6.708
amlodipine,8,O75417-2,6.707
amlodipine,9,Q9UQ07-3,6.701
amlodipine,10,P37173-3,6.695
amonafide,1,P36888-2,6.893
amonafide,2,Q56UN5,6.834
amonafide,3,P36888,6.77
amonafide,4,Q9NSY1-3,6.609
amonafide,5,Q9NSY1-2,6.588
amonafide,6,P49759,6.559
amonafide,7,Q9NSY1,6.554
amonafide,8,P49759-3,6.512
amonafide,9,Q9HAZ1,6.496
amonafide,10,P49760-3,6.417
amoxapine,1,P07333,6.928
amoxapine,2,Q56UN5,6.913
amoxapine,3,O00238,6.85
amoxapine,4,O00238-2,6.842
amoxapine,5,P36888-2,6.682
amoxapine,6,Q13163,6.631
amoxapine,7,P36888,6.619
amoxapine,8,P09619,6.614
amoxapine,9,Q13163-4,6.545
amoxapine,10,O43283-6,6.537
amperozide,1,P07333,7.71
amperozide,2,P36888,7.621
amperozide,3,P36888-2,7.458
amperozide,4,P09619,7.444
amperozide,5,P16234,7.289
amperozide,6,P10721,7.199
amperozide,7,P10721-2,7.197
amperozide,8,P16234-3,7.012
amperozide,9,Q16288,6.73
amperozide,10,Q16288-3,6.723
anabasine,1,O60674,6.293
anabasine,2,P49760,6.257
anabasine,3,P49760-3,6.255
anabasine,4,P23458,6.16
anabasine,5,P52333,6.16
anabasine,6,P52333-2,6.16
anabasine,7,P29597,6.154
anabasine,8,P49759,6.071
anabasine,9,P49759-3,6.059
anabasine,10,P11362-15,6.043
anagrelide,1,Q56UN5,7.119
anagrelide,2,O43283-6,6.83
anagrelide,3,Q96Q11-3,6.822
anagrelide,4,Q9UQ07-3,6.757
anagrelide,5,P11362-17,6.742
anagrelide,6,P49761-2,6.734
anagrelide,7,O60674,6.714
anagrelide,8,P49759-2,6.692
anagrelide,9,Q6ZMQ8-2,6.664
anagrelide,10,P35558-2,6.664
anandamide,1,P49759,6.407
anandamide,2,P49759-3,6.377
anandamide,3,Q96Q11-3,6.342
anandamide,4,P36888,6.328
anandamide,5,P10398,6.325
anandamide,6,P36888-2,6.323
anandamide,7,Q9UQ07-3,6.315
anandamide,8,P15056,6.303
anandamide,9,P35558-2,6.302
anandamide,10,O43283-6,6.286
anastrozole,1,Q56UN5,6.227
anastrozole,2,O60674,6.131
anastrozole,3,O14578,6.105
anastrozole,4,Q16288-4,6.063
anastrozole,5,O43318-2,6.046
anastrozole,6,Q16288,6.042
anastrozole,7,P52333,6.039
anastrozole,8,P52333-2,6.039
anastrozole,9,Q16288-5,6.017
anastrozole,10,Q16288-3,6.011
androstenedione,1,Q56UN5,7.838
androstenedione,2,O43283-6,7.822
androstenedione,3,Q9UQ07-3,7.738
androstenedione,4,P11362-17,7.695
androstenedione,5,Q6ZMQ8-2,7.682
androstenedione,6,Q96Q11-3,7.634
androstenedione,7,O96017-10,7.556
androstenedione,8,P49761-2,7.553
androstenedione,9,P35558-2,7.55
androstenedione,10,P11362-15,7.549
androstenol,1,O43283-6,7.809
androstenol,2,Q56UN5,7.786
androstenol,3,Q9UQ07-3,7.777
androstenol,4,Q96Q11-3,7.681
androstenol,5,P49761-2,7.658
androstenol,6,Q6ZMQ8-2,7.656
androstenol,7,P11362-17,7.625
androstenol,8,P35558-2,7.574
androstenol,9,P49759-2,7.545
androstenol,10,P37173-3,7.542
antimycin-a,1,P36888,7.453
antimycin-a,2,P36888-2,7.35
antimycin-a,3,Q56UN5,7.216
antimycin-a,4,Q13627-4,6.997
antimycin-a,5,Q13627-3,6.993
antimycin-a,6,Q13627,6.974
antimycin-a,7,Q13627-2,6.968
antimycin-a,8,Q13627-5,6.964
antimycin-a,9,Q96Q11-3,6.927
antimycin-a,10,O43283-6,6.881
apafant,1,P09769,6.542
apafant,2,Q02750,6.44
apafant,3,P51451,6.433
apafant,4,P36507,6.423
apafant,5,Q56UN5,6.421
apafant,6,P54762,6.373
apafant,7,Q13163,6.362
apafant,8,Q9H422,6.355
apafant,9,P54756,6.347
apafant,10,Q13163-3,6.347
aprepitant,1,P36888-2,7.777
aprepitant,2,P36888,7.677
aprepitant,3,Q56UN5,7.333
aprepitant,4,Q16288-3,7.08
aprepitant,5,Q16288-5,7.075
aprepitant,6,P07949,7.07
aprepitant,7,P07949-2,7.07
aprepitant,8,Q16288-4,7.064
aprepitant,9,Q16288,7.062
aprepitant,10,Q16620-6,7.019
arctigenin,1,P49760-3,6.84
arctigenin,2,P49760,6.838
arctigenin,3,P49759,6.719
arctigenin,4,P49759-3,6.705
arctigenin,5,Q9HAZ1,6.601
arctigenin,6,Q13627-4,6.564
arctigenin,7,Q13627-3,6.561
arctigenin,8,Q13627,6.558
arctigenin,9,Q13627-2,6.548
arctigenin,10,Q13627-5,6.542
aripiprazole,1,P36888,7.538
aripiprazole,2,P36888-2,7.537
aripiprazole,3,Q13163,7.393
aripiprazole,4,Q13163-4,7.269
aripiprazole,5,Q13163-3,7.237
aripiprazole,6,Q13163-2,7.235
aripiprazole,7,Q56UN5,7.046
aripiprazole,8,O14976,6.99
aripiprazole,9,P07333,6.985
aripiprazole,10,P09619,6.922
artesunate,1,Q56UN5,7.762
artesunate,2,P36888-2,7.722
artesunate,3,O43283-6,7.687
artesunate,4,P36888,7.626
artesunate,5,Q96Q11-3,7.572
artesunate,6,P37173-3,7.539
artesunate,7,Q9UQ07-3,7.512
artesunate,8,P35558-2,7.452
artesunate,9,P11362-17,7.451
artesunate,10,O43283-3,7.417
asiatic-acid,1,Q56UN5,8.313
asiatic-acid,2,P36888-2,8.3
asiatic-acid,3,Q96Q11-3,8.175
asiatic-acid,4,P36888,8.173
asiatic-acid,5,O43283-6,8.167
asiatic-acid,6,Q9UQ07-3,8.138
asiatic-acid,7,P37173-3,8.029
asiatic-acid,8,P35558-2,8.013
asiatic-acid,9,P49761-2,7.97
asiatic-acid,10,P11362-17,7.959
ataluren,1,P15056,6.429
ataluren,2,P10398,6.255
ataluren,3,P04049-2,6.194
ataluren,4,P04049,6.175
ataluren,5,Q9BVS4-2,6.15
ataluren,6,Q9BVS4,6.113
ataluren,7,P07333,6.04
ataluren,8,Q96Q11-3,5.949
ataluren,9,O43283-6,5.946
ataluren,10,P10398-2,5.944
atorvastatin,1,P36888,7.55
atorvastatin,2,P09619,7.503
atorvastatin,3,P07333,7.48
atorvastatin,4,P16234,7.468
atorvastatin,5,P36888-2,7.446
atorvastatin,6,P16234-3,7.411
atorvastatin,7,P10721-2,7.198
atorvastatin,8,P10721,7.19
atorvastatin,9,P17948,6.945
atorvastatin,10,P35968,6.903
atracurium,1,P07333,6.871
atracurium,2,P36888,6.576
atracurium,3,Q16288-2,6.552
atracurium,4,Q16620-4,6.519
atracurium,5,P16234,6.513
atracurium,6,P09619,6.512
atracurium,7,Q16620-6,6.512
atracurium,8,P36888-2,6.508
atracurium,9,Q16620,6.506
atracurium,10,Q16288-3,6.495
auranofin,1,P36888-2,7.106
auranofin,2,Q56UN5,7.066
auranofin,3,P36888,7.048
auranofin,4,O43283-6,6.885
auranofin,5,Q96Q11-3,6.842
auranofin,6,Q15772-4,6.792
auranofin,7,P37173-3,6.773
auranofin,8,P35558-2,6.75
auranofin,9,Q9NSY1-3,6.737
auranofin,10,Q9NSY1-2,6.731
auraptene,1,Q56UN5,6.732
auraptene,2,P36888-2,6.671
auraptene,3,P36888,6.6
auraptene,4,P49759,6.501
auraptene,5,P49759-3,6.476
auraptene,6,P07333,6.447
auraptene,7,P49760,6.431
auraptene,8,P49760-3,6.43
auraptene,9,O43283-6,6.401
auraptene,10,Q9HAZ1,6.377
azacitidine,1,P49760,6.386
azacitidine,2,P49760-3,6.385
azacitidine,3,O60674,6.291
azacitidine,4,P52333,6.277
azacitidine,5,P52333-2,6.277
azacitidine,6,P49759,6.23
azacitidine,7,P49759-3,6.213
azacitidine,8,P29597,6.211
azacitidine,9,Q56UN5,6.209
azacitidine,10,O43283-6,6.207
azacyclonol,1,Q56UN5,7.253
azacyclonol,2,O43283-6,6.985
azacyclonol,3,Q8TD08,6.94
azacyclonol,4,O43318-2,6.917
azacyclonol,5,Q96Q11-3,6.902
azacyclonol,6,O43318,6.868
azacyclonol,7,P49760-3,6.855
azacyclonol,8,P49760,6.854
azacyclonol,9,Q13627,6.845
azacyclonol,10,Q13627-2,6.839
azasetron,1,P36888,6.667
azasetron,2,Q56UN5,6.664
azasetron,3,P36888-2,6.646
azasetron,4,Q13163,6.512
azasetron,5,Q13163-3,6.448
azasetron,6,Q13163-2,6.447
azasetron,7,Q13163-4,6.431
azasetron,8,P07333,6.323
azasetron,9,P09619,6.32
azasetron,10,Q9H2K8,6.286
azelastine,1,P07333,7.092
azelastine,2,Q08345-5,6.805
azelastine,3,Q08345,6.774
azelastine,4,Q08345-6,6.772
azelastine,5,Q08345-2,6.77
azelastine,6,Q16620-2,6.665
azelastine,7,P09619,6.637
azelastine,8,Q16620-5,6.612
azelastine,9,Q16620-3,6.599
azelastine,10,Q16620-6,6.59
baccatin-III,1,Q56UN5,8.736
baccatin-III,2,Q9UQ07-3,8.624
baccatin-III,3,O43283-6,8.617
baccatin-III,4,Q96Q11-3,8.615
baccatin-III,5,P37173-3,8.528
baccatin-III,6,P36888-2,8.501
baccatin-III,7,P35558-2,8.466
baccatin-III,8,P11362-17,8.456
baccatin-III,9,Q6ZMQ8-2,8.44
baccatin-III,10,P36888,8.427
balsalazide,1,P07333,6.944
balsalazide,2,P16234,6.626
balsalazide,3,P16234-3,6.625
balsalazide,4,P15056,6.548
balsalazide,5,P09619,6.501
balsalazide,6,P35968,6.495
balsalazide,7,P10398,6.471
balsalazide,8,P17948,6.436
balsalazide,9,P04049-2,6.414
balsalazide,10,P04049,6.404
belinostat,1,P36888,6.762
belinostat,2,P36888-2,6.748
belinostat,3,Q96GD4-2,6.709
belinostat,4,Q9UQB9,6.56
belinostat,5,Q9UQB9-2,6.558
belinostat,6,Q9UQB9-3,6.545
belinostat,7,Q96GD4,6.493
belinostat,8,Q96GD4-4,6.491
belinostat,9,Q13163-4,6.487
belinostat,10,Q96GD4-5,6.471
bemegride,1,Q96Q11-3,7.385
bemegride,2,Q56UN5,7.379
bemegride,3,O43283-6,7.313
bemegride,4,Q9UQ07-3,7.302
bemegride,5,O96017-10,7.23
bemegride,6,P37173-3,7.168
bemegride,7,Q9Y259-2,7.125
bemegride,8,P11362-17,7.122
bemegride,9,P49759-2,7.108
bemegride,10,P49761-2,7.106
bemesetron,1,Q13163,7.181
bemesetron,2,P07333,7.111
bemesetron,3,Q13163-4,7.093
bemesetron,4,P30530,7.075
bemesetron,5,P30530-2,7.074
bemesetron,6,Q13163-3,7.066
bemesetron,7,Q13163-2,7.058
bemesetron,8,P36888-2,7.038
bemesetron,9,O00444-2,6.847
bemesetron,10,P36888,6.843
benazepril,1,P36888,6.961
benazepril,2,Q56UN5,6.937
benazepril,3,P36888-2,6.924
benazepril,4,Q13627-4,6.879
benazepril,5,Q13627-3,6.876
benazepril,6,Q8TD08,6.872
benazepril,7,Q13627,6.87
benazepril,8,Q13627-2,6.864
benazepril,9,Q13627-5,6.862
benazepril,10,P49760-3,6.815
bendroflumethiazide,1,Q56UN5,7.248
bendroflumethiazide,2,O43283-6,6.569
bendroflumethiazide,3,P36888-2,6.556
bendroflumethiazide,4,O75417-2,6.546
bendroflumethiazide,5,O43318-2,6.502
bendroflumethiazide,6,P49760,6.468
bendroflumethiazide,7,P49760-3,6.467
bendroflumethiazide,8,P11362-15,6.457
bendroflumethiazide,9,O43318,6.456
bendroflumethiazide,10,O14578,6.453
benzamil,1,P07333,6.917
benzamil,2,P16234,6.221
benzamil,3,P09619,6.216
benzamil,4,P16234-3,6.192
benzamil,5,Q08345-5,6.072
benzamil,6,P29597,6.024
benzamil,7,O60674,6.015
benzamil,8,Q08345-2,6.011
benzamil,9,Q08345-6,6.011
benzamil,10,Q08345,6.009
benzanthrone,1,P36888-2,6.487
benzanthrone,2,P07333,6.423
benzanthrone,3,Q9HAZ1,6.411
benzanthrone,4,P49759,6.404
benzanthrone,5,Q13627-3,6.384
benzanthrone,6,Q13627,6.383
benzanthrone,7,P49759-3,6.379
benzanthrone,8,Q13627-4,6.379
benzanthrone,9,Q13627-5,6.379
benzanthrone,10,Q13627-2,6.378
benzohydroxamic-acid,1,Q8TD08,6.334
benzohydroxamic-acid,2,Q13627-3,6.196
benzohydroxamic-acid,3,Q13627-4,6.194
benzohydroxamic-acid,4,Q13627-5,6.193
benzohydroxamic-acid,5,Q13627,6.185
benzohydroxamic-acid,6,P49759,6.182
benzohydroxamic-acid,7,Q13627-2,6.174
benzohydroxamic-acid,8,P49759-3,6.159
benzohydroxamic-acid,9,Q8TD08-2,6.153
benzohydroxamic-acid,10,Q8TD08-3,6.143
benzoxiquine,1,P07333,6.76
benzoxiquine,2,P15056,6.266
benzoxiquine,3,Q16288-2,6.241
benzoxiquine,4,P11362-15,6.202
benzoxiquine,5,P08581-2,6.199
benzoxiquine,6,P08581,6.191
benzoxiquine,7,P21709-3,6.19
benzoxiquine,8,Q16288-4,6.175
benzoxiquine,9,Q16288,6.172
benzoxiquine,10,P21709-2,6.162
benzthiazide,1,P07333,7.158
benzthiazide,2,P36888,7.028
benzthiazide,3,P36888-2,7.023
benzthiazide,4,P09619,6.961
benzthiazide,5,Q56UN5,6.768
benzthiazide,6,P16234,6.701
benzthiazide,7,P49760,6.61
benzthiazide,8,P49760-3,6.608
benzthiazide,9,P16234-3,6.578
benzthiazide,10,P49759,6.551
bepridil,1,P36888-2,6.631
bepridil,2,Q02156,6.568
bepridil,3,Q56UN5,6.556
bepridil,4,P07333,6.555
bepridil,5,P36888,6.535
bepridil,6,Q05655-2,6.529
bepridil,7,Q05655,6.522
bepridil,8,Q04759-3,6.486
bepridil,9,P49760-3,6.474
bepridil,10,P49760,6.47
beta-CCP,1,P07333,7.126
beta-CCP,2,P09619,7.11
beta-CCP,3,P16234,6.852
beta-CCP,4,P16234-3,6.765
beta-CCP,5,P17948,6.657
beta-CCP,6,P36888-2,6.656
beta-CCP,7,Q56UN5,6.57
beta-CCP,8,P10721-2,6.56
beta-CCP,9,P10721,6.557
beta-CCP,10,P36888,6.472
bifemelane,1,P16234-3,6.631
bifemelane,2,P07333,6.582
bifemelane,3,P16234,6.505
bifemelane,4,P09619,6.358
bifemelane,5,P36888-2,6.328
bifemelane,6,P36888,6.313
bifemelane,7,P50613,6.294
bifemelane,8,Q9UQB9-3,6.282
bifemelane,9,Q9UQB9,6.268
bifemelane,10,Q9UQB9-2,6.263
bimatoprost,1,P49760-3,7.185
bimatoprost,2,P49760,7.183
bimatoprost,3,P49759,7.139
bimatoprost,4,Q13627-4,7.128
bimatoprost,5,Q13627-3,7.127
bimatoprost,6,Q13627,7.119
bimatoprost,7,P49759-3,7.119
bimatoprost,8,Q13627-5,7.119
bimatoprost,9,Q13627-2,7.111
bimatoprost,10,Q9Y463,7.067
biochanin-a,1,Q13627-3,6.656
biochanin-a,2,Q13627-4,6.655
biochanin-a,3,Q13627,6.652
biochanin-a,4,Q13627-5,6.652
biochanin-a,5,Q13627-2,6.645
biochanin-a,6,Q9Y463,6.616
biochanin-a,7,Q9Y463-3,6.571
biochanin-a,8,Q9Y463-2,6.51
biochanin-a,9,P49759,6.486
biochanin-a,10,P49760,6.47
biperiden,1,Q56UN5,7.243
biperiden,2,P36888-2,7.023
biperiden,3,P36888,6.932
biperiden,4,Q8TD08,6.791
biperiden,5,O43283-6,6.749
biperiden,6,O43318-2,6.734
biperiden,7,P35558-2,6.734
biperiden,8,Q96Q11-3,6.728
biperiden,9,O75417-2,6.724
biperiden,10,Q9NSY1-3,6.696
bisacodyl,1,P36888-2,7.04
bisacodyl,2,P07333,6.978
bisacodyl,3,P36888,6.862
bisacodyl,4,Q9UQB9,6.854
bisacodyl,5,Q9UQB9-3,6.852
bisacodyl,6,O60674,6.845
bisacodyl,7,Q9UQB9-2,6.845
bisacodyl,8,P09619,6.792
bisacodyl,9,P52333,6.758
bisacodyl,10,P52333-2,6.758
bisphenol-a,1,P49759,6.488
bisphenol-a,2,Q8TD08,6.476
bisphenol-a,3,P49760-3,6.467
bisphenol-a,4,P49760,6.466
bisphenol-a,5,P49759-3,6.464
bisphenol-a,6,Q13627-4,6.445
bisphenol-a,7,Q13627-3,6.444
bisphenol-a,8,Q13627-5,6.442
bisphenol-a,9,Q13627,6.434
bisphenol-a,10,Q13627-2,6.424
bithionol,1,O76039,6.382
bithionol,2,O76039-1,6.378
bithionol,3,Q9UPZ9-2,6.173
bithionol,4,Q9H2K8,6.145
bithionol,5,Q9UPZ9,6.089
bithionol,6,P15056,5.937
bithionol,7,Q7L7X3,5.932
bithionol,8,P50613,5.93
bithionol,9,Q9Y463,5.93
bithionol,10,Q7L7X3-3,5.929
brazilin,1,Q9UQ07-3,7.418
brazilin,2,P49761-2,7.34
brazilin,3,Q96Q11-3,7.312
brazilin,4,P11362-17,7.256
brazilin,5,O43283-6,7.193
brazilin,6,P49759-2,7.19
brazilin,7,P35558-2,7.173
brazilin,8,P37173-3,7.151
brazilin,9,Q16854-6,7.144
brazilin,10,Q9HBH9-2,7.122
brimonidine,1,O43353,6.285
brimonidine,2,O43353-2,6.179
brimonidine,3,P42345,6.1
brimonidine,4,O00238,6.056
brimonidine,5,P12931,6.049
brimonidine,6,O43283-6,6.044
brimonidine,7,P11362-15,6.042
brimonidine,8,O00238-2,6.042
brimonidine,9,P48736,6.039
brimonidine,10,P11362-17,5.999
brivanib,1,P17948,8.035
brivanib,2,P35968,7.981
brivanib,3,P16234,7.654
brivanib,4,P16234-3,7.537
brivanib,5,P09619,7.455
brivanib,6,P35916,7.201
brivanib,7,P35916-1,7.201
brivanib,8,Q08345-5,7.032
brivanib,9,Q08345-2,7.009
brivanib,10,Q08345,6.994
bromfenac,1,P36888-2,6.415
bromfenac,2,Q9UQ07-3,6.383
bromfenac,3,O43283-6,6.361
bromfenac,4,Q96Q11-3,6.323
bromfenac,5,P35558-2,6.321
bromfenac,6,P36888,6.32
bromfenac,7,Q13627-3,6.258
bromfenac,8,Q56UN5,6.254
bromfenac,9,Q13627-4,6.254
bromfenac,10,Q13627-5,6.254
bromocriptine,1,P36888-2,8.593
bromocriptine,2,P36888,8.533
bromocriptine,3,Q56UN5,8.222
bromocriptine,4,O00444,7.99
bromocriptine,5,O00444-3,7.954
bromocriptine,6,O00444-2,7.724
bromocriptine,7,O43283-6,7.696
bromocriptine,8,Q9H093,7.68
bromocriptine,9,O60674,7.596
bromocriptine,10,Q56UN5-3,7.546
brucine,1,Q56UN5,7.659
brucine,2,P36888-2,7.616
brucine,3,P36888,7.479
brucine,4,O00444,7.434
brucine,5,O00444-3,7.432
brucine,6,Q16620-2,7.298
brucine,7,Q16620-5,7.277
brucine,8,Q16620-3,7.276
brucine,9,O00444-2,7.272
brucine,10,Q16620-7,7.255
budesonide,1,Q56UN5,7.928
budesonide,2,O43283-6,7.805
budesonide,3,Q96Q11-3,7.774
budesonide,4,Q9UQ07-3,7.686
budesonide,5,P37173-3,7.667
budesonide,6,P35558-2,7.602
budesonide,7,P11362-17,7.595
budesonide,8,Q6ZMQ8-2,7.553
budesonide,9,O43283-3,7.528
budesonide,10,P36888-2,7.514
bufalin,1,O43283-6,7.95
bufalin,2,Q96Q11-3,7.888
bufalin,3,Q9UQ07-3,7.883
bufalin,4,Q56UN5,7.846
bufalin,5,P11362-17,7.828
bufalin,6,Q6ZMQ8-2,7.798
bufalin,7,P35558-2,7.772
bufalin,8,P37173-3,7.769
bufalin,9,P36888-2,7.706
bufalin,10,O00444-3,7.687
bulleyaconitine-a,1,P36888-2,8.246
bulleyaconitine-a,2,P36888,8.168
bulleyaconitine-a,3,Q56UN5,8.131
bulleyaconitine-a,4,O43283-6,7.854
bulleyaconitine-a,5,Q96Q11-3,7.765
bulleyaconitine-a,6,Q9UQ07-3,7.709
bulleyaconitine-a,7,Q9H093,7.702
bulleyaconitine-a,8,P04629-3,7.696
bulleyaconitine-a,9,P37173-3,7.671
bulleyaconitine-a,10,P35558-2,7.654
bupropion,1,P36888,6.821
bupropion,2,P36888-2,6.81
bupropion,3,O60674,6.704
bupropion,4,P52333,6.533
bupropion,5,P52333-2,6.533
bupropion,6,Q9H093,6.409
bupropion,7,Q56UN5,6.307
bupropion,8,P23458,6.263
bupropion,9,Q16816,6.256
bupropion,10,Q13163-4,6.242
buspirone,1,Q56UN5,7.248
buspirone,2,O60674,7.139
buspirone,3,P36888-2,7.131
buspirone,4,P09619,7.068
buspirone,5,P07333,7.04
buspirone,6,P36888,7.04
buspirone,7,P52333,7.011
buspirone,8,P52333-2,7.011
buspirone,9,Q08345-5,6.976
buspirone,10,Q08345,6.963
butoconazole,1,P07333,6.198
butoconazole,2,P52333,6.056
butoconazole,3,P52333-2,6.056
butoconazole,4,P49759,6.027
butoconazole,5,P49760,6.017
butoconazole,6,P50613,6.017
butoconazole,7,P49760-3,6.016
butoconazole,8,P49759-3,6.006
butoconazole,9,Q9HAZ1,5.983
butoconazole,10,Q8TD08,5.981
byssochlamic-acid,1,Q56UN5,7.296
byssochlamic-acid,2,Q02156,7.149
byssochlamic-acid,3,Q96Q11-3,6.853
byssochlamic-acid,4,P49760,6.852
byssochlamic-acid,5,P49760-3,6.852
byssochlamic-acid,6,O43283-6,6.833
byssochlamic-acid,7,P37173-3,6.788
byssochlamic-acid,8,Q15772-4,6.758
byssochlamic-acid,9,Q9UQ07-3,6.756
byssochlamic-acid,10,O96017-10,6.747
cabergoline,1,P36888-2,7.421
cabergoline,2,P36888,7.353
cabergoline,3,Q56UN5,7.278
cabergoline,4,P09619,7.084
cabergoline,5,P52333,7.038
cabergoline,6,P52333-2,7.038
cabergoline,7,P17948,6.974
cabergoline,8,Q9H093,6.93
cabergoline,9,P16234,6.922
cabergoline,10,Q9UQB9-3,6.919
caffeic-acid,1,Q9Y463,6.629
caffeic-acid,2,Q9Y463-3,6.541
caffeic-acid,3,Q13627,6.528
caffeic-acid,4,Q13627-3,6.528
caffeic-acid,5,Q32MK0,6.526
caffeic-acid,6,Q13627-5,6.525
caffeic-acid,7,Q13627-4,6.523
caffeic-acid,8,Q13627-2,6.52
caffeic-acid,9,P35558-2,6.511
caffeic-acid,10,Q32MK0-4,6.509
caffeine,1,Q02156,5.93
caffeine,2,Q15746-2,5.746
caffeine,3,Q15746-4,5.746
caffeine,4,P11362-15,5.74
caffeine,5,Q15746,5.734
caffeine,6,Q15746-3,5.734
caffeine,7,Q15746-5,5.734
caffeine,8,Q15746-6,5.734
caffeine,9,P49760,5.731
caffeine,10,P49760-3,5.73
calcifediol,1,Q56UN5,7.882
calcifediol,2,O43283-6,7.705
calcifediol,3,Q9H093,7.691
calcifediol,4,Q96Q11-3,7.686
calcifediol,5,Q9UQ07-3,7.668
calcifediol,6,P36888-2,7.653
calcifediol,7,P37173-3,7.649
calcifediol,8,P35558-2,7.635
calcifediol,9,P36888,7.602
calcifediol,10,O00444-2,7.593
calmidazolium,1,P07333,6.81
calmidazolium,2,Q16288-3,6.305
calmidazolium,3,P36888,6.3
calmidazolium,4,P36888-2,6.296
calmidazolium,5,Q16288,6.295
calmidazolium,6,Q16288-4,6.29
calmidazolium,7,Q16288-5,6.289
calmidazolium,8,Q16620-6,6.286
calmidazolium,9,Q16288-2,6.262
calmidazolium,10,Q16620,6.23
calpeptin,1,P36888,6.675
calpeptin,2,P36888-2,6.571
calpeptin,3,P49760-3,6.428
calpeptin,4,P49760,6.426
calpeptin,5,Q9NSY1-3,6.399
calpeptin,6,Q9NSY1-2,6.394
calpeptin,7,Q13627-3,6.354
calpeptin,8,Q13627-4,6.354
calpeptin,9,Q13627-5,6.338
calpeptin,10,P49759,6.337
calycanthine,1,P36888-2,7.978
calycanthine,2,Q56UN5,7.769
calycanthine,3,P36888,7.719
calycanthine,4,O43283-6,7.561
calycanthine,5,O00444,7.468
calycanthine,6,O00444-3,7.451
calycanthine,7,Q9UQ07-3,7.383
calycanthine,8,Q96Q11-3,7.364
calycanthine,9,P11362-15,7.336
calycanthine,10,P35558-2,7.334
carbacyclin,1,P49760,7.326
carbacyclin,2,P49760-3,7.325
carbacyclin,3,P49759,7.187
carbacyclin,4,Q13627-4,7.18
carbacyclin,5,Q13627-3,7.175
carbacyclin,6,P49759-3,7.174
carbacyclin,7,Q13627,7.168
carbacyclin,8,Q13627-2,7.161
carbacyclin,9,Q13627-5,7.161
carbacyclin,10,Q9NSY1-3,7.118
carbamazepine,1,Q56UN5,7.185
carbamazepine,2,O43283-6,6.929
carbamazepine,3,P11362-15,6.825
carbamazepine,4,P11362-17,6.788
carbamazepine,5,Q96Q11-3,6.757
carbamazepine,6,O96017-10,6.745
carbamazepine,7,P35558-2,6.729
carbamazepine,8,Q9UQ07-3,6.727
carbamazepine,9,Q6ZMQ8-2,6.709
carbamazepine,10,O75417-2,6.701
carbenoxolone,1,P36888-2,8.625
carbenoxolone,2,P36888,8.438
carbenoxolone,3,O00444-3,8.143
carbenoxolone,4,O00444,8.139
carbenoxolone,5,Q56UN5,7.995
carbenoxolone,6,O43283-6,7.955
carbenoxolone,7,Q16620-5,7.936
carbenoxolone,8,Q16620-3,7.926
carbenoxolone,9,Q16620-2,7.921
carbenoxolone,10,P04629-3,7.886
carbinoxamine,1,P07333,6.282
carbinoxamine,2,Q9UQB9,6.23
carbinoxamine,3,Q9UQB9-2,6.226
carbinoxamine,4,Q9UQB9-3,6.225
carbinoxamine,5,P17948,6.186
carbinoxamine,6,P52333,6.153
carbinoxamine,7,P52333-2,6.153
carbinoxamine,8,P36888-2,6.125
carbinoxamine,9,Q96GD4,6.123
carbinoxamine,10,Q96GD4-4,6.123
carbofuran,1,P36888-2,7.718
carbofuran,2,P36888,7.659
carbofuran,3,Q56UN5,7.363
carbofuran,4,O00444-3,7.271
carbofuran,5,O43283-6,7.232
carbofuran,6,O00444,7.194
carbofuran,7,P09619,7.166
carbofuran,8,Q9H2G2,7.093
carbofuran,9,Q96Q11-3,7.072
carbofuran,10,Q16620-5,7.069
carvedilol,1,P36888-2,7.156
carvedilol,2,P36888,7.067
carvedilol,3,P17948,6.93
carvedilol,4,Q56UN5,6.855
carvedilol,5,P07333,6.838
carvedilol,6,Q9NSY1-3,6.771
carvedilol,7,Q9HAZ1,6.767
carvedilol,8,Q9NSY1-2,6.758
carvedilol,9,P35968,6.742
carvedilol,10,P49759,6.734
cefdinir,1,Q56UN5,6.897
cefdinir,2,O43283-6,6.713
cefdinir,3,Q96Q11-3,6.59
cefdinir,4,P52333,6.579
cefdinir,5,P52333-2,6.579
cefdinir,6,Q9H093,6.554
cefdinir,7,Q8N4C8,6.539
cefdinir,8,P36888,6.522
cefdinir,9,P35558-2,6.496
cefdinir,10,O43283-3,6.465
ceforanide,1,P49841,6.737
ceforanide,2,P36888,6.736
ceforanide,3,P49841-2,6.703
ceforanide,4,Q00536,6.675
ceforanide,5,Q00536-3,6.675
ceforanide,6,Q00536-2,6.638
ceforanide,7,Q13627-4,6.63
ceforanide,8,Q9UQB9-3,6.629
ceforanide,9,Q13627-3,6.627
ceforanide,10,Q9UQB9,6.623
celecoxib,1,Q08345,7.002
celecoxib,2,Q08345-6,6.992
celecoxib,3,Q08345-2,6.991
celecoxib,4,Q08345-5,6.95
celecoxib,5,P15056,6.711
celecoxib,6,Q08345-4,6.655
celecoxib,7,P35590-2,6.587
celecoxib,8,O94804,6.564
celecoxib,9,P35590-3,6.54
celecoxib,10,P10398,6.519
cephalotaxine,1,P36888-2,7.824
cephalotaxine,2,Q56UN5,7.801
cephalotaxine,3,P36888,7.746
cephalotaxine,4,O00444-3,7.516
cephalotaxine,5,O00444,7.505
cephalotaxine,6,Q16620-2,7.474
cephalotaxine,7,Q16620-7,7.459
cephalotaxine,8,Q16620-5,7.448
cephalotaxine,9,Q16620-3,7.446
cephalotaxine,10,O60674,7.435
ceramide,1,P49760,7.155
ceramide,2,P49760-3,7.154
ceramide,3,Q13627-4,7.117
ceramide,4,Q13627-3,7.113
ceramide,5,Q13627-5,7.1
ceramide,6,Q13627,7.098
ceramide,7,Q13627-2,7.093
ceramide,8,P49759,7.084
ceramide,9,P49759-3,7.062
ceramide,10,Q9NSY1-3,7.056
cercosporin,1,Q13627,7.606
cercosporin,2,Q13627-2,7.6
cercosporin,3,Q13627-4,7.595
cercosporin,4,Q13627-3,7.593
cercosporin,5,Q13627-5,7.576
cercosporin,6,P49760-3,7.555
cercosporin,7,P49760,7.551
cercosporin,8,P49759,7.337
cercosporin,9,Q56UN5,7.336
cercosporin,10,P49759-3,7.321
cerivastatin,1,Q56UN5,7.119
cerivastatin,2,Q9UKE5-6,7.013
cerivastatin,3,Q9UKE5-2,7.012
cerivastatin,4,Q9UKE5-4,7.005
cerivastatin,5,Q9UKE5,7.004
cerivastatin,6,Q9UKE5-7,6.958
cerivastatin,7,Q9UKE5-3,6.954
cerivastatin,8,Q9UKE5-8,6.922
cerivastatin,9,Q9UKE5-5,6.917
cerivastatin,10,O95819-3,6.868
cetirizine,1,P36888-2,7.166
cetirizine,2,P36888,7.093
cetirizine,3,P07333,6.944
cetirizine,4,Q56UN5,6.895
cetirizine,5,P09619,6.893
cetirizine,6,Q13163,6.831
cetirizine,7,Q13163-3,6.819
cetirizine,8,Q13163-2,6.812
cetirizine,9,Q13163-4,6.674
cetirizine,10,P04629-3,6.616
chaetocin,1,P36888-2,8.467
chaetocin,2,Q56UN5,8.337
chaetocin,3,P36888,8.278
chaetocin,4,O43283-6,8.128
chaetocin,5,Q96Q11-3,7.995
chaetocin,6,Q9UQ07-3,7.977
chaetocin,7,Q6ZMQ8-2,7.964
chaetocin,8,O00444-3,7.91
chaetocin,9,P35558-2,7.902
chaetocin,10,O00444,7.898
chelidonine,1,Q56UN5,7.183
chelidonine,2,P49760,6.971
chelidonine,3,P49760-3,6.971
chelidonine,4,O14976,6.858
chelidonine,5,P49759,6.812
chelidonine,6,P49759-3,6.788
chelidonine,7,Q13627-4,6.774
chelidonine,8,Q13627-3,6.771
chelidonine,9,P11362-15,6.763
chelidonine,10,Q13627,6.749
chloroquine,1,Q13163,6.669
chloroquine,2,Q13163-4,6.624
chloroquine,3,Q13163-3,6.595
chloroquine,4,Q13163-2,6.594
chloroquine,5,Q56UN5,6.399
chloroquine,6,Q02750,6.367
chloroquine,7,P36507,6.308
chloroquine,8,O43353,6.255
chloroquine,9,P09619,6.2
chloroquine,10,P16234-3,6.141
cholic-acid,1,P36888-2,7.522
cholic-acid,2,O43283-6,7.425
cholic-acid,3,P36888,7.423
cholic-acid,4,Q9UQ07-3,7.393
cholic-acid,5,Q56UN5,7.382
cholic-acid,6,Q96Q11-3,7.374
cholic-acid,7,O00444-3,7.329
cholic-acid,8,P37173-3,7.323
cholic-acid,9,Q15772-4,7.32
cholic-acid,10,P35558-2,7.286
ciclacillin,1,Q56UN5,7.617
ciclacillin,2,P36888-2,7.487
ciclacillin,3,P36888,7.464
ciclacillin,4,Q9UQ07-3,7.464
ciclacillin,5,Q96Q11-3,7.46
ciclacillin,6,O43283-6,7.444
ciclacillin,7,Q6ZMQ8-2,7.426
ciclacillin,8,P37173-3,7.399
ciclacillin,9,P11362-17,7.388
ciclacillin,10,P35558-2,7.363
cilomilast,1,Q56UN5,8.034
cilomilast,2,Q16620-5,7.711
cilomilast,3,Q16620-2,7.702
cilomilast,4,Q16620-3,7.699
cilomilast,5,Q16620-6,7.624
cilomilast,6,Q16620-7,7.615
cilomilast,7,O43283-6,7.6
cilomilast,8,Q16620,7.554
cilomilast,9,Q16620-4,7.553
cilomilast,10,Q16288-2,7.545
cilostazol,1,P36888-2,7.664
cilostazol,2,P36888,7.658
cilostazol,3,P07333,7.202
cilostazol,4,P09619,7.086
cilostazol,5,Q56UN5,7.034
cilostazol,6,P07949,6.828
cilostazol,7,P07949-2,6.828
cilostazol,8,P17948,6.814
cilostazol,9,Q9NSY1-3,6.813
cilostazol,10,P10721-2,6.805
cinacalcet,1,Q56UN5,6.867
cinacalcet,2,P07333,6.63
cinacalcet,3,P36888-2,6.6
cinacalcet,4,Q8NE63,6.585
cinacalcet,5,P16234-3,6.508
cinacalcet,6,P36888,6.477
cinacalcet,7,P17948,6.402
cinacalcet,8,P35968,6.283
cinacalcet,9,O43283-6,6.231
cinacalcet,10,P17948-2,6.23
cinalukast,1,P36888,7.743
cinalukast,2,P36888-2,7.695
cinalukast,3,Q56UN5,7.446
cinalukast,4,P09619,6.996
cinalukast,5,Q9UQB9-2,6.845
cinalukast,6,Q9UQB9,6.842
cinalukast,7,Q9UQB9-3,6.834
cinalukast,8,Q96GD4-4,6.822
cinalukast,9,Q96GD4,6.815
cinalukast,10,P07949,6.812
cinanserin,1,Q9UQB9-2,6.958
cinanserin,2,Q9UQB9,6.947
cinanserin,3,Q9UQB9-3,6.944
cinanserin,4,Q96GD4-2,6.855
cinanserin,5,Q96GD4-4,6.841
cinanserin,6,Q96GD4,6.834
cinanserin,7,Q96GD4-5,6.828
cinanserin,8,Q56UN5,6.817
cinanserin,9,Q9UKE5-6,6.662
cinanserin,10,Q9UKE5-2,6.661
cinnarizine,1,P36888-2,6.984
cinnarizine,2,Q9NSY1-3,6.984
cinnarizine,3,Q9NSY1,6.964
cinnarizine,4,Q9NSY1-2,6.937
cinnarizine,5,Q56UN5,6.923
cinnarizine,6,P36888,6.908
cinnarizine,7,P07333,6.8
cinnarizine,8,O14976,6.795
cinnarizine,9,P09619,6.759
cinnarizine,10,O00444-3,6.759
cisapride,1,P36888,7.101
cisapride,2,P07333,7.035
cisapride,3,P36888-2,7.022
cisapride,4,Q16620-6,6.707
cisapride,5,P09619,6.666
cisapride,6,Q16620-4,6.664
cisapride,7,Q16620,6.646
cisapride,8,P16234,6.604
cisapride,9,Q16620-2,6.563
cisapride,10,Q16288-3,6.538
citalopram,1,Q56UN5,8.085
citalopram,2,O43283-6,7.569
citalopram,3,O75417-2,7.362
citalopram,4,P36888-2,7.247
citalopram,5,Q96Q11-3,7.236
citalopram,6,O94804,7.172
citalopram,7,O43283-3,7.171
citalopram,8,P49759-2,7.168
citalopram,9,P35558-2,7.165
citalopram,10,Q9UQ07-3,7.122
cladribine,1,O60674,6.552
cladribine,2,P29597,6.544
cladribine,3,P52333,6.515
cladribine,4,P52333-2,6.515
cladribine,5,P52333-4,6.262
cladribine,6,P23458,6.258
cladribine,7,P49760,6.228
cladribine,8,P49760-3,6.224
cladribine,9,Q56UN5,6.193
cladribine,10,O43283-6,6.129
clemastine,1,Q56UN5,6.921
clemastine,2,P36888-2,6.867
clemastine,3,P36888,6.702
clemastine,4,P30530-2,6.551
clemastine,5,P30530,6.537
clemastine,6,P07949,6.484
clemastine,7,P07949-2,6.484
clemastine,8,Q08345-5,6.435
clemastine,9,Q13163,6.429
clemastine,10,Q13163-3,6.407
clofarabine,1,P49760,6.354
clofarabine,2,P49760-3,6.353
clofarabine,3,Q56UN5,6.236
clofarabine,4,P49759,6.155
clofarabine,5,P49759-3,6.154
clofarabine,6,P29597,6.145
clofarabine,7,O14976,6.119
clofarabine,8,Q56UN5-3,6.056
clofarabine,9,Q02156,6.021
clofarabine,10,P52333-4,5.991
clofibric-acid,1,P36888-2,6.471
clofibric-acid,2,Q56UN5,6.408
clofibric-acid,3,P36888,6.406
clofibric-acid,4,O43318-2,6.326
clofibric-acid,5,P49759,6.289
clofibric-acid,6,O43318-4,6.286
clofibric-acid,7,O43318,6.282
clofibric-acid,8,P49759-3,6.26
clofibric-acid,9,O43318-3,6.229
clofibric-acid,10,Q8TD08,6.222
clomifene,1,Q56UN5,7.293
clomifene,2,Q13163,7.144
clomifene,3,Q13163-2,7.114
clomifene,4,Q13163-3,7.113
clomifene,5,Q13163-4,7.09
clomifene,6,P36888-2,6.807
clomifene,7,P07333,6.747
clomifene,8,O43283-6,6.65
clomifene,9,Q02750,6.645
clomifene,10,O75417-2,6.613
clomipramine,1,Q13163,6.383
clomipramine,2,O14976,6.325
clomipramine,3,Q13163-4,6.32
clomipramine,4,Q56UN5,6.302
clomipramine,5,Q13163-3,6.295
clomipramine,6,Q13163-2,6.291
clomipramine,7,P07333,6.259
clomipramine,8,P49674,6.223
clomipramine,9,P49759,6.124
clomipramine,10,P49759-3,6.096
colforsin,1,Q56UN5,8.011
colforsin,2,O43283-6,8.005
colforsin,3,Q96Q11-3,7.937
colforsin,4,Q9UQ07-3,7.92
colforsin,5,P36888-2,7.911
colforsin,6,P35558-2,7.834
colforsin,7,P37173-3,7.825
colforsin,8,P11362-17,7.822
colforsin,9,P36888,7.82
colforsin,10,Q6ZMQ8-2,7.795
crizotinib,1,P08581,8.691
crizotinib,2,P08581-2,8.675
crizotinib,3,P08581-3,8.47
crizotinib,4,Q12866,8.238
crizotinib,5,P08922,7.979
crizotinib,6,P30530,7.91
crizotinib,7,P30530-2,7.855
crizotinib,8,P29376,7.76
crizotinib,9,P29376-4,7.602
crizotinib,10,Q9H2G2-2,7.567
cromoglicic-acid,1,P36888,7.283
cromoglicic-acid,2,P36888-2,7.183
cromoglicic-acid,3,Q13627,7.031
cromoglicic-acid,4,Q13627-2,7.025
cromoglicic-acid,5,Q13627-3,7.024
cromoglicic-acid,6,Q13627-5,7.023
cromoglicic-acid,7,Q13627-4,7.022
cromoglicic-acid,8,P49760-3,6.962
cromoglicic-acid,9,P49760,6.96
cromoglicic-acid,10,Q9Y463,6.839
crotamiton,1,Q56UN5,7.276
crotamiton,2,Q9UKE5-6,6.91
crotamiton,3,Q9UKE5-2,6.908
crotamiton,4,Q9UKE5,6.897
crotamiton,5,Q9UKE5-4,6.896
crotamiton,6,Q9UKE5-3,6.849
crotamiton,7,Q9UKE5-7,6.848
crotamiton,8,Q8N4C8-4,6.847
crotamiton,9,Q9UKE5-5,6.845
crotamiton,10,Q8N4C8,6.842
curcumin,1,P00533,6.64
curcumin,2,Q8N4C8,6.623
curcumin,3,Q8N4C8-4,6.613
curcumin,4,Q56UN5,6.609
curcumin,5,Q9UKE5,6.608
curcumin,6,Q9UKE5-4,6.605
curcumin,7,Q9UKE5-2,6.596
curcumin,8,Q9UKE5-6,6.596
curcumin,9,Q8N4C8-3,6.586
curcumin,10,Q8N4C8-2,6.577
cyanopindolol,1,Q56UN5,7.626
cyanopindolol,2,O60674,7.352
cyanopindolol,3,P52333,7.154
cyanopindolol,4,P52333-2,7.154
cyanopindolol,5,O43283-6,6.939
cyanopindolol,6,O75417-2,6.861
cyanopindolol,7,O43318-2,6.856
cyanopindolol,8,P49760,6.854
cyanopindolol,9,P49760-3,6.851
cyanopindolol,10,O43318,6.793
cyclazosin,1,Q56UN5,7.823
cyclazosin,2,Q13163-2,7.338
cyclazosin,3,Q13163,7.337
cyclazosin,4,Q13163-3,7.334
cyclazosin,5,Q16620-2,7.332
cyclazosin,6,Q16620-3,7.3
cyclazosin,7,Q16620-5,7.29
cyclazosin,8,P36888-2,7.272
cyclazosin,9,P04629-3,7.241
cyclazosin,10,P36888,7.21
cycloheximide,1,Q56UN5,7.395
cycloheximide,2,Q02156,7.047
cycloheximide,3,P49760,6.992
cycloheximide,4,P49760-3,6.992
cycloheximide,5,Q96Q11-3,6.958
cycloheximide,6,Q9UQ07-3,6.905
cycloheximide,7,O96017-10,6.885
cycloheximide,8,O43283-6,6.877
cycloheximide,9,P37173-3,6.822
cycloheximide,10,P11362-17,6.764
cyclopamine,1,Q56UN5,8.391
cyclopamine,2,O43283-6,8.157
cyclopamine,3,Q9UQ07-3,8.047
cyclopamine,4,Q96Q11-3,8.015
cyclopamine,5,Q6ZMQ8-2,7.976
cyclopamine,6,P11362-17,7.941
cyclopamine,7,P37173-3,7.91
cyclopamine,8,P35558-2,7.856
cyclopamine,9,O43283-3,7.833
cyclopamine,10,O75417-2,7.832
cyclophosphamide,1,Q56UN5,6.523
cyclophosphamide,2,O43283-6,6.499
cyclophosphamide,3,O96017-10,6.42
cyclophosphamide,4,P49760,6.4
cyclophosphamide,5,P35558-2,6.399
cyclophosphamide,6,Q9UQ07-3,6.398
cyclophosphamide,7,P49760-3,6.397
cyclophosphamide,8,P49759,6.371
cyclophosphamide,9,P49759-3,6.365
cyclophosphamide,10,Q96Q11-3,6.328
cyclopiazonic-acid,1,Q56UN5,7.621
cyclopiazonic-acid,2,P36888-2,7.615
cyclopiazonic-acid,3,P36888,7.501
cyclopiazonic-acid,4,O60674,7.462
cyclopiazonic-acid,5,P52333,7.459
cyclopiazonic-acid,6,P52333-2,7.459
cyclopiazonic-acid,7,O43283-6,7.445
cyclopiazonic-acid,8,O00444-3,7.372
cyclopiazonic-acid,9,Q9UQ07-3,7.348
cyclopiazonic-acid,10,Q96Q11-3,7.28
cycloserine,1,P49760,6.673
cycloserine,2,P49760-3,6.67
cycloserine,3,Q13627,6.508
cycloserine,4,Q13627-4,6.507
cycloserine,5,Q13627-2,6.504
cycloserine,6,Q13627-3,6.503
cycloserine,7,Q13627-5,6.484
cycloserine,8,P49759,6.363
cycloserine,9,P49759-3,6.349
cycloserine,10,Q9HAZ1,6.283
cyclosporin-a,1,Q02156,7.241
cyclosporin-a,2,P49760-3,7.186
cyclosporin-a,3,P49760,7.185
cyclosporin-a,4,Q56UN5,7.067
cyclosporin-a,5,P49759-3,7.038
cyclosporin-a,6,P49759,7.033
cyclosporin-a,7,P53350,7.019
cyclosporin-a,8,Q8N5S9-2,6.888
cyclosporin-a,9,Q15746,6.861
cyclosporin-a,10,Q15746-2,6.861
cyproterone,1,Q9UQ07-3,7.963
cyproterone,2,O43283-6,7.956
cyproterone,3,Q96Q11-3,7.947
cyproterone,4,P11362-17,7.93
cyproterone,5,Q56UN5,7.915
cyproterone,6,Q6ZMQ8-2,7.862
cyproterone,7,P49761-2,7.797
cyproterone,8,P37173-3,7.789
cyproterone,9,P35558-2,7.773
cyproterone,10,P49759-2,7.691
cytarabine,1,P49760,6.782
cytarabine,2,P49760-3,6.782
cytarabine,3,P49759,6.638
cytarabine,4,P49759-3,6.621
cytarabine,5,Q13627-4,6.579
cytarabine,6,Q13627-3,6.578
cytarabine,7,Q13627,6.569
cytarabine,8,Q13627-5,6.565
cytarabine,9,Q13627-2,6.561
cytarabine,10,P29597,6.448
cytochalasin-d,1,Q56UN5,8.581
cytochalasin-d,2,Q9UQ07-3,8.132
cytochalasin-d,3,Q96Q11-3,8.114
cytochalasin-d,4,O43283-6,8.083
cytochalasin-d,5,P36888,8.043
cytochalasin-d,6,P37173-3,8.027
cytochalasin-d,7,P36888-2,8.016
cytochalasin-d,8,P35558-2,7.972
cytochalasin-d,9,Q9H093,7.955
cytochalasin-d,10,Q6ZMQ8-2,7.951
cytosporone-b,1,P49760-3,6.153
cytosporone-b,2,P49760,6.152
cytosporone-b,3,P49759,6.14
cytosporone-b,4,P49759-3,6.127
cytosporone-b,5,P07333,6.051
cytosporone-b,6,Q9Y463,6.042
cytosporone-b,7,Q13627-4,6.015
cytosporone-b,8,Q13627-3,6.014
cytosporone-b,9,Q13627-5,6.007
cytosporone-b,10,Q9Y463-3,6.005
danazol,1,Q56UN5,8.176
danazol,2,O43283-6,7.995
danazol,3,Q6ZMQ8-2,7.935
danazol,4,Q9UQ07-3,7.93
danazol,5,P11362-17,7.866
danazol,6,Q96Q11-3,7.848
danazol,7,P37173-3,7.804
danazol,8,P35558-2,7.784
danazol,9,P49761-2,7.778
danazol,10,O43283-3,7.745
dantrolene,1,Q56UN5,7.092
dantrolene,2,Q96Q11-3,6.985
dantrolene,3,O43283-6,6.932
dantrolene,4,Q9UQ07-3,6.919
dantrolene,5,O96017-10,6.836
dantrolene,6,Q9UEE5,6.826
dantrolene,7,P11362-17,6.814
dantrolene,8,O75460-2,6.793
dantrolene,9,P35558-2,6.789
dantrolene,10,P37173-3,6.768
dantron,1,Q13627-3,6.906
dantron,2,Q13627-4,6.902
dantron,3,Q13627-5,6.9
dantron,4,Q13627,6.891
dantron,5,Q13627-2,6.886
dantron,6,P49760,6.872
dantron,7,P49760-3,6.872
dantron,8,P49759,6.787
dantron,9,P49759-3,6.763
dantron,10,Q9Y463,6.725
darinaparsin,1,P49760-3,6.924
darinaparsin,2,P49760,6.923
darinaparsin,3,P49759,6.701
darinaparsin,4,P49759-3,6.678
darinaparsin,5,Q9HAZ1,6.531
darinaparsin,6,Q13627-4,6.492
darinaparsin,7,Q13627-3,6.488
darinaparsin,8,Q13627,6.486
darinaparsin,9,Q13627-2,6.482
darinaparsin,10,Q13627-5,6.469
dasatinib,1,P06239,9.685
dasatinib,2,P06239-3,9.608
dasatinib,3,P07948,9.454
dasatinib,4,P12931,9.445
dasatinib,5,P00519-2,9.445
dasatinib,6,P42684,9.443
dasatinib,7,P07948-2,9.44
dasatinib,8,P42684-5,9.439
dasatinib,9,P42684-10,9.438
dasatinib,10,P42684-3,9.438
decitabine,1,O60674,6.515
decitabine,2,P52333,6.473
decitabine,3,P52333-2,6.473
decitabine,4,P29597,6.35
decitabine,5,P49760,6.323
decitabine,6,P49760-3,6.321
decitabine,7,P52333-4,6.256
decitabine,8,P11362-15,6.237
decitabine,9,O43283-6,6.185
decitabine,10,P49759,6.177
deforolimus,1,Q56UN5,7.477
deforolimus,2,Q9UQ07-3,7.336
deforolimus,3,O43283-6,7.275
deforolimus,4,Q96Q11-3,7.198
deforolimus,5,P35558-2,7.193
deforolimus,6,Q8TD08,7.171
deforolimus,7,P52333-4,7.159
deforolimus,8,P37173-3,7.142
deforolimus,9,Q6ZMQ8-2,7.134
deforolimus,10,P11362-17,7.132
dephostatin,1,P49760,6.473
dephostatin,2,P49760-3,6.471
dephostatin,3,P49759,6.371
dephostatin,4,O75747-2,6.36
dephostatin,5,P49759-3,6.352
dephostatin,6,Q13627-3,6.315
dephostatin,7,Q13627-4,6.314
dephostatin,8,Q13627-5,6.31
dephostatin,9,Q13627,6.305
dephostatin,10,Q13627-2,6.303
desipramine,1,Q56UN5,6.969
desipramine,2,P16234-3,6.962
desipramine,3,P16234-2,6.872
desipramine,4,P17948-4,6.806
desipramine,5,Q08345-5,6.731
desipramine,6,P17948,6.708
desipramine,7,Q08345-2,6.707
desipramine,8,Q08345-6,6.702
desipramine,9,P16234,6.698
desipramine,10,P17948-2,6.698
desoxycortone,1,O43283-6,7.702
desoxycortone,2,Q56UN5,7.659
desoxycortone,3,Q9UQ07-3,7.617
desoxycortone,4,P11362-17,7.606
desoxycortone,5,Q96Q11-3,7.605
desoxycortone,6,Q6ZMQ8-2,7.545
desoxycortone,7,P36888-2,7.472
desoxycortone,8,P35558-2,7.466
desoxycortone,9,P37173-3,7.451
desoxycortone,10,P49761-2,7.412
desoxypeganine,1,P11362-15,6.501
desoxypeganine,2,Q56UN5,6.451
desoxypeganine,3,O00238,6.432
desoxypeganine,4,O00238-2,6.413
desoxypeganine,5,P07333,6.38
desoxypeganine,6,P09619,6.248
desoxypeganine,7,O43283-6,6.236
desoxypeganine,8,P36888-2,6.193
desoxypeganine,9,P16234-2,6.182
desoxypeganine,10,P09619-2,6.181
dexamethasone,1,Q96Q11-3,7.986
dexamethasone,2,Q9UQ07-3,7.959
dexamethasone,3,O43283-6,7.874
dexamethasone,4,P11362-17,7.866
dexamethasone,5,Q56UN5,7.836
dexamethasone,6,P37173-3,7.812
dexamethasone,7,P49761-2,7.773
dexamethasone,8,P35558-2,7.758
dexamethasone,9,P49759-2,7.709
dexamethasone,10,Q6ZMQ8-2,7.707
dexchlorpheniramine,1,P07333,6.248
dexchlorpheniramine,2,P52333,6.188
dexchlorpheniramine,3,P52333-2,6.188
dexchlorpheniramine,4,P52333-4,6.066
dexchlorpheniramine,5,P23458,6.045
dexchlorpheniramine,6,O60674,6.015
dexchlorpheniramine,7,P17948,5.979
dexchlorpheniramine,8,P49759,5.974
dexchlorpheniramine,9,Q13470-2,5.966
dexchlorpheniramine,10,P29597,5.955
diclofenac,1,P50613,6.22
diclofenac,2,Q8TD08,6.078
diclofenac,3,Q8TD08-2,6.049
diclofenac,4,Q13163-4,5.997
diclofenac,5,O76039,5.989
diclofenac,6,O76039-1,5.988
diclofenac,7,P07333,5.982
diclofenac,8,P50750,5.961
diclofenac,9,P50750-2,5.95
diclofenac,10,Q8TD08-3,5.908
dicyclohexylurea,1,Q8TD08,6.873
dicyclohexylurea,2,Q8TD08-3,6.602
dicyclohexylurea,3,Q8TD08-2,6.581
dicyclohexylurea,4,P50613,6.457
dicyclohexylurea,5,P36888,6.442
dicyclohexylurea,6,P50750,6.414
dicyclohexylurea,7,Q8IZL9,6.405
dicyclohexylurea,8,P50750-2,6.375
dicyclohexylurea,9,P36888-2,6.372
dicyclohexylurea,10,Q9NYV4,6.371
dicycloverine,1,P36888-2,8.167
dicycloverine,2,P36888,7.957
dicycloverine,3,Q56UN5,7.64
dicycloverine,4,P30530-2,7.538
dicycloverine,5,P30530,7.527
dicycloverine,6,O00444,7.473
dicycloverine,7,O00444-3,7.423
dicycloverine,8,O43283-6,7.364
dicycloverine,9,Q12866,7.296
dicycloverine,10,O00444-2,7.24
dienestrol,1,P49760,6.781
dienestrol,2,P49760-3,6.781
dienestrol,3,Q13627-3,6.683
dienestrol,4,Q13627-4,6.683
dienestrol,5,Q13627-5,6.674
dienestrol,6,Q13627,6.668
dienestrol,7,Q13627-2,6.661
dienestrol,8,Q9Y463,6.656
dienestrol,9,P49759,6.636
dienestrol,10,Q9Y463-3,6.617
diethylcarbamazine,1,Q56UN5,6.797
diethylcarbamazine,2,P36888-2,6.569
diethylcarbamazine,3,Q9NSY1-3,6.564
diethylcarbamazine,4,Q9NSY1,6.54
diethylcarbamazine,5,Q9NSY1-2,6.528
diethylcarbamazine,6,P36888,6.497
diethylcarbamazine,7,Q13163-3,6.302
diethylcarbamazine,8,Q13163-2,6.295
diethylcarbamazine,9,Q13163,6.294
diethylcarbamazine,10,P52333-4,6.232
digitoxin,1,Q8TD08,7.681
digitoxin,2,Q13627-4,7.653
digitoxin,3,Q13627-3,7.652
digitoxin,4,Q13627-5,7.629
digitoxin,5,Q13627,7.615
digitoxin,6,Q13627-2,7.605
digitoxin,7,P36888-2,7.501
digitoxin,8,P36888,7.456
digitoxin,9,Q9UQ07-3,7.436
digitoxin,10,Q56UN5,7.42
digoxigenin,1,Q96Q11-3,8.296
digoxigenin,2,Q9UQ07-3,8.284
digoxigenin,3,O43283-6,8.27
digoxigenin,4,P11362-17,8.238
digoxigenin,5,Q56UN5,8.231
digoxigenin,6,Q6ZMQ8-2,8.146
digoxigenin,7,P37173-3,8.119
digoxigenin,8,P49761-2,8.112
digoxigenin,9,P35558-2,8.094
digoxigenin,10,P49759-2,8.034
digoxin,1,Q8TD08,7.681
digoxin,2,Q13627-4,7.653
digoxin,3,Q13627-3,7.652
digoxin,4,Q13627-5,7.629
digoxin,5,Q13627,7.615
digoxin,6,Q13627-2,7.605
digoxin,7,P36888-2,7.501
digoxin,8,P36888,7.456
digoxin,9,Q9UQ07-3,7.436
digoxin,10,Q56UN5,7.42
dihydrodeoxygedunin,1,Q56UN5,8.157
dihydrodeoxygedunin,2,P36888-2,8.064
dihydrodeoxygedunin,3,P36888,7.933
dihydrodeoxygedunin,4,O43283-6,7.872
dihydrodeoxygedunin,5,O00444-3,7.781
dihydrodeoxygedunin,6,O00444,7.737
dihydrodeoxygedunin,7,Q6ZMQ8-2,7.703
dihydrodeoxygedunin,8,Q96Q11-3,7.663
dihydrodeoxygedunin,9,Q9UQ07-3,7.652
dihydrodeoxygedunin,10,P35558-2,7.637
diltiazem,1,Q56UN5,7.047
diltiazem,2,P36888-2,6.91
diltiazem,3,P49759,6.873
diltiazem,4,Q2M2I8,6.863
diltiazem,5,P49759-3,6.849
diltiazem,6,Q9NSY1-3,6.845
diltiazem,7,Q9NSY1-2,6.843
diltiazem,8,Q2M2I8-2,6.842
diltiazem,9,P36888,6.804
diltiazem,10,P49760-3,6.787
dinoprostone,1,Q13627-4,7.287
dinoprostone,2,Q13627-3,7.284
dinoprostone,3,Q13627,7.275
dinoprostone,4,Q13627-5,7.27
dinoprostone,5,P49760,7.268
dinoprostone,6,Q13627-2,7.268
dinoprostone,7,P49760-3,7.267
dinoprostone,8,P49759,7.227
dinoprostone,9,P49759-3,7.208
dinoprostone,10,Q9Y463,7.12
dioxybenzone,1,Q13627-3,6.329
dioxybenzone,2,Q13627-4,6.328
dioxybenzone,3,Q13627-5,6.324
dioxybenzone,4,P49759,6.322
dioxybenzone,5,Q13627,6.312
dioxybenzone,6,Q13627-2,6.305
dioxybenzone,7,P49759-3,6.297
dioxybenzone,8,Q9Y463,6.242
dioxybenzone,9,Q9Y463-3,6.24
dioxybenzone,10,Q16288-2,6.23
diphencyprone,1,Q13627-3,6.432
diphencyprone,2,Q13627-4,6.429
diphencyprone,3,Q13627-5,6.424
diphencyprone,4,Q13627,6.416
diphencyprone,5,Q13627-2,6.413
diphencyprone,6,P49759,6.38
diphencyprone,7,Q9HAZ1,6.378
diphencyprone,8,P49759-3,6.346
diphencyprone,9,P49760,6.313
diphencyprone,10,P49760-3,6.312
diphenidol,1,Q56UN5,7.076
diphenidol,2,P36888-2,6.804
diphenidol,3,P36888,6.732
diphenidol,4,Q13163,6.618
diphenidol,5,Q9NSY1-3,6.612
diphenidol,6,P49759,6.599
diphenidol,7,O43318-2,6.587
diphenidol,8,Q9NSY1,6.583
diphenidol,9,Q9NSY1-2,6.569
diphenidol,10,O43318-4,6.563
diphenyleneiodonium,1,P49759,6.284
diphenyleneiodonium,2,P49759-3,6.269
diphenyleneiodonium,3,Q9HAZ1,6.266
diphenyleneiodonium,4,P49760,6.253
diphenyleneiodonium,5,P49760-3,6.25
diphenyleneiodonium,6,Q13627-3,6.164
diphenyleneiodonium,7,Q13627-4,6.162
diphenyleneiodonium,8,Q13627-5,6.158
diphenyleneiodonium,9,Q13627,6.156
diphenyleneiodonium,10,Q13627-2,6.148
dipyridamole,1,Q08345-5,6.557
dipyridamole,2,Q08345-2,6.52
dipyridamole,3,Q08345,6.517
dipyridamole,4,Q08345-6,6.517
dipyridamole,5,P11362-15,6.403
dipyridamole,6,O00443,6.388
dipyridamole,7,P48736,6.338
dipyridamole,8,P07333,6.333
dipyridamole,9,O75747-2,6.304
dipyridamole,10,Q56UN5,6.285
disopyramide,1,O60674,6.916
disopyramide,2,Q56UN5,6.912
disopyramide,3,P52333,6.807
disopyramide,4,P52333-2,6.807
disopyramide,5,P52333-4,6.584
disopyramide,6,Q9H093,6.524
disopyramide,7,P36888-2,6.523
disopyramide,8,O43283-6,6.478
disopyramide,9,P23458,6.408
disopyramide,10,P36888,6.388
disulfiram,1,Q56UN5,6.255
disulfiram,2,O43283-6,6.172
disulfiram,3,P35558-2,6.13
disulfiram,4,P11362-15,6.1
disulfiram,5,Q96Q11-3,6.065
disulfiram,6,Q9NSY1-2,6.03
disulfiram,7,Q9NSY1-3,6.028
disulfiram,8,P49759,6.006
disulfiram,9,O96017-10,6.004
disulfiram,10,Q9UQ07-3,6.003
docetaxel,1,Q56UN5,8.452
docetaxel,2,P36888-2,8.28
docetaxel,3,P36888,8.221
docetaxel,4,O43283-6,8.182
docetaxel,5,P37173-3,8.018
docetaxel,6,Q96Q11-3,8.014
docetaxel,7,Q9UQ07-3,8.007
docetaxel,8,Q6ZMQ8-2,7.984
docetaxel,9,O43283-3,7.962
docetaxel,10,P11362-17,7.941
docosatrienoic-acid,1,P49759,6.692
docosatrienoic-acid,2,P49760,6.682
docosatrienoic-acid,3,P49760-3,6.682
docosatrienoic-acid,4,P49759-3,6.678
docosatrienoic-acid,5,Q9Y463,6.542
docosatrienoic-acid,6,Q13627-4,6.535
docosatrienoic-acid,7,Q13627-3,6.533
docosatrienoic-acid,8,Q13627-5,6.518
docosatrienoic-acid,9,Q13627,6.507
docosatrienoic-acid,10,Q9HAZ1,6.504
donepezil,1,P36888,6.77
donepezil,2,P36888-2,6.765
donepezil,3,Q16620-4,6.658
donepezil,4,Q16620-6,6.653
donepezil,5,Q16288-4,6.649
donepezil,6,Q16288,6.645
donepezil,7,Q16288-3,6.643
donepezil,8,Q56UN5,6.642
donepezil,9,Q16620,6.641
donepezil,10,Q16288-5,6.641
dopamine,1,P49760,6.496
dopamine,2,P49760-3,6.496
dopamine,3,Q9Y463,6.432
dopamine,4,P49759,6.402
dopamine,5,Q13627-5,6.394
dopamine,6,Q13627-3,6.389
dopamine,7,Q13627-4,6.389
dopamine,8,P49759-3,6.384
dopamine,9,Q13627,6.383
dopamine,10,Q13627-2,6.376
dovitinib,1,P09619,7.667
dovitinib,2,P07333,7.611
dovitinib,3,P36888-2,7.304
dovitinib,4,P36888,7.301
dovitinib,5,P16234,7.194
dovitinib,6,P10721,7.102
dovitinib,7,P10721-2,7.096
dovitinib,8,Q13188,6.856
dovitinib,9,Q13188-2,6.838
dovitinib,10,P17948-5,6.819
doxapram,1,Q56UN5,8.031
doxapram,2,P36888-2,7.707
doxapram,3,P36888,7.637
doxapram,4,O43283-6,7.499
doxapram,5,Q96Q11-3,7.356
doxapram,6,P37173-3,7.332
doxapram,7,O75417-2,7.284
doxapram,8,Q6ZMQ8-2,7.252
doxapram,9,P35558-2,7.227
doxapram,10,Q9UQ07-3,7.22
doxazosin,1,P36888,7.316
doxazosin,2,Q56UN5,7.306
doxazosin,3,P36888-2,7.27
doxazosin,4,Q16620-2,7.265
doxazosin,5,Q16620-3,7.236
doxazosin,6,Q16620-5,7.225
doxazosin,7,P04629-3,7.211
doxazosin,8,Q16620-6,7.171
doxazosin,9,Q16620-4,7.154
doxazosin,10,Q16620,7.153
doxepin,1,Q56UN5,6.904
doxepin,2,Q9NSY1-3,6.683
doxepin,3,Q9NSY1-2,6.681
doxepin,4,Q9NSY1,6.611
doxepin,5,P49760,6.575
doxepin,6,P49760-3,6.574
doxepin,7,P49759,6.571
doxepin,8,Q2M2I8,6.568
doxepin,9,O43283-6,6.548
doxepin,10,Q2M2I8-2,6.539
doxorubicin,1,P36888,7.76
doxorubicin,2,P36888-2,7.757
doxorubicin,3,Q13627-3,7.691
doxorubicin,4,Q13627-4,7.69
doxorubicin,5,Q13627-5,7.669
doxorubicin,6,Q13627,7.666
doxorubicin,7,Q13627-2,7.656
doxorubicin,8,O00444-3,7.554
doxorubicin,9,Q9UQ07-3,7.514
doxorubicin,10,O00444,7.451
doxycycline,1,Q9UQ07-3,7.897
doxycycline,2,Q56UN5,7.894
doxycycline,3,Q13627-3,7.853
doxycycline,4,Q13627-4,7.853
doxycycline,5,Q13627-5,7.835
doxycycline,6,Q13627,7.819
doxycycline,7,Q13627-2,7.817
doxycycline,8,Q96Q11-3,7.776
doxycycline,9,O43283-6,7.691
doxycycline,10,P49761-2,7.664
dydrogesterone,1,Q56UN5,8.032
dydrogesterone,2,O43283-6,7.792
dydrogesterone,3,Q9UQ07-3,7.69
dydrogesterone,4,Q96Q11-3,7.657
dydrogesterone,5,P11362-17,7.635
dydrogesterone,6,Q6ZMQ8-2,7.621
dydrogesterone,7,P35558-2,7.544
dydrogesterone,8,P37173-3,7.538
dydrogesterone,9,O96017-10,7.491
dydrogesterone,10,O75417-2,7.47
econazole,1,P07333,6.218
econazole,2,P50613,5.998
econazole,3,O14578-2,5.898
econazole,4,Q8TD08-2,5.895
econazole,5,O14578,5.858
econazole,6,P49760,5.857
econazole,7,P49759,5.854
econazole,8,P49760-3,5.854
econazole,9,P49759-3,5.845
econazole,10,Q9Y463,5.833
edaravone,1,P49760,6.406
edaravone,2,P49760-3,6.405
edaravone,3,Q02156,6.375
edaravone,4,P49759,6.284
edaravone,5,Q56UN5,6.278
edaravone,6,P49759-3,6.278
edaravone,7,Q9HAZ1,6.191
edaravone,8,Q13627-3,6.159
edaravone,9,Q13627-4,6.158
edaravone,10,Q13627,6.15
edrophonium,1,P49760,6.266
edrophonium,2,P49760-3,6.265
edrophonium,3,O00750,6.206
edrophonium,4,P49759,6.186
edrophonium,5,P49759-3,6.179
edrophonium,6,O75747-2,6.161
edrophonium,7,Q9BX84,6.093
edrophonium,8,Q9BX84-4,6.093
edrophonium,9,O75747,6.067
edrophonium,10,Q9BVS4,6.065
efavirenz,1,P36888-2,7.845
efavirenz,2,Q56UN5,7.824
efavirenz,3,P36888,7.764
efavirenz,4,O60674,7.564
efavirenz,5,Q13163,7.415
efavirenz,6,Q13163-4,7.403
efavirenz,7,P09619,7.394
efavirenz,8,P07949,7.307
efavirenz,9,P07949-2,7.307
efavirenz,10,Q13163-3,7.285
eicosatrienoic-acid,1,P49759,6.437
eicosatrienoic-acid,2,P49759-3,6.421
eicosatrienoic-acid,3,P49760-3,6.394
eicosatrienoic-acid,4,P49760,6.393
eicosatrienoic-acid,5,Q56UN5,6.367
eicosatrienoic-acid,6,O43283-6,6.33
eicosatrienoic-acid,7,P35558-2,6.316
eicosatrienoic-acid,8,Q96Q11-3,6.315
eicosatrienoic-acid,9,Q13627-4,6.305
eicosatrienoic-acid,10,Q13627-3,6.303
elesclomol,1,Q9UQB9-2,6.336
elesclomol,2,Q9UQB9,6.333
elesclomol,3,Q9UQB9-3,6.33
elesclomol,4,Q96GD4-5,6.227
elesclomol,5,Q96GD4-4,6.223
elesclomol,6,Q96GD4,6.221
elesclomol,7,P49759,6.209
elesclomol,8,Q13627-3,6.202
elesclomol,9,Q13627-4,6.202
elesclomol,10,Q13627-5,6.195
elvitegravir,1,P07333,7.241
elvitegravir,2,P09619,6.906
elvitegravir,3,P16234,6.776
elvitegravir,4,P36888-2,6.502
elvitegravir,5,P36888,6.498
elvitegravir,6,P16234-3,6.46
elvitegravir,7,P17948,6.419
elvitegravir,8,P35968,6.381
elvitegravir,9,P10721,6.289
elvitegravir,10,P10721-2,6.289
embelin,1,Q56UN5,7.058
embelin,2,Q9UQ07-3,7.051
embelin,3,Q96Q11-3,7.018
embelin,4,O43283-6,6.935
embelin,5,P37173-3,6.924
embelin,6,P11362-17,6.911
embelin,7,P49761-2,6.906
embelin,8,O96017-10,6.869
embelin,9,P35558-2,6.862
embelin,10,P49760,6.851
entinostat,1,P07333,6.548
entinostat,2,P16234-3,6.161
entinostat,3,P16234,6.122
entinostat,4,P09619,6.008
entinostat,5,P17948,5.964
entinostat,6,Q08345-5,5.918
entinostat,7,Q9UQ07-3,5.877
entinostat,8,Q08345-2,5.874
entinostat,9,Q08345-6,5.872
entinostat,10,Q16854-6,5.858
epirizole,1,Q08345-5,7.215
epirizole,2,Q08345-2,7.201
epirizole,3,Q08345-6,7.194
epirizole,4,Q08345,7.187
epirizole,5,P07333,6.822
epirizole,6,Q08345-4,6.741
epirizole,7,P16234-3,6.508
epirizole,8,Q16832,6.439
epirizole,9,P09619,6.304
epirizole,10,P17948-2,6.248
equilin,1,Q56UN5,7.525
equilin,2,O43283-6,7.389
equilin,3,Q9UQ07-3,7.377
equilin,4,P49761-2,7.358
equilin,5,P11362-17,7.305
equilin,6,Q96Q11-3,7.303
equilin,7,P49759-2,7.28
equilin,8,Q6ZMQ8-2,7.253
equilin,9,P35558-2,7.224
equilin,10,O96017-10,7.194
equol,1,O75747-2,6.707
equol,2,P49760,6.674
equol,3,P49760-3,6.672
equol,4,P49759,6.657
equol,5,P48736,6.654
equol,6,P49759-3,6.628
equol,7,O00750,6.564
equol,8,O75747,6.523
equol,9,P29597,6.498
equol,10,Q13627-3,6.493
erastin,1,P36888,7.332
erastin,2,P07333,7.25
erastin,3,P36888-2,7.189
erastin,4,Q16620-6,6.918
erastin,5,Q16620-4,6.905
erastin,6,Q16620,6.889
erastin,7,P09619,6.855
erastin,8,P04629-3,6.837
erastin,9,Q16620-2,6.825
erastin,10,P04629,6.818
ergometrine,1,P36888-2,7.506
ergometrine,2,P36888,7.443
ergometrine,3,O60674,7.338
ergometrine,4,P52333,7.277
ergometrine,5,P52333-2,7.277
ergometrine,6,Q56UN5,7.223
ergometrine,7,O43283-6,7.077
ergometrine,8,Q9H093,6.991
ergometrine,9,O00444-3,6.961
ergometrine,10,P52333-4,6.921
eriodictyol,1,P49760,6.863
eriodictyol,2,P49760-3,6.862
eriodictyol,3,P49759,6.82
eriodictyol,4,Q13627-3,6.796
eriodictyol,5,P49759-3,6.794
eriodictyol,6,Q13627-4,6.794
eriodictyol,7,Q13627-5,6.791
eriodictyol,8,Q13627,6.781
eriodictyol,9,Q13627-2,6.778
eriodictyol,10,Q9Y463,6.705
erlotinib,1,P00533,8.774
erlotinib,2,O14976,8.05
erlotinib,3,P00533-3,7.355
erlotinib,4,P00533-4,7.331
erlotinib,5,O94804,7.316
erlotinib,6,Q56UN5,7.284
erlotinib,7,Q13163,7.111
erlotinib,8,Q15303-2,7.07
erlotinib,9,Q15303-4,7.07
erlotinib,10,Q15303,7.033
erythromycin,1,P36888,7.614
erythromycin,2,P36888-2,7.594
erythromycin,3,Q56UN5,7.586
erythromycin,4,O43283-6,7.298
erythromycin,5,Q9UQ07-3,7.292
erythromycin,6,P37173-3,7.26
erythromycin,7,Q2M2I8-2,7.257
erythromycin,8,Q2M2I8,7.247
erythromycin,9,Q96Q11-3,7.231
erythromycin,10,Q02156,7.229
erythrosine,1,Q9UQ07-3,7.574
erythrosine,2,Q96Q11-3,7.551
erythrosine,3,O43283-6,7.474
erythrosine,4,P11362-17,7.463
erythrosine,5,Q56UN5,7.445
erythrosine,6,P49761-2,7.392
erythrosine,7,P49759-2,7.363
erythrosine,8,P37173-3,7.356
erythrosine,9,P35558-2,7.329
erythrosine,10,Q6ZMQ8-2,7.268
escitalopram,1,Q56UN5,8.085
escitalopram,2,O43283-6,7.569
escitalopram,3,O75417-2,7.362
escitalopram,4,P36888-2,7.247
escitalopram,5,Q96Q11-3,7.236
escitalopram,6,O94804,7.172
escitalopram,7,O43283-3,7.171
escitalopram,8,P49759-2,7.168
escitalopram,9,P35558-2,7.165
escitalopram,10,Q9UQ07-3,7.122
estradiol,1,Q9UQ07-3,7.294
estradiol,2,Q56UN5,7.229
estradiol,3,P49761-2,7.213
estradiol,4,O43283-6,7.19
estradiol,5,P11362-15,7.176
estradiol,6,P11362-17,7.147
estradiol,7,Q96Q11-3,7.135
estradiol,8,Q6ZMQ8-2,7.07
estradiol,9,P35558-2,7.067
estradiol,10,P49759-2,7.036
estradiol-cypionate,1,Q56UN5,7.636
estradiol-cypionate,2,P36888-2,7.458
estradiol-cypionate,3,O43283-6,7.385
estradiol-cypionate,4,P11362-17,7.332
estradiol-cypionate,5,P36888,7.327
estradiol-cypionate,6,Q96Q11-3,7.317
estradiol-cypionate,7,Q9UQ07-3,7.316
estradiol-cypionate,8,P11362-15,7.309
estradiol-cypionate,9,P35558-2,7.288
estradiol-cypionate,10,Q6ZMQ8-2,7.218
estrone,1,Q56UN5,7.459
estrone,2,Q9UQ07-3,7.406
estrone,3,P49761-2,7.353
estrone,4,O43283-6,7.328
estrone,5,P11362-15,7.288
estrone,6,P11362-17,7.266
estrone,7,Q96Q11-3,7.262
estrone,8,Q6ZMQ8-2,7.224
estrone,9,P49759-2,7.211
estrone,10,P35558-2,7.196
estropipate,1,Q56UN5,7.85
estropipate,2,O43283-6,7.687
estropipate,3,Q9UQ07-3,7.573
estropipate,4,P11362-17,7.548
estropipate,5,P36888-2,7.538
estropipate,6,Q96Q11-3,7.531
estropipate,7,Q6ZMQ8-2,7.52
estropipate,8,P49761-2,7.502
estropipate,9,Q16854-6,7.488
estropipate,10,P36888,7.454
ethotoin,1,Q56UN5,6.847
ethotoin,2,P49760,6.651
ethotoin,3,P49760-3,6.649
ethotoin,4,Q15746-2,6.507
ethotoin,5,Q15746-4,6.507
ethotoin,6,Q15746,6.501
ethotoin,7,Q15746-3,6.501
ethotoin,8,Q15746-5,6.501
ethotoin,9,Q15746-6,6.501
ethotoin,10,P49759,6.486
eticlopride,1,P07333,6.424
eticlopride,2,P49760-3,6.226
eticlopride,3,P49760,6.225
eticlopride,4,P50613,6.178
eticlopride,5,Q9H2K8,6.14
eticlopride,6,P49759,6.139
eticlopride,7,P49759-3,6.131
eticlopride,8,Q9H3Y6,6.093
eticlopride,9,Q9H2X6-2,6.085
eticlopride,10,Q8N5S9,6.067
etilefrine,1,P49760,6.436
etilefrine,2,P49760-3,6.436
etilefrine,3,P49759,6.357
etilefrine,4,P49759-3,6.319
etilefrine,5,Q9Y463,6.286
etilefrine,6,Q9Y463-3,6.232
etilefrine,7,Q13627-3,6.227
etilefrine,8,Q13627-4,6.227
etilefrine,9,Q13627-5,6.22
etilefrine,10,Q13627,6.211
etoposide,1,Q56UN5,6.849
etoposide,2,Q9HBH9-2,6.842
etoposide,3,Q9HBH9,6.772
etoposide,4,P52333-4,6.753
etoposide,5,Q9UQ07-3,6.742
etoposide,6,O00329-2,6.728
etoposide,7,P36888-2,6.722
etoposide,8,P57078-2,6.705
etoposide,9,P36888,6.7
etoposide,10,P49760,6.695
eugenitol,1,Q13627-4,6.508
eugenitol,2,Q13627-3,6.507
eugenitol,3,Q13627-5,6.494
eugenitol,4,Q13627,6.492
eugenitol,5,P49760,6.489
eugenitol,6,P49760-3,6.489
eugenitol,7,Q13627-2,6.488
eugenitol,8,P49759,6.328
eugenitol,9,P49759-3,6.311
eugenitol,10,Q9Y463-3,6.285
eugenol,1,P49760,5.95
eugenol,2,P49760-3,5.947
eugenol,3,Q56UN5,5.908
eugenol,4,P49759,5.877
eugenol,5,P49759-3,5.872
eugenol,6,P07333,5.87
eugenol,7,O95819-3,5.848
eugenol,8,Q9UKE5,5.82
eugenol,9,Q9UKE5-4,5.819
eugenol,10,Q9UKE5-6,5.802
everolimus,1,Q56UN5,7.477
everolimus,2,Q9UQ07-3,7.336
everolimus,3,O43283-6,7.275
everolimus,4,Q96Q11-3,7.198
everolimus,5,P35558-2,7.193
everolimus,6,Q8TD08,7.171
everolimus,7,P52333-4,7.159
everolimus,8,P37173-3,7.142
everolimus,9,Q6ZMQ8-2,7.134
everolimus,10,P11362-17,7.132
evodiamine,1,P36888-2,7.347
evodiamine,2,O00444-3,7.156
evodiamine,3,P36888,7.116
evodiamine,4,P52333,7.098
evodiamine,5,P52333-2,7.098
evodiamine,6,O00444,7.072
evodiamine,7,O60674,7.037
evodiamine,8,O00444-2,6.945
evodiamine,9,Q56UN5,6.902
evodiamine,10,P09619,6.846
exemestane,1,Q56UN5,8.262
exemestane,2,O43283-6,8.149
exemestane,3,Q9UQ07-3,8.014
exemestane,4,Q96Q11-3,7.994
exemestane,5,Q6ZMQ8-2,7.932
exemestane,6,P11362-17,7.913
exemestane,7,P49761-2,7.873
exemestane,8,P37173-3,7.848
exemestane,9,P35558-2,7.84
exemestane,10,P49759-2,7.839
ezetimibe,1,P49760-3,7.0
ezetimibe,2,P49760,6.998
ezetimibe,3,P49759,6.987
ezetimibe,4,P49759-3,6.965
ezetimibe,5,Q8N5S9,6.922
ezetimibe,6,Q56UN5,6.885
ezetimibe,7,Q8N4C8,6.856
ezetimibe,8,Q8N5S9-2,6.823
ezetimibe,9,Q13627-4,6.791
ezetimibe,10,Q13627-3,6.79
farnesylthioacetic-acid,1,Q96Q11-3,6.587
farnesylthioacetic-acid,2,O43283-6,6.582
farnesylthioacetic-acid,3,Q9UQ07-3,6.562
farnesylthioacetic-acid,4,P35558-2,6.529
farnesylthioacetic-acid,5,Q56UN5,6.502
farnesylthioacetic-acid,6,P37173-3,6.488
farnesylthioacetic-acid,7,P11362-17,6.454
farnesylthioacetic-acid,8,O75460-2,6.443
farnesylthioacetic-acid,9,P49759,6.386
farnesylthioacetic-acid,10,Q15772-4,6.383
farnesylthiotriazole,1,Q00537,6.591
farnesylthiotriazole,2,Q00537-2,6.575
farnesylthiotriazole,3,Q00536-3,6.522
farnesylthiotriazole,4,Q00536,6.521
farnesylthiotriazole,5,Q00536-2,6.49
farnesylthiotriazole,6,O14976,6.471
farnesylthiotriazole,7,P50613,6.463
farnesylthiotriazole,8,Q9UQ07-3,6.456
farnesylthiotriazole,9,P52333,6.405
farnesylthiotriazole,10,P52333-2,6.405
febuxostat,1,Q56UN5,7.338
febuxostat,2,Q8N4C8,6.898
febuxostat,3,O43283-6,6.896
febuxostat,4,Q9UKE5-4,6.809
febuxostat,5,Q9UKE5,6.806
febuxostat,6,Q9UKE5-6,6.803
febuxostat,7,Q8N4C8-4,6.802
febuxostat,8,Q9UKE5-2,6.798
febuxostat,9,Q8N4C8-2,6.778
febuxostat,10,Q8N4C8-3,6.778
felodipine,1,Q13163-4,7.004
felodipine,2,Q56UN5,6.997
felodipine,3,Q13163,6.957
felodipine,4,P36888,6.904
felodipine,5,P36888-2,6.878
felodipine,6,Q13163-2,6.869
felodipine,7,Q13163-3,6.868
felodipine,8,O43283-6,6.732
felodipine,9,Q96Q11-3,6.716
felodipine,10,Q9H093,6.691
fenbendazole,1,Q56UN5,7.034
fenbendazole,2,P09619,7.007
fenbendazole,3,P16234-3,6.958
fenbendazole,4,P17948,6.954
fenbendazole,5,Q13163-2,6.92
fenbendazole,6,Q13163-3,6.916
fenbendazole,7,Q13163,6.856
fenbendazole,8,P16234,6.822
fenbendazole,9,P36888-2,6.767
fenbendazole,10,Q9UQB9-3,6.727
fenbufen,1,P49759,6.638
fenbufen,2,P49759-3,6.616
fenbufen,3,P49760,6.605
fenbufen,4,P49760-3,6.604
fenbufen,5,Q9HAZ1,6.502
fenbufen,6,Q13627-3,6.473
fenbufen,7,Q13627-4,6.47
fenbufen,8,Q13627-5,6.464
fenbufen,9,Q13627,6.451
fenbufen,10,Q13627-2,6.44
fenofibrate,1,P36888,7.485
fenofibrate,2,P36888-2,7.411
fenofibrate,3,P07333,6.985
fenofibrate,4,O60674,6.827
fenofibrate,5,P52333,6.713
fenofibrate,6,P52333-2,6.713
fenofibrate,7,Q56UN5,6.696
fenofibrate,8,P09619,6.634
fenofibrate,9,Q13163-4,6.597
fenofibrate,10,Q13163,6.595
fenoldopam,1,P48736,6.675
fenoldopam,2,O75747-2,6.656
fenoldopam,3,P42345,6.568
fenoldopam,4,Q9H2K8,6.512
fenoldopam,5,Q9UPZ9,6.486
fenoldopam,6,Q9UPZ9-2,6.485
fenoldopam,7,O76039,6.479
fenoldopam,8,O75747,6.469
fenoldopam,9,O76039-1,6.461
fenoldopam,10,P11802-2,6.447
fenretinide,1,P36888-2,7.891
fenretinide,2,P36888,7.783
fenretinide,3,Q56UN5,7.63
fenretinide,4,P16234-3,7.606
fenretinide,5,Q9UQB9-2,7.592
fenretinide,6,Q13163,7.587
fenretinide,7,Q9UQB9,7.586
fenretinide,8,Q9UQB9-3,7.579
fenretinide,9,P09619,7.547
fenretinide,10,P16234,7.525
fexofenadine,1,P36888-2,7.572
fexofenadine,2,P36888,7.521
fexofenadine,3,Q56UN5,7.42
fexofenadine,4,Q9NSY1-3,7.09
fexofenadine,5,Q9NSY1-2,7.057
fexofenadine,6,Q9NSY1,7.035
fexofenadine,7,P04629-3,6.924
fexofenadine,8,Q9H093,6.845
fexofenadine,9,O43283-6,6.843
fexofenadine,10,Q2M2I8-2,6.843
finasteride,1,Q56UN5,8.368
finasteride,2,O43283-6,8.016
finasteride,3,P36888-2,7.953
finasteride,4,O60674,7.932
finasteride,5,P36888,7.904
finasteride,6,Q96Q11-3,7.864
finasteride,7,P37173-3,7.821
finasteride,8,Q6ZMQ8-2,7.8
finasteride,9,Q9UQ07-3,7.794
finasteride,10,Q9H093,7.79
fipronil,1,Q56UN5,7.344
fipronil,2,O43283-6,6.996
fipronil,3,O14976,6.889
fipronil,4,O75417-2,6.846
fipronil,5,Q96Q11-3,6.835
fipronil,6,Q6ZMQ8-2,6.725
fipronil,7,O43283-3,6.703
fipronil,8,O60673,6.689
fipronil,9,P37173-3,6.657
fipronil,10,O60673-2,6.655
flavoxate,1,P36888-2,7.489
flavoxate,2,P36888,7.441
flavoxate,3,Q56UN5,7.319
flavoxate,4,Q9NSY1-3,7.25
flavoxate,5,P04629-3,7.23
flavoxate,6,Q9NSY1-2,7.223
flavoxate,7,P09619,7.182
flavoxate,8,P04629,7.168
flavoxate,9,Q9NSY1,7.159
flavoxate,10,P04629-2,7.146
flecainide,1,Q56UN5,6.751
flecainide,2,P50613,6.64
flecainide,3,P49759,6.615
flecainide,4,P49759-3,6.605
flecainide,5,P49760-3,6.536
flecainide,6,P49760,6.535
flecainide,7,O43318-2,6.484
flecainide,8,O43318-4,6.476
flecainide,9,O43318,6.433
flecainide,10,Q13627,6.418
floxuridine,1,P49760,6.594
floxuridine,2,P49760-3,6.593
floxuridine,3,P49759,6.525
floxuridine,4,P49759-3,6.504
floxuridine,5,Q13627-4,6.421
floxuridine,6,Q13627-3,6.419
floxuridine,7,Q13627-5,6.407
floxuridine,8,Q13627,6.4
floxuridine,9,Q13627-2,6.397
floxuridine,10,Q9HAZ1,6.362
flumetasone,1,Q96Q11-3,8.003
flumetasone,2,Q9UQ07-3,7.954
flumetasone,3,Q56UN5,7.947
flumetasone,4,O43283-6,7.9
flumetasone,5,P11362-17,7.849
flumetasone,6,P37173-3,7.819
flumetasone,7,P35558-2,7.78
flumetasone,8,P49761-2,7.767
flumetasone,9,P49759-2,7.721
flumetasone,10,Q6ZMQ8-2,7.702
flunarizine,1,P07333,7.213
flunarizine,2,P09619,7.186
flunarizine,3,P36888-2,7.02
flunarizine,4,O14976,7.017
flunarizine,5,P16234,6.999
flunarizine,6,P36888,6.98
flunarizine,7,P16234-3,6.905
flunarizine,8,P17948,6.846
flunarizine,9,P35968,6.771
flunarizine,10,P10721-2,6.723
flupentixol,1,Q13163,7.173
flupentixol,2,Q56UN5,7.154
flupentixol,3,Q13163-3,7.151
flupentixol,4,Q13163-2,7.146
flupentixol,5,Q13163-4,7.139
flupentixol,6,P07333,7.022
flupentixol,7,P36888-2,6.942
flupentixol,8,P09619,6.911
flupentixol,9,Q08345-5,6.872
flupentixol,10,P36888,6.871
fluphenazine,1,Q08345,7.155
fluphenazine,2,Q08345-6,7.151
fluphenazine,3,Q08345-2,7.15
fluphenazine,4,Q08345-5,7.123
fluphenazine,5,Q56UN5,6.948
fluphenazine,6,Q13163-3,6.887
fluphenazine,7,Q13163-2,6.885
fluphenazine,8,Q13163,6.851
fluphenazine,9,Q13163-4,6.83
fluphenazine,10,P07333,6.819
fluprostenol,1,Q56UN5,7.188
fluprostenol,2,O43318-2,6.873
fluprostenol,3,P49759,6.862
fluprostenol,4,P49759-3,6.847
fluprostenol,5,P49760-3,6.839
fluprostenol,6,P49760,6.838
fluprostenol,7,P36888-2,6.834
fluprostenol,8,O43318-4,6.83
fluprostenol,9,P17948,6.827
fluprostenol,10,O43318,6.796
flurofamide,1,O60674,6.333
flurofamide,2,P49760-3,6.247
flurofamide,3,P49760,6.246
flurofamide,4,Q9HAZ1,6.236
flurofamide,5,P49759,6.222
flurofamide,6,P49759-3,6.177
flurofamide,7,P29597,6.13
flurofamide,8,P36888,6.102
flurofamide,9,P52333,6.102
flurofamide,10,P52333-2,6.102
fluspirilene,1,P36888-2,8.821
fluspirilene,2,P36888,8.818
fluspirilene,3,Q56UN5,8.031
fluspirilene,4,P09619,8.009
fluspirilene,5,Q16620-6,7.834
fluspirilene,6,Q16288-2,7.813
fluspirilene,7,Q16620,7.789
fluspirilene,8,Q16620-2,7.776
fluspirilene,9,Q16620-4,7.776
fluspirilene,10,P04629-3,7.769
flutamide,1,P36888-2,6.786
flutamide,2,P36888,6.672
flutamide,3,Q56UN5,6.647
flutamide,4,Q13163-4,6.447
flutamide,5,Q13163,6.429
flutamide,6,Q13163-2,6.325
flutamide,7,Q13163-3,6.324
flutamide,8,P16234-3,6.31
flutamide,9,P17948,6.256
flutamide,10,P07333,6.219
fluticasone,1,Q56UN5,7.959
fluticasone,2,O43283-6,7.758
fluticasone,3,Q96Q11-3,7.758
fluticasone,4,Q9UQ07-3,7.707
fluticasone,5,P35558-2,7.652
fluticasone,6,P37173-3,7.649
fluticasone,7,P11362-17,7.582
fluticasone,8,Q6ZMQ8-2,7.537
fluticasone,9,O75417-2,7.518
fluticasone,10,O43283-3,7.515
formoterol,1,P49760-3,7.363
formoterol,2,P49760,7.362
formoterol,3,P49759,7.225
formoterol,4,P49759-3,7.185
formoterol,5,Q56UN5,7.163
formoterol,6,Q9HAZ1,7.158
formoterol,7,Q13627-3,7.115
formoterol,8,Q13627-4,7.114
formoterol,9,Q13627,7.11
formoterol,10,Q13627-2,7.109
forskolin,1,Q56UN5,8.011
forskolin,2,O43283-6,8.005
forskolin,3,Q96Q11-3,7.937
forskolin,4,Q9UQ07-3,7.92
forskolin,5,P36888-2,7.911
forskolin,6,P35558-2,7.834
forskolin,7,P37173-3,7.825
forskolin,8,P11362-17,7.822
forskolin,9,P36888,7.82
forskolin,10,Q6ZMQ8-2,7.795
fostamatinib,1,P36888-2,7.95
fostamatinib,2,P36888,7.826
fostamatinib,3,P09619,7.699
fostamatinib,4,O00444,7.504
fostamatinib,5,P35916,7.486
fostamatinib,6,P35916-1,7.486
fostamatinib,7,O00444-3,7.414
fostamatinib,8,P10721,7.397
fostamatinib,9,P10721-2,7.389
fostamatinib,10,Q9UQB9-3,7.339
fulvestrant,1,Q56UN5,7.727
fulvestrant,2,P36888-2,7.727
fulvestrant,3,P36888,7.687
fulvestrant,4,O43283-6,7.452
fulvestrant,5,Q96Q11-3,7.421
fulvestrant,6,Q9UQ07-3,7.401
fulvestrant,7,P35558-2,7.339
fulvestrant,8,P37173-3,7.33
fulvestrant,9,Q16854-6,7.314
fulvestrant,10,O75417-2,7.28
fursultiamine,1,Q56UN5,7.613
fursultiamine,2,Q13163-2,6.958
fursultiamine,3,Q13163-3,6.957
fursultiamine,4,O43283-6,6.898
fursultiamine,5,Q13163,6.884
fursultiamine,6,Q9H093,6.827
fursultiamine,7,Q13163-4,6.821
fursultiamine,8,Q02156,6.817
fursultiamine,9,Q56UN5-3,6.804
fursultiamine,10,O14976,6.791
gabazine,1,Q16620-6,6.46
gabazine,2,Q16620-2,6.445
gabazine,3,Q16620-5,6.428
gabazine,4,P49759,6.423
gabazine,5,Q16620-3,6.412
gabazine,6,Q16620-4,6.402
gabazine,7,P49759-3,6.4
gabazine,8,Q16620,6.381
gabazine,9,P04629-3,6.342
gabazine,10,P04629,6.322
galantamine,1,P36888-2,7.697
galantamine,2,Q56UN5,7.589
galantamine,3,P36888,7.54
galantamine,4,O00444-3,7.327
galantamine,5,O43283-6,7.302
galantamine,6,O00444,7.272
galantamine,7,Q16288-2,7.256
galantamine,8,P35558-2,7.247
galantamine,9,Q16620-2,7.231
galantamine,10,Q16620-5,7.231
ganciclovir,1,O60674,6.143
ganciclovir,2,P49760,6.104
ganciclovir,3,P49760-3,6.104
ganciclovir,4,P52333,6.099
ganciclovir,5,P52333-2,6.099
ganciclovir,6,P49759,6.047
ganciclovir,7,P49759-3,6.019
ganciclovir,8,Q9C098,6.007
ganciclovir,9,Q9HAZ1,5.977
ganciclovir,10,P52333-4,5.899
ganglioside,1,P36888,7.086
ganglioside,2,P36888-2,7.059
ganglioside,3,P49760-3,6.875
ganglioside,4,P49760,6.873
ganglioside,5,P49759,6.853
ganglioside,6,P49759-3,6.835
ganglioside,7,Q2M2I8-2,6.719
ganglioside,8,Q56UN5,6.718
ganglioside,9,Q13627-4,6.695
ganglioside,10,Q2M2I8,6.691
gedunin,1,Q56UN5,8.171
gedunin,2,P36888-2,8.122
gedunin,3,P36888,8.023
gedunin,4,O43283-6,7.944
gedunin,5,O00444-3,7.877
gedunin,6,O00444,7.828
gedunin,7,Q6ZMQ8-2,7.777
gedunin,8,Q9UQ07-3,7.766
gedunin,9,Q96Q11-3,7.761
gedunin,10,P37173-3,7.753
gefitinib,1,P00533,9.017
gefitinib,2,O14976,7.424
gefitinib,3,P00533-3,7.284
gefitinib,4,P00533-4,7.223
gefitinib,5,Q15303-2,7.13
gefitinib,6,Q15303-4,7.13
gefitinib,7,Q15303,6.99
gefitinib,8,Q15303-3,6.99
gefitinib,9,P00533-2,6.571
gefitinib,10,Q56UN5,6.508
gemfibrozil,1,P49759,6.605
gemfibrozil,2,P49759-3,6.571
gemfibrozil,3,Q9HAZ1,6.527
gemfibrozil,4,Q56UN5,6.482
gemfibrozil,5,P49760-3,6.413
gemfibrozil,6,P49760,6.412
gemfibrozil,7,Q13627-4,6.384
gemfibrozil,8,Q13627-3,6.382
gemfibrozil,9,Q13627,6.375
gemfibrozil,10,Q13627-2,6.37
glibenclamide,1,P36888,6.938
glibenclamide,2,Q8NE63,6.817
glibenclamide,3,P36888-2,6.785
glibenclamide,4,P50613,6.744
glibenclamide,5,P49336-2,6.716
glibenclamide,6,Q16620-4,6.651
glibenclamide,7,Q16620,6.637
glibenclamide,8,Q16620-6,6.633
glibenclamide,9,Q9BWU1,6.624
glibenclamide,10,P07333,6.578
granisetron,1,P49841,6.599
granisetron,2,P49841-2,6.582
granisetron,3,Q8TD08,6.416
granisetron,4,Q02156,6.393
granisetron,5,Q8N5S9-2,6.354
granisetron,6,Q8N5S9,6.339
granisetron,7,Q9H2K8,6.292
granisetron,8,Q13627-4,6.28
granisetron,9,Q13627-3,6.278
granisetron,10,P49760,6.271
griseofulvin,1,Q56UN5,7.161
griseofulvin,2,P36888-2,6.992
griseofulvin,3,P36888,6.947
griseofulvin,4,Q16620-2,6.781
griseofulvin,5,Q16620-5,6.762
griseofulvin,6,Q16620-3,6.759
griseofulvin,7,O43283-6,6.737
griseofulvin,8,Q16288-2,6.726
griseofulvin,9,Q13627-3,6.705
griseofulvin,10,Q13627-4,6.705
guanfacine,1,Q00536-3,6.085
guanfacine,2,Q00536,6.082
guanfacine,3,Q00536-2,6.047
guanfacine,4,P50613,6.036
guanfacine,5,P07333,5.961
guanfacine,6,Q8TD08,5.937
guanfacine,7,Q8TD08-3,5.882
guanfacine,8,Q8TD08-2,5.851
guanfacine,9,Q9UPZ9,5.85
guanfacine,10,P11802,5.832
guggulsterone,1,O43283-6,7.615
guggulsterone,2,Q56UN5,7.593
guggulsterone,3,Q9UQ07-3,7.547
guggulsterone,4,P11362-17,7.505
guggulsterone,5,Q96Q11-3,7.467
guggulsterone,6,O00444-3,7.443
guggulsterone,7,Q6ZMQ8-2,7.435
guggulsterone,8,P35558-2,7.404
guggulsterone,9,P37173-3,7.352
guggulsterone,10,O43283-3,7.335
halcinonide,1,Q56UN5,7.782
halcinonide,2,O43283-6,7.635
halcinonide,3,P36888-2,7.599
halcinonide,4,Q96Q11-3,7.522
halcinonide,5,P36888,7.495
halcinonide,6,Q9UQ07-3,7.488
halcinonide,7,Q6ZMQ8-2,7.464
halcinonide,8,P11362-17,7.438
halcinonide,9,P35558-2,7.42
halcinonide,10,P37173-3,7.411
haloperidol,1,P07333,7.398
haloperidol,2,Q13163,7.24
haloperidol,3,P36888-2,7.233
haloperidol,4,Q13163-2,7.193
haloperidol,5,Q13163-3,7.191
haloperidol,6,P36888,7.182
haloperidol,7,P09619,7.13
haloperidol,8,Q13163-4,7.114
haloperidol,9,Q16288-2,7.032
haloperidol,10,Q16288-3,6.967
heliomycin,1,Q13627-3,7.378
heliomycin,2,Q13627-4,7.375
heliomycin,3,Q13627-5,7.36
heliomycin,4,Q13627,7.358
heliomycin,5,Q13627-2,7.355
heliomycin,6,Q9Y463-3,6.969
heliomycin,7,Q9Y463,6.953
heliomycin,8,Q9Y463-2,6.927
heliomycin,9,P36888,6.884
heliomycin,10,P49759,6.873
hemado,1,O60674,7.011
hemado,2,P52333,6.88
hemado,3,P52333-2,6.88
hemado,4,Q9H093,6.879
hemado,5,O14976,6.743
hemado,6,Q8N5S9,6.74
hemado,7,Q9C098,6.731
hemado,8,Q9H2K8,6.722
hemado,9,O94804,6.636
hemado,10,Q9NSY1-2,6.546
hexylresorcinol,1,P49759,6.41
hexylresorcinol,2,P49760,6.402
hexylresorcinol,3,P49760-3,6.4
hexylresorcinol,4,P49759-3,6.39
hexylresorcinol,5,Q9Y463,6.229
hexylresorcinol,6,Q9BX84,6.192
hexylresorcinol,7,Q9BX84-4,6.192
hexylresorcinol,8,Q9HAZ1,6.183
hexylresorcinol,9,Q9Y463-3,6.169
hexylresorcinol,10,Q13627-4,6.167
hinokitiol,1,P49760-3,6.36
hinokitiol,2,P49760,6.359
hinokitiol,3,P49759,6.22
hinokitiol,4,Q13627,6.207
hinokitiol,5,Q13627-2,6.206
hinokitiol,6,Q13627-3,6.197
hinokitiol,7,Q13627-4,6.196
hinokitiol,8,Q13627-5,6.187
hinokitiol,9,P49759-3,6.182
hinokitiol,10,P36888,6.078
hispidin,1,P49760,6.808
hispidin,2,P49760-3,6.807
hispidin,3,P49759,6.798
hispidin,4,P49759-3,6.788
hispidin,5,Q13627-3,6.736
hispidin,6,Q13627-4,6.734
hispidin,7,Q13627,6.73
hispidin,8,Q13627-5,6.73
hispidin,9,Q13627-2,6.724
hispidin,10,Q9Y463,6.698
honokiol,1,Q56UN5,6.627
honokiol,2,Q9UQ07-3,6.472
honokiol,3,P49760,6.429
honokiol,4,P49760-3,6.426
honokiol,5,O43283-6,6.416
honokiol,6,P35558-2,6.379
honokiol,7,Q96Q11-3,6.375
honokiol,8,P49759,6.307
honokiol,9,P49759-3,6.275
honokiol,10,Q13627,6.273
huperzine-a,1,O43283-6,7.464
huperzine-a,2,Q56UN5,7.387
huperzine-a,3,Q9UQ07-3,7.336
huperzine-a,4,O00444-3,7.309
huperzine-a,5,Q96Q11-3,7.25
huperzine-a,6,P11362-17,7.225
huperzine-a,7,P35558-2,7.225
huperzine-a,8,O00444,7.207
huperzine-a,9,P11362-15,7.175
huperzine-a,10,Q6ZMQ8-2,7.167
hydralazine,1,P49760,6.297
hydralazine,2,P49760-3,6.294
hydralazine,3,P49759,6.161
hydralazine,4,Q9HAZ1,6.16
hydralazine,5,P49759-3,6.146
hydralazine,6,Q13627-4,6.079
hydralazine,7,Q13627-3,6.077
hydralazine,8,Q13627-2,6.069
hydralazine,9,Q13627-5,6.069
hydralazine,10,Q13627,6.068
hydrastine,1,P36888-2,7.552
hydrastine,2,P36888,7.402
hydrastine,3,P09619,7.178
hydrastine,4,Q56UN5,7.163
hydrastine,5,Q08345-2,7.161
hydrastine,6,Q08345-5,7.158
hydrastine,7,Q08345,7.152
hydrastine,8,Q08345-6,7.152
hydrastine,9,P07949,7.04
hydrastine,10,P07949-2,7.04
hydrastinine,1,Q56UN5,6.966
hydrastinine,2,P11362-15,6.769
hydrastinine,3,Q13163,6.742
hydrastinine,4,Q13163-2,6.676
hydrastinine,5,Q13163-3,6.671
hydrastinine,6,O43283-6,6.629
hydrastinine,7,O00329-2,6.627
hydrastinine,8,O00238,6.621
hydrastinine,9,Q13163-4,6.618
hydrastinine,10,O00238-2,6.594
hyperforin,1,P36888-2,8.23
hyperforin,2,P36888,8.178
hyperforin,3,Q56UN5,8.037
hyperforin,4,O43283-6,8.002
hyperforin,5,Q96Q11-3,8.0
hyperforin,6,Q9UQ07-3,7.98
hyperforin,7,P37173-3,7.851
hyperforin,8,P35558-2,7.796
hyperforin,9,P11362-17,7.788
hyperforin,10,O43283-3,7.722
hypericin,1,Q13627-3,7.12
hypericin,2,Q13627-4,7.119
hypericin,3,Q13627,7.109
hypericin,4,Q13627-5,7.109
hypericin,5,Q13627-2,7.108
hypericin,6,P49760-3,7.027
hypericin,7,P49760,7.024
hypericin,8,P49759,6.915
hypericin,9,P49759-3,6.884
hypericin,10,Q9Y463-3,6.814
ibuprofen,1,P49760-3,6.628
ibuprofen,2,P49760,6.625
ibuprofen,3,P49759,6.523
ibuprofen,4,P49759-3,6.495
ibuprofen,5,Q9HAZ1,6.475
ibuprofen,6,Q13627,6.3
ibuprofen,7,Q13627-2,6.292
ibuprofen,8,Q13627-3,6.292
ibuprofen,9,Q13627-4,6.291
ibuprofen,10,Q13627-5,6.283
icariin,1,Q13627-4,6.972
icariin,2,Q13627-3,6.971
icariin,3,P50613,6.959
icariin,4,Q13627-5,6.959
icariin,5,Q13627,6.957
icariin,6,Q13627-2,6.95
icariin,7,P49760,6.898
icariin,8,P49760-3,6.897
icariin,9,P49759-3,6.863
icariin,10,P49759,6.859
ilomastat,1,P36888,7.36
ilomastat,2,P49760-3,7.323
ilomastat,3,P49760,7.32
ilomastat,4,Q02156,7.314
ilomastat,5,P36888-2,7.276
ilomastat,6,P49759,7.214
ilomastat,7,P49759-3,7.166
ilomastat,8,Q9HAZ1,7.157
ilomastat,9,Q56UN5,7.137
ilomastat,10,Q9H2K8,7.042
imatinib,1,Q08345-5,8.613
imatinib,2,Q08345-2,8.608
imatinib,3,Q08345-6,8.605
imatinib,4,Q08345,8.598
imatinib,5,P09619,7.572
imatinib,6,P07333,7.39
imatinib,7,P00519-2,7.379
imatinib,8,P00519,7.376
imatinib,9,P16234,7.369
imatinib,10,P42684-3,7.32
imperatorin,1,Q56UN5,6.562
imperatorin,2,P49759,6.394
imperatorin,3,P49759-3,6.373
imperatorin,4,P49760,6.365
imperatorin,5,P49760-3,6.364
imperatorin,6,P36888-2,6.304
imperatorin,7,Q9UQ07-3,6.281
imperatorin,8,O43283-6,6.269
imperatorin,9,Q9HAZ1,6.262
imperatorin,10,P36888,6.255
importazole,1,P07333,6.567
importazole,2,Q56UN5,6.489
importazole,3,O14965,6.426
importazole,4,P09619-2,6.392
importazole,5,P49759,6.39
importazole,6,P49759-3,6.36
importazole,7,Q9NSY1,6.353
importazole,8,P36888-2,6.353
importazole,9,Q9NSY1-3,6.345
importazole,10,P09619,6.334
indapamide,1,P07333,7.206
indapamide,2,P09619,6.858
indapamide,3,P36888,6.782
indapamide,4,P16234,6.761
indapamide,5,P36888-2,6.749
indapamide,6,P16234-3,6.695
indapamide,7,P50613,6.586
indapamide,8,Q9H2K8,6.56
indapamide,9,Q7L7X3,6.557
indapamide,10,Q13163,6.496
indatraline,1,Q9H2K8,7.15
indatraline,2,Q7L7X3-3,7.106
indatraline,3,Q7L7X3,7.08
indatraline,4,P50613,6.858
indatraline,5,Q9UL54-2,6.8
indatraline,6,Q13163,6.677
indatraline,7,O14976,6.673
indatraline,8,Q9UL54-4,6.649
indatraline,9,Q08345-5,6.616
indatraline,10,P36888-2,6.606
indinavir,1,Q02156,7.481
indinavir,2,Q05655,7.419
indinavir,3,Q04759-3,7.409
indinavir,4,Q05655-2,7.406
indinavir,5,Q04759,7.327
indinavir,6,P24723-2,7.271
indinavir,7,P36888,7.14
indinavir,8,Q8TD08-3,7.133
indinavir,9,P49760-3,7.129
indinavir,10,P49760,7.126
indirubin,1,P49759,6.941
indirubin,2,P49759-3,6.892
indirubin,3,P09619,6.884
indirubin,4,Q9HAZ1,6.884
indirubin,5,P49760,6.874
indirubin,6,P49760-3,6.874
indirubin,7,Q13627-3,6.814
indirubin,8,Q13627,6.809
indirubin,9,Q13627-5,6.808
indirubin,10,Q13627-4,6.807
indometacin,1,P36888-2,7.404
indometacin,2,P36888,7.307
indometacin,3,P07333,7.213
indometacin,4,Q56UN5,7.172
indometacin,5,P09619,6.887
indometacin,6,Q13163-2,6.857
indometacin,7,Q13163,6.855
indometacin,8,Q13163-3,6.854
indometacin,9,Q13163-4,6.798
indometacin,10,Q16620-6,6.75
ingenol,1,Q56UN5,7.912
ingenol,2,Q96Q11-3,7.873
ingenol,3,Q9UQ07-3,7.857
ingenol,4,O43283-6,7.828
ingenol,5,P37173-3,7.726
ingenol,6,P49761-2,7.67
ingenol,7,P35558-2,7.661
ingenol,8,P11362-17,7.617
ingenol,9,Q6ZMQ8-2,7.616
ingenol,10,P49759-2,7.587
iodoacetic-acid,1,Q9UQ07-3,6.055
iodoacetic-acid,2,P49760,6.016
iodoacetic-acid,3,P49760-3,6.013
iodoacetic-acid,4,P35558-2,5.998
iodoacetic-acid,5,P11362-17,5.971
iodoacetic-acid,6,Q96Q11-3,5.969
iodoacetic-acid,7,O43283-6,5.96
iodoacetic-acid,8,P49759,5.927
iodoacetic-acid,9,P49759-3,5.922
iodoacetic-acid,10,O75460-2,5.906
iodophenpropit,1,P15056,6.369
iodophenpropit,2,P10398,6.348
iodophenpropit,3,Q56UN5,6.284
iodophenpropit,4,P11362-17,6.252
iodophenpropit,5,Q9UQ07-3,6.241
iodophenpropit,6,O43283-6,6.23
iodophenpropit,7,P11362-15,6.204
iodophenpropit,8,Q96Q11-3,6.204
iodophenpropit,9,O75460-2,6.175
iodophenpropit,10,P16234-2,6.153
iopanoic-acid,1,P49760-3,7.228
iopanoic-acid,2,P49760,7.226
iopanoic-acid,3,P49759,6.906
iopanoic-acid,4,P49759-3,6.875
iopanoic-acid,5,Q9HAZ1,6.794
iopanoic-acid,6,Q13627,6.721
iopanoic-acid,7,Q13627-2,6.713
iopanoic-acid,8,Q13627-4,6.707
iopanoic-acid,9,Q13627-3,6.704
iopanoic-acid,10,Q13627-5,6.691
ioxaglic-acid,1,Q9UQB9,6.822
ioxaglic-acid,2,Q9UQB9-3,6.807
ioxaglic-acid,3,O43283-6,6.797
ioxaglic-acid,4,Q9UQB9-2,6.792
ioxaglic-acid,5,Q9UQ07-3,6.789
ioxaglic-acid,6,Q96Q11-3,6.786
ioxaglic-acid,7,Q56UN5,6.777
ioxaglic-acid,8,Q96GD4-4,6.765
ioxaglic-acid,9,Q96GD4,6.754
ioxaglic-acid,10,Q16854-6,6.751
ipratropium,1,P36888-2,6.778
ipratropium,2,P36888,6.755
ipratropium,3,P52333,6.659
ipratropium,4,P52333-2,6.659
ipratropium,5,P49760-3,6.654
ipratropium,6,P49760,6.653
ipratropium,7,Q8TD08,6.615
ipratropium,8,Q9H093,6.587
ipratropium,9,Q56UN5,6.573
ipratropium,10,P49759,6.571
ipriflavone,1,P36888-2,6.978
ipriflavone,2,P36888,6.944
ipriflavone,3,P07333,6.789
ipriflavone,4,Q16620-2,6.694
ipriflavone,5,Q16620-5,6.664
ipriflavone,6,Q16620-3,6.655
ipriflavone,7,Q16620-6,6.631
ipriflavone,8,Q16620,6.597
ipriflavone,9,Q16620-4,6.593
ipriflavone,10,Q16288-2,6.587
irsogladine,1,P48736,6.06
irsogladine,2,O75747-2,6.04
irsogladine,3,O75747,5.982
irsogladine,4,O00750,5.978
irsogladine,5,O00443,5.923
irsogladine,6,P49760,5.858
irsogladine,7,P49760-3,5.857
irsogladine,8,Q8NEB9,5.839
irsogladine,9,P42345,5.788
irsogladine,10,Q9H2K8,5.785
isamoltan,1,P49759,6.501
isamoltan,2,Q9HAZ1,6.474
isamoltan,3,P49760-3,6.468
isamoltan,4,P49760,6.465
isamoltan,5,P49759-3,6.464
isamoltan,6,Q13627-4,6.38
isamoltan,7,Q13627-3,6.379
isamoltan,8,Q13627-5,6.367
isamoltan,9,Q13627,6.359
isamoltan,10,Q13627-2,6.355
isoquercetin,1,Q13627-5,7.251
isoquercetin,2,Q13627-4,7.249
isoquercetin,3,Q13627-3,7.248
isoquercetin,4,Q13627,7.246
isoquercetin,5,Q13627-2,7.239
isoquercetin,6,Q9Y463,7.146
isoquercetin,7,P49760,7.135
isoquercetin,8,P49760-3,7.135
isoquercetin,9,P49759,7.122
isoquercetin,10,P49759-3,7.117
isorotenone,1,P36888,7.365
isorotenone,2,P36888-2,7.365
isorotenone,3,Q56UN5,7.052
isorotenone,4,O14976,6.86
isorotenone,5,O00444-3,6.777
isorotenone,6,P09619,6.77
isorotenone,7,Q13627-3,6.75
isorotenone,8,Q13627-4,6.75
isorotenone,9,Q13627,6.748
isorotenone,10,Q13627-2,6.747
ispinesib,1,P36888,6.717
ispinesib,2,P07333,6.669
ispinesib,3,Q56UN5,6.664
ispinesib,4,P36888-2,6.611
ispinesib,5,Q13163,6.504
ispinesib,6,Q13163-4,6.465
ispinesib,7,Q13163-3,6.458
ispinesib,8,Q13163-2,6.457
ispinesib,9,P09619,6.422
ispinesib,10,Q9UEE5,6.355
isradipine,1,Q56UN5,7.848
isradipine,2,Q02156,7.707
isradipine,3,P24723-2,7.23
isradipine,4,P24723,7.165
isradipine,5,P49841,7.154
isradipine,6,O43283-6,7.143
isradipine,7,O96017-10,7.125
isradipine,8,P49841-2,7.092
isradipine,9,Q96Q11-3,7.052
isradipine,10,P11362-17,7.029
itraconazole,1,P36888-2,7.613
itraconazole,2,O00444,7.54
itraconazole,3,P36888,7.533
itraconazole,4,Q9H2G2,7.491
itraconazole,5,Q9H2G2-2,7.471
itraconazole,6,O00444-3,7.467
itraconazole,7,Q9H093,7.428
itraconazole,8,Q56UN5,7.416
itraconazole,9,O94804,7.4
itraconazole,10,Q96GD4,7.301
ivermectin,1,Q56UN5,8.144
ivermectin,2,O43283-6,7.914
ivermectin,3,P36888-2,7.86
ivermectin,4,Q96Q11-3,7.789
ivermectin,5,P36888,7.776
ivermectin,6,Q9UQ07-3,7.751
ivermectin,7,P37173-3,7.718
ivermectin,8,Q6ZMQ8-2,7.692
ivermectin,9,P35558-2,7.661
ivermectin,10,O43283-3,7.623
kavain,1,Q56UN5,7.227
kavain,2,O43283-6,7.017
kavain,3,P35558-2,6.857
kavain,4,O75417-2,6.798
kavain,5,O96017-10,6.786
kavain,6,Q9UQ07-3,6.786
kavain,7,P11362-15,6.773
kavain,8,Q6ZMQ8-2,6.771
kavain,9,O00444-3,6.763
kavain,10,Q9NSY1-3,6.749
kenpaullone,1,P36888-2,7.464
kenpaullone,2,P36888,7.414
kenpaullone,3,Q56UN5,7.199
kenpaullone,4,Q9UEE5,7.031
kenpaullone,5,P09619,6.997
kenpaullone,6,P17948,6.879
kenpaullone,7,Q9HAZ1,6.792
kenpaullone,8,P35968,6.764
kenpaullone,9,O43283-6,6.713
kenpaullone,10,P49759,6.702
ketanserin,1,P09619,7.837
ketanserin,2,P36888-2,7.639
ketanserin,3,P36888,7.46
ketanserin,4,P07333,7.414
ketanserin,5,P16234,7.406
ketanserin,6,P17948,7.374
ketanserin,7,Q56UN5,7.358
ketanserin,8,P16234-3,7.255
ketanserin,9,P10721-2,7.183
ketanserin,10,P10721,7.179
ketoprofen,1,P36888-2,6.876
ketoprofen,2,P49759,6.815
ketoprofen,3,P49759-3,6.775
ketoprofen,4,Q9HAZ1,6.769
ketoprofen,5,P36888,6.755
ketoprofen,6,P49760,6.733
ketoprofen,7,P49760-3,6.733
ketoprofen,8,O43283-6,6.541
ketoprofen,9,Q56UN5,6.54
ketoprofen,10,Q13627-3,6.538
kinetin-riboside,1,O60674,6.811
kinetin-riboside,2,P52333,6.644
kinetin-riboside,3,P52333-2,6.644
kinetin-riboside,4,P29597,6.51
kinetin-riboside,5,P52333-4,6.313
kinetin-riboside,6,Q9HBH9,6.194
kinetin-riboside,7,Q9HBH9-2,6.176
kinetin-riboside,8,Q9C098,6.166
kinetin-riboside,9,P23458,6.075
kinetin-riboside,10,O14976,6.061
lacidipine,1,Q56UN5,8.071
lacidipine,2,P36888,7.882
lacidipine,3,P36888-2,7.853
lacidipine,4,Q9NSY1-3,7.688
lacidipine,5,Q9NSY1-2,7.668
lacidipine,6,O43283-6,7.553
lacidipine,7,Q9NSY1,7.503
lacidipine,8,Q96Q11-3,7.487
lacidipine,9,O75417-2,7.486
lacidipine,10,P09619,7.455
lamotrigine,1,Q7L7X3,6.132
lamotrigine,2,Q7L7X3-3,6.126
lamotrigine,3,Q9H2K8,6.105
lamotrigine,4,Q9UL54-2,6.028
lamotrigine,5,Q9UL54-4,5.913
lamotrigine,6,P29597,5.886
lamotrigine,7,P48736,5.863
lamotrigine,8,P49760,5.863
lamotrigine,9,P49760-3,5.859
lamotrigine,10,O75747-2,5.818
lapatinib,1,P00533,7.95
lapatinib,2,P04626-4,7.397
lapatinib,3,P04626-5,7.363
lapatinib,4,P04626,7.32
lapatinib,5,Q15303-2,7.165
lapatinib,6,Q15303-4,7.165
lapatinib,7,Q15303,7.095
lapatinib,8,Q15303-3,7.095
lapatinib,9,P00533-4,6.561
lapatinib,10,P00533-3,6.559
lasalocid,1,P36888,7.849
lasalocid,2,P36888-2,7.825
lasalocid,3,Q56UN5,7.592
lasalocid,4,Q9H093,7.506
lasalocid,5,O43283-6,7.502
lasalocid,6,Q9UQ07-3,7.488
lasalocid,7,Q8TD08,7.48
lasalocid,8,Q96Q11-3,7.475
lasalocid,9,P37173-3,7.404
lasalocid,10,Q16854-6,7.369
lavendustin-a,1,P07333,6.48
lavendustin-a,2,P15056,6.408
lavendustin-a,3,P10398,6.369
lavendustin-a,4,Q56UN5,6.357
lavendustin-a,5,Q32MK0,6.316
lavendustin-a,6,Q9Y463,6.308
lavendustin-a,7,Q32MK0-4,6.307
lavendustin-a,8,Q13627-5,6.287
lavendustin-a,9,Q13627-3,6.284
lavendustin-a,10,Q13627-4,6.281
leflunomide,1,P16234-3,6.382
leflunomide,2,Q08345,6.356
leflunomide,3,Q08345-6,6.354
leflunomide,4,Q08345-2,6.352
leflunomide,5,Q08345-5,6.325
leflunomide,6,P07333,6.318
leflunomide,7,P16234,6.233
leflunomide,8,P09619,6.146
leflunomide,9,Q9NYL2,6.136
leflunomide,10,Q15759,6.066
lenalidomide,1,P52333,6.976
lenalidomide,2,P52333-2,6.976
lenalidomide,3,O60674,6.951
lenalidomide,4,Q56UN5,6.887
lenalidomide,5,P36888-2,6.872
lenalidomide,6,P49760-3,6.861
lenalidomide,7,P49760,6.86
lenalidomide,8,P36888,6.854
lenalidomide,9,P49759,6.827
lenalidomide,10,Q9HAZ1,6.826
lestaurtinib,1,Q56UN5,9.46
lestaurtinib,2,Q96Q11-3,9.319
lestaurtinib,3,Q16816,9.274
lestaurtinib,4,Q9UQ07-3,9.24
lestaurtinib,5,P37173-3,9.228
lestaurtinib,6,P35558-2,9.214
lestaurtinib,7,O43283-6,9.203
lestaurtinib,8,O00444-3,9.202
lestaurtinib,9,O00444-2,9.16
lestaurtinib,10,P49761-2,9.117
letrozole,1,O60674,7.72
letrozole,2,P52333,7.442
letrozole,3,P52333-2,7.442
letrozole,4,Q56UN5,6.911
letrozole,5,P52333-4,6.9
letrozole,6,P29597,6.71
letrozole,7,Q56UN5-3,6.524
letrozole,8,P23458,6.432
letrozole,9,Q99759,6.372
letrozole,10,P06239-2,6.35
leucodin,1,Q56UN5,7.396
leucodin,2,O43283-6,7.241
leucodin,3,Q9UQ07-3,7.144
leucodin,4,P11362-17,7.105
leucodin,5,P35558-2,7.103
leucodin,6,Q96Q11-3,7.096
leucodin,7,Q6ZMQ8-2,7.054
leucodin,8,O96017-10,7.034
leucodin,9,P37173-3,6.986
leucodin,10,P11362-15,6.981
levonorgestrel,1,Q56UN5,8.125
levonorgestrel,2,O43283-6,8.052
levonorgestrel,3,Q9UQ07-3,8.013
levonorgestrel,4,Q96Q11-3,7.998
levonorgestrel,5,P37173-3,7.911
levonorgestrel,6,Q6ZMQ8-2,7.908
levonorgestrel,7,P35558-2,7.873
levonorgestrel,8,P11362-17,7.871
levonorgestrel,9,P49761-2,7.853
levonorgestrel,10,O43283-3,7.786
lidoflazine,1,P09619,7.762
lidoflazine,2,P07333,7.582
lidoflazine,3,P16234,7.5
lidoflazine,4,P36888,7.46
lidoflazine,5,Q08345-5,7.414
lidoflazine,6,P36888-2,7.414
lidoflazine,7,Q08345,7.393
lidoflazine,8,Q08345-2,7.391
lidoflazine,9,Q08345-6,7.388
lidoflazine,10,P10721-2,7.356
linifanib,1,P16234-3,8.557
linifanib,2,P16234,8.518
linifanib,3,P36888,8.434
linifanib,4,P36888-2,8.388
linifanib,5,P09619,8.332
linifanib,6,P07333,8.272
linifanib,7,P17948,8.115
linifanib,8,P35968,7.7
linifanib,9,P10721,7.573
linifanib,10,P10721-2,7.57
linopirdine,1,P07333,7.01
linopirdine,2,Q56UN5,6.745
linopirdine,3,Q08345-2,6.739
linopirdine,4,Q08345-6,6.736
linopirdine,5,Q08345,6.73
linopirdine,6,Q08345-5,6.73
linopirdine,7,Q16288-2,6.682
linopirdine,8,Q16288-4,6.673
linopirdine,9,Q16288,6.658
linopirdine,10,Q16288-3,6.647
linsitinib,1,O00444,7.171
linsitinib,2,O00444-3,7.146
linsitinib,3,Q56UN5,7.059
linsitinib,4,O00444-2,7.04
linsitinib,5,P07333,7.022
linsitinib,6,P36888-2,7.012
linsitinib,7,Q16620-7,6.956
linsitinib,8,P11362-15,6.948
linsitinib,9,Q16620-2,6.939
linsitinib,10,Q16620-5,6.936
lisuride,1,P36888-2,7.33
lisuride,2,P36888,7.284
lisuride,3,Q56UN5,7.218
lisuride,4,O43283-6,6.845
lisuride,5,Q96Q11-3,6.726
lisuride,6,Q9H093,6.685
lisuride,7,P35558-2,6.661
lisuride,8,P09619,6.62
lisuride,9,P37173-3,6.62
lisuride,10,Q9UQ07-3,6.61
lobendazole,1,Q56UN5,6.617
lobendazole,2,O43283-6,6.375
lobendazole,3,P36888-2,6.375
lobendazole,4,P36888,6.321
lobendazole,5,P16234-3,6.284
lobendazole,6,P07333,6.244
lobendazole,7,P17948,6.244
lobendazole,8,P35558-2,6.243
lobendazole,9,P09619,6.224
lobendazole,10,P16234,6.159
lofepramine,1,P07333,6.841
lofepramine,2,P36888-2,6.736
lofepramine,3,P36888,6.66
lofepramine,4,Q13163,6.642
lofepramine,5,Q13163-4,6.606
lofepramine,6,P09619,6.605
lofepramine,7,Q13163-3,6.58
lofepramine,8,Q13163-2,6.578
lofepramine,9,Q56UN5,6.554
lofepramine,10,P30530-2,6.519
lomerizine,1,P07333,7.372
lomerizine,2,Q16620-4,7.176
lomerizine,3,Q16620,7.156
lomerizine,4,Q16620-6,7.152
lomerizine,5,P36888,7.074
lomerizine,6,Q16288,7.056
lomerizine,7,Q16620-2,7.053
lomerizine,8,Q16288-3,7.053
lomerizine,9,Q16288-4,7.047
lomerizine,10,Q16288-5,7.031
lonidamine,1,P07333,6.13
lonidamine,2,P08581-2,5.797
lonidamine,3,P08581-3,5.779
lonidamine,4,P08581,5.77
lonidamine,5,O76039-1,5.726
lonidamine,6,Q16539-4,5.723
lonidamine,7,P21860-5,5.723
lonidamine,8,O76039,5.72
lonidamine,9,P50613,5.713
lonidamine,10,P15056,5.688
loperamide,1,P36888-2,7.73
loperamide,2,P36888,7.713
loperamide,3,P30530-2,7.298
loperamide,4,P30530,7.291
loperamide,5,Q56UN5,7.29
loperamide,6,P06239,7.238
loperamide,7,P04629-3,7.177
loperamide,8,P07333,7.156
loperamide,9,P06239-3,7.117
loperamide,10,Q13163,7.111
losartan,1,P49760-3,6.709
losartan,2,P49760,6.707
losartan,3,P49759,6.64
losartan,4,P49759-3,6.607
losartan,5,Q9HAZ1,6.574
losartan,6,P07333,6.568
losartan,7,Q9H2X6-2,6.447
losartan,8,Q13627,6.432
losartan,9,Q13627-2,6.425
losartan,10,Q13627-4,6.425
loxoprofen,1,P49760-3,6.931
loxoprofen,2,P49760,6.93
loxoprofen,3,P49759,6.79
loxoprofen,4,P49759-3,6.752
loxoprofen,5,P36888-2,6.752
loxoprofen,6,Q13627,6.724
loxoprofen,7,Q56UN5,6.723
loxoprofen,8,Q13627-3,6.721
loxoprofen,9,Q13627-4,6.721
loxoprofen,10,Q13627-2,6.718
lupanine,1,P52333,6.658
lupanine,2,P52333-2,6.658
lupanine,3,O60674,6.544
lupanine,4,P52333-4,6.519
lupanine,5,P11362-15,6.502
lupanine,6,Q8TD08,6.473
lupanine,7,P36888-2,6.465
lupanine,8,O00238,6.443
lupanine,9,O00238-2,6.414
lupanine,10,P29597,6.39
lylamine,1,P36888-2,7.95
lylamine,2,P36888,7.798
lylamine,3,Q56UN5,7.567
lylamine,4,O43283-6,7.169
lylamine,5,P09619,7.144
lylamine,6,P07333,7.03
lylamine,7,O00444-3,7.029
lylamine,8,P35916,6.984
lylamine,9,P35916-1,6.984
lylamine,10,Q96Q11-3,6.977
maprotiline,1,P36888-2,8.148
maprotiline,2,Q56UN5,7.988
maprotiline,3,P36888,7.951
maprotiline,4,O43283-6,7.812
maprotiline,5,Q96Q11-3,7.738
maprotiline,6,Q9UQ07-3,7.657
maprotiline,7,P11362-17,7.615
maprotiline,8,P35558-2,7.566
maprotiline,9,P37173-3,7.565
maprotiline,10,O00444-3,7.544
masitinib,1,Q08345-5,8.227
masitinib,2,Q08345-2,8.154
masitinib,3,Q08345-6,8.146
masitinib,4,Q08345,8.14
masitinib,5,P09619,7.635
masitinib,6,P00519-2,7.458
masitinib,7,P00519,7.455
masitinib,8,P07333,7.402
masitinib,9,P16234,7.345
masitinib,10,P42684-3,7.335
mebendazole,1,Q56UN5,7.261
mebendazole,2,P09619,7.096
mebendazole,3,P36888-2,7.034
mebendazole,4,P16234-3,7.022
mebendazole,5,Q13163,6.984
mebendazole,6,P16234,6.947
mebendazole,7,Q13163-2,6.928
mebendazole,8,Q13163-3,6.922
mebendazole,9,P17948,6.863
mebendazole,10,P36888,6.837
mefenamic-acid,1,P07333,6.794
mefenamic-acid,2,P09619,6.737
mefenamic-acid,3,P16234,6.535
mefenamic-acid,4,Q9UQB9-3,6.375
mefenamic-acid,5,Q9UQB9,6.363
mefenamic-acid,6,P16234-3,6.356
mefenamic-acid,7,Q9UQB9-2,6.354
mefenamic-acid,8,P17948,6.196
mefenamic-acid,9,Q96GD4-5,6.164
mefenamic-acid,10,Q96GD4,6.158
mefexamide,1,P36888-2,6.751
mefexamide,2,P36888,6.695
mefexamide,3,P07333,6.481
mefexamide,4,P16234-3,6.287
mefexamide,5,Q56UN5,6.203
mefexamide,6,P17948,6.091
mefexamide,7,P16234,6.061
mefexamide,8,Q9NSY1-3,5.985
mefexamide,9,P09619,5.984
mefexamide,10,Q9NSY1-2,5.975
melperone,1,P36888-2,6.81
melperone,2,P36888,6.735
melperone,3,P07333,6.729
melperone,4,P09619,6.466
melperone,5,Q56UN5,6.453
melperone,6,O14976,6.451
melperone,7,Q9NSY1-3,6.387
melperone,8,Q9NSY1-2,6.358
melperone,9,P04629-3,6.345
melperone,10,Q16620-6,6.317
memantine,1,O43283-6,7.269
memantine,2,Q56UN5,7.15
memantine,3,Q9UQ07-3,7.118
memantine,4,Q96Q11-3,7.081
memantine,5,P11362-17,7.061
memantine,6,P35558-2,7.033
memantine,7,Q6ZMQ8-2,7.018
memantine,8,P37173-3,6.996
memantine,9,O96017-10,6.984
memantine,10,O43283-3,6.962
menadione,1,Q56UN5,7.008
menadione,2,O43283-6,6.837
menadione,3,P11362-17,6.743
menadione,4,P11362-15,6.724
menadione,5,Q9UQ07-3,6.722
menadione,6,Q96Q11-3,6.665
menadione,7,O96017-10,6.641
menadione,8,P35558-2,6.629
menadione,9,P49759-2,6.607
menadione,10,Q6ZMQ8-2,6.588
mepireserpate,1,P36888-2,8.321
mepireserpate,2,P36888,8.264
mepireserpate,3,P09619,7.656
mepireserpate,4,Q56UN5,7.641
mepireserpate,5,Q16620-2,7.545
mepireserpate,6,Q16620-5,7.535
mepireserpate,7,Q16620-3,7.531
mepireserpate,8,P04629-3,7.474
mepireserpate,9,Q16620-6,7.472
mepireserpate,10,P07949,7.437
meprylcaine,1,Q56UN5,7.131
meprylcaine,2,P36888-2,7.032
meprylcaine,3,P36888,7.01
meprylcaine,4,Q9NSY1-3,6.913
meprylcaine,5,Q9NSY1-2,6.884
meprylcaine,6,P52333,6.857
meprylcaine,7,P52333-2,6.857
meprylcaine,8,Q9NSY1,6.811
meprylcaine,9,O43283-6,6.774
meprylcaine,10,Q2M2I8-2,6.755
meptazinol,1,Q56UN5,7.034
meptazinol,2,P36888-2,6.947
meptazinol,3,P36888,6.846
meptazinol,4,O43283-6,6.786
meptazinol,5,Q96Q11-3,6.763
meptazinol,6,Q9UQ07-3,6.741
meptazinol,7,P35558-2,6.731
meptazinol,8,P11362-15,6.729
meptazinol,9,P49759-2,6.65
meptazinol,10,P11362-17,6.648
mepyramine,1,P07333,6.158
mepyramine,2,Q56UN5,5.947
mepyramine,3,Q9Y463,5.873
mepyramine,4,Q05655-2,5.859
mepyramine,5,Q05655,5.849
mepyramine,6,P10398,5.841
mepyramine,7,P49841,5.838
mepyramine,8,Q9Y463-3,5.838
mepyramine,9,P49841-2,5.832
mepyramine,10,Q02156,5.827
mestranol,1,Q56UN5,8.085
mestranol,2,O43283-6,7.975
mestranol,3,Q9UQ07-3,7.862
mestranol,4,Q6ZMQ8-2,7.785
mestranol,5,Q96Q11-3,7.782
mestranol,6,P49761-2,7.74
mestranol,7,P35558-2,7.735
mestranol,8,P11362-17,7.723
mestranol,9,P37173-3,7.721
mestranol,10,Q16620-5,7.707
metergoline,1,Q02156,6.953
metergoline,2,P36888-2,6.751
metergoline,3,Q05655-2,6.738
metergoline,4,Q05655,6.737
metergoline,5,Q56UN5,6.711
metergoline,6,P24723-2,6.71
metergoline,7,Q04759-3,6.706
metergoline,8,P36888,6.693
metergoline,9,Q04759,6.658
metergoline,10,P24723,6.638
methandriol,1,Q9UQ07-3,7.938
methandriol,2,Q96Q11-3,7.851
methandriol,3,O43283-6,7.829
methandriol,4,P11362-17,7.788
methandriol,5,P49761-2,7.746
methandriol,6,Q6ZMQ8-2,7.721
methandriol,7,P37173-3,7.694
methandriol,8,Q56UN5,7.669
methandriol,9,P35558-2,7.652
methandriol,10,Q16854-6,7.613
methimazole,1,P11362-15,6.159
methimazole,2,O60674,5.952
methimazole,3,P07333-2,5.925
methimazole,4,O43283-6,5.887
methimazole,5,P52333,5.862
methimazole,6,P52333-2,5.862
methimazole,7,P09619-2,5.853
methimazole,8,P35558-2,5.836
methimazole,9,P11362-17,5.832
methimazole,10,P16234-2,5.799
methotrexate,1,P49760,6.506
methotrexate,2,P49760-3,6.506
methotrexate,3,P49759,6.495
methotrexate,4,P49759-3,6.469
methotrexate,5,Q02156,6.375
methotrexate,6,Q9HAZ1,6.351
methotrexate,7,Q9Y463,6.324
methotrexate,8,Q13627-4,6.317
methotrexate,9,Q13627-3,6.316
methotrexate,10,Q13627-5,6.305
methylene-blue,1,Q56UN5,6.328
methylene-blue,2,P11362-15,6.126
methylene-blue,3,P07333,6.079
methylene-blue,4,Q13163-2,6.069
methylene-blue,5,P49759,6.061
methylene-blue,6,P48736,6.06
methylene-blue,7,Q13163-3,6.06
methylene-blue,8,Q13163,6.054
methylene-blue,9,O75747-2,6.049
methylene-blue,10,O43283-6,6.043
methylnorlichexanthone,1,Q13627-3,6.916
methylnorlichexanthone,2,Q13627-4,6.915
methylnorlichexanthone,3,Q13627-5,6.908
methylnorlichexanthone,4,Q13627,6.901
methylnorlichexanthone,5,Q13627-2,6.896
methylnorlichexanthone,6,Q9Y463,6.799
methylnorlichexanthone,7,Q9Y463-3,6.767
methylnorlichexanthone,8,Q9Y463-2,6.748
methylnorlichexanthone,9,P49759,6.646
methylnorlichexanthone,10,P49760,6.633
methylprednisolone,1,Q96Q11-3,8.264
methylprednisolone,2,Q9UQ07-3,8.253
methylprednisolone,3,Q56UN5,8.166
methylprednisolone,4,O43283-6,8.116
methylprednisolone,5,P11362-17,8.087
methylprednisolone,6,P37173-3,8.084
methylprednisolone,7,P35558-2,8.06
methylprednisolone,8,P49761-2,8.055
methylprednisolone,9,Q6ZMQ8-2,7.947
methylprednisolone,10,P49759-2,7.93
metoclopramide,1,P07333,6.694
metoclopramide,2,P36888-2,6.312
metoclopramide,3,Q13163-4,6.312
metoclopramide,4,P36888,6.293
metoclopramide,5,Q13163,6.287
metoclopramide,6,P30530-2,6.244
metoclopramide,7,P30530,6.235
metoclopramide,8,Q13163-3,6.164
metoclopramide,9,Q13163-2,6.159
metoclopramide,10,P09619,6.118
metolazone,1,P07333,6.837
metolazone,2,P36888,6.653
metolazone,3,P36888-2,6.642
metolazone,4,P49759,6.548
metolazone,5,P49759-3,6.528
metolazone,6,Q7L7X3,6.516
metolazone,7,Q56UN5,6.498
metolazone,8,P49760,6.487
metolazone,9,P49760-3,6.485
metolazone,10,Q9H2K8,6.465
metoprolol,1,P36888-2,6.632
metoprolol,2,P36888,6.592
metoprolol,3,Q9HAZ1,6.443
metoprolol,4,P49760-3,6.4
metoprolol,5,P49760,6.397
metoprolol,6,Q8TD08,6.363
metoprolol,7,P49759,6.352
metoprolol,8,Q56UN5,6.32
metoprolol,9,Q13627-3,6.319
metoprolol,10,Q13627-4,6.319
mibefradil,1,P36888-2,8.252
mibefradil,2,P36888,8.135
mibefradil,3,P09619,7.656
mibefradil,4,Q56UN5,7.567
mibefradil,5,Q9UQB9,7.419
mibefradil,6,Q9UQB9-2,7.411
mibefradil,7,O00444,7.409
mibefradil,8,Q9UQB9-3,7.408
mibefradil,9,O00444-3,7.386
mibefradil,10,Q13163,7.381
midodrine,1,P49759,6.493
midodrine,2,P49759-3,6.456
midodrine,3,Q9HAZ1,6.399
midodrine,4,P49760-3,6.356
midodrine,5,P49760,6.355
midodrine,6,P36888,6.353
midodrine,7,P36888-2,6.306
midodrine,8,Q16288-2,6.222
midodrine,9,Q13627-4,6.22
midodrine,10,Q13627-3,6.219
midostaurin,1,P36888-2,8.25
midostaurin,2,P36888,8.245
midostaurin,3,P52333,8.081
midostaurin,4,P52333-2,8.081
midostaurin,5,Q9H093,7.947
midostaurin,6,Q16512,7.941
midostaurin,7,Q56UN5,7.936
midostaurin,8,Q16512-2,7.904
midostaurin,9,Q9UHD2,7.813
midostaurin,10,Q16513-3,7.784
miglitol,1,P29597,6.396
miglitol,2,Q56UN5,6.392
miglitol,3,P35558-2,6.337
miglitol,4,O43283-6,6.319
miglitol,5,Q96Q11-3,6.299
miglitol,6,O96017-10,6.265
miglitol,7,Q15772-4,6.257
miglitol,8,O00329-2,6.254
miglitol,9,P52333-4,6.233
miglitol,10,Q9UQ07-3,6.231
milnacipran,1,P36888-2,7.472
milnacipran,2,P36888,7.395
milnacipran,3,Q56UN5,6.971
milnacipran,4,O43283-6,6.917
milnacipran,5,Q9UQ07-3,6.887
milnacipran,6,Q96Q11-3,6.871
milnacipran,7,P35558-2,6.801
milnacipran,8,P37173-3,6.795
milnacipran,9,Q16854-6,6.793
milnacipran,10,P11362-17,6.771
milrinone,1,Q56UN5,7.368
milrinone,2,P49760,6.95
milrinone,3,P49760-3,6.944
milrinone,4,O43283-6,6.922
milrinone,5,Q9HAZ1,6.912
milrinone,6,P49759-3,6.907
milrinone,7,P49759,6.897
milrinone,8,O60674,6.885
milrinone,9,O14976,6.805
milrinone,10,Q56UN5-3,6.74
mirin,1,Q56UN5,6.842
mirin,2,P49760,6.803
mirin,3,P49760-3,6.802
mirin,4,Q9UQ07-3,6.711
mirin,5,P49759,6.699
mirin,6,P49759-3,6.673
mirin,7,Q13627-3,6.662
mirin,8,O43283-6,6.662
mirin,9,Q13627-4,6.661
mirin,10,P11362-17,6.649
mirtazapine,1,O60674,6.793
mirtazapine,2,P11362-15,6.631
mirtazapine,3,P52333,6.63
mirtazapine,4,P52333-2,6.63
mirtazapine,5,O00238,6.579
mirtazapine,6,O00238-2,6.562
mirtazapine,7,Q56UN5,6.554
mirtazapine,8,Q08345-5,6.533
mirtazapine,9,Q08345-2,6.509
mirtazapine,10,Q08345,6.505
mocetinostat,1,P07333,6.768
mocetinostat,2,Q08345-5,6.501
mocetinostat,3,Q08345-2,6.457
mocetinostat,4,Q08345-6,6.45
mocetinostat,5,Q08345,6.441
mocetinostat,6,P09619,6.391
mocetinostat,7,P16234,6.375
mocetinostat,8,P16234-3,6.244
mocetinostat,9,P15056,6.181
mocetinostat,10,P10721-2,6.153
mocimycin,1,P36888-2,7.549
mocimycin,2,P36888,7.526
mocimycin,3,P52333,7.504
mocimycin,4,P52333-2,7.504
mocimycin,5,Q56UN5,7.403
mocimycin,6,O60674,7.38
mocimycin,7,P52333-4,7.306
mocimycin,8,O43283-6,7.302
mocimycin,9,Q9H093,7.288
mocimycin,10,O00444-3,7.282
moclobemide,1,Q13163-4,6.73
moclobemide,2,Q13163,6.725
moclobemide,3,P07333,6.679
moclobemide,4,Q13163-2,6.572
moclobemide,5,Q13163-3,6.571
moclobemide,6,P36888,6.522
moclobemide,7,P36888-2,6.515
moclobemide,8,P09619,6.408
moclobemide,9,Q16288-2,6.327
moclobemide,10,Q56UN5,6.314
molsidomine,1,Q56UN5,7.119
molsidomine,2,O43283-6,6.755
molsidomine,3,Q96Q11-3,6.692
molsidomine,4,P37173-3,6.613
molsidomine,5,P11362-17,6.579
molsidomine,6,P35558-2,6.545
molsidomine,7,O96017-10,6.535
molsidomine,8,Q9UQ07-3,6.523
molsidomine,9,O43283-3,6.508
molsidomine,10,O75417-2,6.503
mosapride,1,P36888,6.549
mosapride,2,Q8NE63,6.528
mosapride,3,Q16288,6.496
mosapride,4,Q16288-4,6.491
mosapride,5,Q16288-3,6.481
mosapride,6,Q16288-5,6.469
mosapride,7,P00533,6.446
mosapride,8,Q16620-4,6.381
mosapride,9,Q16620,6.376
mosapride,10,Q8TD08-2,6.372
motesanib,1,P07333,8.011
motesanib,2,P16234,7.951
motesanib,3,P16234-3,7.912
motesanib,4,P09619,7.853
motesanib,5,P17948,7.661
motesanib,6,P10721-2,7.503
motesanib,7,P10721,7.501
motesanib,8,Q9NYL2,7.434
motesanib,9,P35968,7.389
motesanib,10,Q9NYL2-2,6.928
naftidrofuryl,1,Q56UN5,7.502
naftidrofuryl,2,P36888-2,7.19
naftidrofuryl,3,P36888,7.121
naftidrofuryl,4,Q9NSY1-3,7.007
naftidrofuryl,5,Q9NSY1-2,7.0
naftidrofuryl,6,Q9NSY1,6.944
naftidrofuryl,7,O43283-6,6.892
naftidrofuryl,8,P49760,6.886
naftidrofuryl,9,P49760-3,6.885
naftidrofuryl,10,Q2M2I8-2,6.853
naftifine,1,P49760,6.194
naftifine,2,P49760-3,6.191
naftifine,3,Q56UN5,6.154
naftifine,4,P49759,6.129
naftifine,5,P49759-3,6.111
naftifine,6,Q9HAZ1,6.091
naftifine,7,P49674,6.071
naftifine,8,Q9NSY1-3,6.066
naftifine,9,P35968,6.062
naftifine,10,Q9NSY1-2,6.053
nalbuphine,1,Q56UN5,7.777
nalbuphine,2,Q9UQ07-3,7.496
nalbuphine,3,O43283-6,7.447
nalbuphine,4,Q96Q11-3,7.41
nalbuphine,5,P49761-2,7.402
nalbuphine,6,P11362-17,7.353
nalbuphine,7,P35558-2,7.347
nalbuphine,8,Q6ZMQ8-2,7.334
nalbuphine,9,P37173-3,7.317
nalbuphine,10,P49759-2,7.291
naltrexone,1,Q56UN5,7.855
naltrexone,2,Q9UQ07-3,7.632
naltrexone,3,Q96Q11-3,7.546
naltrexone,4,P49761-2,7.514
naltrexone,5,O43283-6,7.49
naltrexone,6,P35558-2,7.466
naltrexone,7,P37173-3,7.455
naltrexone,8,P11362-17,7.425
naltrexone,9,O96017-10,7.397
naltrexone,10,P49759-2,7.372
naltrindole,1,Q56UN5,8.177
naltrindole,2,P36888-2,7.824
naltrindole,3,O43283-6,7.747
naltrindole,4,P36888,7.734
naltrindole,5,Q9UQ07-3,7.7
naltrindole,6,P35558-2,7.633
naltrindole,7,Q96Q11-3,7.599
naltrindole,8,O75417-2,7.57
naltrindole,9,P37173-3,7.548
naltrindole,10,P49761-2,7.548
narciclasine,1,Q9UQ07-3,7.141
narciclasine,2,P49760,7.134
narciclasine,3,P49760-3,7.133
narciclasine,4,Q13627-3,7.1
narciclasine,5,Q13627-4,7.1
narciclasine,6,Q13627-5,7.081
narciclasine,7,Q13627,7.074
narciclasine,8,Q13627-2,7.071
narciclasine,9,P49761-2,7.056
narciclasine,10,P49759,6.968
nateglinide,1,P49760-3,7.359
nateglinide,2,P49760,7.357
nateglinide,3,P49759,7.151
nateglinide,4,P49759-3,7.113
nateglinide,5,P36888,7.074
nateglinide,6,P36888-2,7.032
nateglinide,7,Q8TD08,7.03
nateglinide,8,Q9HAZ1,7.004
nateglinide,9,Q56UN5,6.923
nateglinide,10,Q13627,6.881
necrostatin-1,1,Q56UN5,6.959
necrostatin-1,2,O43283-6,6.748
necrostatin-1,3,P49760,6.708
necrostatin-1,4,P49760-3,6.705
necrostatin-1,5,Q9UQ07-3,6.693
necrostatin-1,6,P35558-2,6.68
necrostatin-1,7,P52333,6.652
necrostatin-1,8,P52333-2,6.652
necrostatin-1,9,Q96Q11-3,6.649
necrostatin-1,10,P11362-17,6.632
nefazodone,1,P07333,7.476
nefazodone,2,Q08345,7.371
nefazodone,3,Q08345-5,7.36
nefazodone,4,Q08345-6,7.354
nefazodone,5,Q08345-2,7.351
nefazodone,6,Q16620-4,6.751
nefazodone,7,Q16620,6.747
nefazodone,8,Q16620-6,6.72
nefazodone,9,P09619,6.681
nefazodone,10,Q16288,6.642
nefopam,1,Q56UN5,6.965
nefopam,2,P36888-2,6.886
nefopam,3,Q13163,6.802
nefopam,4,P11362-15,6.706
nefopam,5,Q13163-3,6.706
nefopam,6,Q13163-2,6.705
nefopam,7,P36888,6.645
nefopam,8,P52333-4,6.628
nefopam,9,Q08345-2,6.585
nefopam,10,P07949,6.579
nelfinavir,1,P36888,7.013
nelfinavir,2,Q56UN5,7.009
nelfinavir,3,Q8TD08,7.009
nelfinavir,4,P36888-2,6.998
nelfinavir,5,P50613,6.967
nelfinavir,6,Q9UQ07-3,6.906
nelfinavir,7,Q96Q11-3,6.888
nelfinavir,8,Q9NSY1-2,6.851
nelfinavir,9,Q9NSY1-3,6.848
nelfinavir,10,Q8TD08-2,6.831
nemonapride,1,Q08345-5,6.917
nemonapride,2,Q08345,6.894
nemonapride,3,Q08345-2,6.884
nemonapride,4,P07333,6.882
nemonapride,5,Q08345-6,6.88
nemonapride,6,P50613,6.851
nemonapride,7,P36888,6.8
nemonapride,8,Q9H2K8,6.731
nemonapride,9,P36888-2,6.638
nemonapride,10,Q8N5S9,6.627
nicotinamide,1,P15056,6.479
nicotinamide,2,P10398,6.251
nicotinamide,3,O60674,6.136
nicotinamide,4,P52333,6.119
nicotinamide,5,P52333-2,6.119
nicotinamide,6,P11362-15,6.044
nicotinamide,7,O43283-6,5.982
nicotinamide,8,P11362-17,5.927
nicotinamide,9,P52333-4,5.918
nicotinamide,10,P29597,5.895
nifurtimox,1,P52333-4,6.751
nifurtimox,2,P52333,6.65
nifurtimox,3,P52333-2,6.65
nifurtimox,4,P29597,6.536
nifurtimox,5,O60674,6.519
nifurtimox,6,O00443-2,6.421
nifurtimox,7,P36888-2,6.411
nifurtimox,8,P11362-15,6.408
nifurtimox,9,Q9H093,6.408
nifurtimox,10,Q9NSY1-3,6.373
niguldipine,1,P36888-2,9.287
niguldipine,2,P36888,9.152
niguldipine,3,P09619,8.845
niguldipine,4,Q56UN5,8.553
niguldipine,5,P07333,8.383
niguldipine,6,P07949,8.336
niguldipine,7,P07949-2,8.336
niguldipine,8,P10721,8.255
niguldipine,9,P10721-2,8.236
niguldipine,10,P04629-3,8.145
nikkomycin,1,Q13627-4,7.245
nikkomycin,2,Q13627-3,7.242
nikkomycin,3,Q13627-5,7.223
nikkomycin,4,Q13627,7.214
nikkomycin,5,Q13627-2,7.21
nikkomycin,6,P49760,7.199
nikkomycin,7,P49760-3,7.199
nikkomycin,8,P49759,7.169
nikkomycin,9,P49759-3,7.118
nikkomycin,10,P52333,7.076
nilotinib,1,Q08345-6,9.032
nilotinib,2,Q08345-2,9.031
nilotinib,3,Q08345,9.02
nilotinib,4,Q08345-5,8.941
nilotinib,5,P42684-3,7.58
nilotinib,6,P42684-10,7.573
nilotinib,7,P42684,7.57
nilotinib,8,P42684-6,7.564
nilotinib,9,P42684-2,7.563
nilotinib,10,P42684-7,7.558
nimesulide,1,P10398,6.508
nimesulide,2,P04049-2,6.484
nimesulide,3,P04049,6.464
nimesulide,4,P15056,6.399
nimesulide,5,P11362-15,6.386
nimesulide,6,P35590-3,6.376
nimesulide,7,P17948-2,6.352
nimesulide,8,P17948-4,6.336
nimesulide,9,P35590-2,6.325
nimesulide,10,P17948-3,6.254
nimodipine,1,P36888-2,7.966
nimodipine,2,P36888,7.936
nimodipine,3,P09619,7.66
nimodipine,4,P07333,7.51
nimodipine,5,Q56UN5,7.499
nimodipine,6,Q13163,7.223
nimodipine,7,Q13163-3,7.148
nimodipine,8,Q9NSY1-3,7.148
nimodipine,9,Q13163-2,7.147
nimodipine,10,P04629-3,7.131
nitazoxanide,1,P07333,6.563
nitazoxanide,2,P36888,6.37
nitazoxanide,3,P36888-2,6.336
nitazoxanide,4,Q16620-2,6.269
nitazoxanide,5,Q16620-5,6.253
nitazoxanide,6,Q16620-3,6.241
nitazoxanide,7,Q16620-6,6.236
nitazoxanide,8,P09619,6.193
nitazoxanide,9,O60674,6.169
nitazoxanide,10,Q16620-4,6.164
nitrendipine,1,P36888,7.469
nitrendipine,2,P36888-2,7.462
nitrendipine,3,Q56UN5,7.377
nitrendipine,4,P09619,7.139
nitrendipine,5,Q13163,7.083
nitrendipine,6,Q9NSY1-3,7.082
nitrendipine,7,Q9NSY1-2,7.056
nitrendipine,8,P07333,7.023
nitrendipine,9,Q13163-2,7.007
nitrendipine,10,Q13163-3,7.006
nitrocaramiphen,1,P36888-2,7.732
nitrocaramiphen,2,P36888,7.56
nitrocaramiphen,3,P30530-2,7.319
nitrocaramiphen,4,P30530,7.301
nitrocaramiphen,5,O00444,7.257
nitrocaramiphen,6,Q56UN5,7.238
nitrocaramiphen,7,Q9UQB9,7.227
nitrocaramiphen,8,Q9UQB9-3,7.211
nitrocaramiphen,9,Q9UQB9-2,7.2
nitrocaramiphen,10,O00444-3,7.196
nitrofural,1,P07333,6.325
nitrofural,2,P36888-2,6.249
nitrofural,3,P36888,6.229
nitrofural,4,P15056,6.207
nitrofural,5,Q13627-3,6.203
nitrofural,6,Q13627-5,6.202
nitrofural,7,Q13627-4,6.2
nitrofural,8,Q13627,6.199
nitrofural,9,Q13627-2,6.196
nitrofural,10,P49759,6.195
nizatidine,1,Q02156,6.501
nizatidine,2,Q56UN5,6.406
nizatidine,3,P49760,6.298
nizatidine,4,Q04759,6.298
nizatidine,5,P49760-3,6.298
nizatidine,6,Q04759-3,6.297
nizatidine,7,Q05655,6.248
nizatidine,8,Q16512,6.245
nizatidine,9,Q05655-2,6.232
nizatidine,10,Q86V86,6.193
nocodazole,1,P09619,7.21
nocodazole,2,Q56UN5,7.086
nocodazole,3,Q13163,7.041
nocodazole,4,Q13163-2,7.021
nocodazole,5,Q13163-3,7.011
nocodazole,6,P16234,7.007
nocodazole,7,P16234-3,6.881
nocodazole,8,Q13163-4,6.863
nocodazole,9,P07333,6.86
nocodazole,10,Q02750,6.628
nomifensine,1,Q56UN5,6.462
nomifensine,2,P09619,6.326
nomifensine,3,P11362-15,6.323
nomifensine,4,Q02156,6.323
nomifensine,5,P52333,6.295
nomifensine,6,P52333-2,6.295
nomifensine,7,P36888-2,6.289
nomifensine,8,Q13163,6.266
nomifensine,9,P07333,6.258
nomifensine,10,P49760,6.244
nonoxynol-9,1,P36888-2,6.782
nonoxynol-9,2,P36888,6.737
nonoxynol-9,3,P07333,6.611
nonoxynol-9,4,Q56UN5,6.548
nonoxynol-9,5,Q16620-6,6.333
nonoxynol-9,6,P04629-3,6.314
nonoxynol-9,7,Q16620-4,6.298
nonoxynol-9,8,Q16620,6.296
nonoxynol-9,9,Q16288-2,6.295
nonoxynol-9,10,Q16288-4,6.293
noretynodrel,1,Q56UN5,8.412
noretynodrel,2,O43283-6,8.333
noretynodrel,3,Q9UQ07-3,8.287
noretynodrel,4,Q96Q11-3,8.223
noretynodrel,5,Q6ZMQ8-2,8.19
noretynodrel,6,P49761-2,8.15
noretynodrel,7,P35558-2,8.13
noretynodrel,8,P11362-17,8.117
noretynodrel,9,P37173-3,8.115
noretynodrel,10,O43283-3,8.021
norgestimate,1,Q56UN5,8.093
norgestimate,2,O43283-6,7.731
norgestimate,3,Q96Q11-3,7.667
norgestimate,4,P37173-3,7.524
norgestimate,5,Q9UQ07-3,7.468
norgestimate,6,O75417-2,7.461
norgestimate,7,P35558-2,7.416
norgestimate,8,Q6ZMQ8-2,7.4
norgestimate,9,P11362-17,7.392
norgestimate,10,O43283-3,7.351
norgestrel,1,Q56UN5,8.125
norgestrel,2,O43283-6,8.052
norgestrel,3,Q9UQ07-3,8.013
norgestrel,4,Q96Q11-3,7.998
norgestrel,5,P37173-3,7.911
norgestrel,6,Q6ZMQ8-2,7.908
norgestrel,7,P35558-2,7.873
norgestrel,8,P11362-17,7.871
norgestrel,9,P49761-2,7.853
norgestrel,10,O43283-3,7.786
nortriptyline,1,P36888-2,7.152
nortriptyline,2,P16234-3,7.091
nortriptyline,3,P36888,7.035
nortriptyline,4,Q9UQB9-3,7.009
nortriptyline,5,Q9UQB9,7.007
nortriptyline,6,Q9UQB9-2,6.992
nortriptyline,7,P16234-2,6.985
nortriptyline,8,P16234,6.976
nortriptyline,9,Q56UN5,6.92
nortriptyline,10,Q9NSY1-2,6.915
noscapine,1,P36888-2,7.559
noscapine,2,P36888,7.42
noscapine,3,Q08345-2,7.248
noscapine,4,P09619,7.246
noscapine,5,Q08345-5,7.24
noscapine,6,Q08345,7.238
noscapine,7,Q08345-6,7.238
noscapine,8,Q56UN5,7.218
noscapine,9,P07949,7.061
noscapine,10,P07949-2,7.061
obatoclax,1,Q56UN5,7.876
obatoclax,2,P09619,7.785
obatoclax,3,P16234,7.572
obatoclax,4,P16234-3,7.448
obatoclax,5,P17948,7.401
obatoclax,6,P35968,7.37
obatoclax,7,P35916,7.22
obatoclax,8,P35916-1,7.22
obatoclax,9,O43283-6,7.176
obatoclax,10,P16234-2,7.138
olaparib,1,P36888,8.18
olaparib,2,P36888-2,8.058
olaparib,3,P09619,7.608
olaparib,4,P07333,7.577
olaparib,5,P10721,7.319
olaparib,6,P10721-2,7.317
olaparib,7,P16234,7.181
olaparib,8,P04629,7.175
olaparib,9,P04629-2,7.169
olaparib,10,P04629-3,7.162
oleoylethanolamide,1,P49759,6.408
oleoylethanolamide,2,P49759-3,6.383
oleoylethanolamide,3,Q56UN5,6.343
oleoylethanolamide,4,Q96Q11-3,6.334
oleoylethanolamide,5,P36888,6.322
oleoylethanolamide,6,P36888-2,6.304
oleoylethanolamide,7,P35558-2,6.301
oleoylethanolamide,8,O43283-6,6.294
oleoylethanolamide,9,P10398,6.284
oleoylethanolamide,10,Q9UQ07-3,6.281
oleylethanolamide,1,P49759,6.408
oleylethanolamide,2,P49759-3,6.383
oleylethanolamide,3,Q56UN5,6.343
oleylethanolamide,4,Q96Q11-3,6.334
oleylethanolamide,5,P36888,6.322
oleylethanolamide,6,P36888-2,6.304
oleylethanolamide,7,P35558-2,6.301
oleylethanolamide,8,O43283-6,6.294
oleylethanolamide,9,P10398,6.284
oleylethanolamide,10,Q9UQ07-3,6.281
oligomycin-a,1,Q56UN5,7.835
oligomycin-a,2,Q9UQ07-3,7.561
oligomycin-a,3,O43283-6,7.549
oligomycin-a,4,Q96Q11-3,7.534
oligomycin-a,5,P37173-3,7.524
oligomycin-a,6,Q8TD08,7.463
oligomycin-a,7,P36888-2,7.462
oligomycin-a,8,P36888,7.459
oligomycin-a,9,P35558-2,7.458
oligomycin-a,10,Q6ZMQ8-2,7.442
ondansetron,1,Q56UN5,6.764
ondansetron,2,Q02156,6.623
ondansetron,3,O43283-6,6.479
ondansetron,4,P11362-15,6.452
ondansetron,5,P52333,6.392
ondansetron,6,P52333-2,6.392
ondansetron,7,P16234-2,6.374
ondansetron,8,P09619-2,6.342
ondansetron,9,P52333-4,6.296
ondansetron,10,Q96Q11-3,6.284
orantinib,1,Q9NSY1-2,7.748
orantinib,2,Q9NSY1-3,7.743
orantinib,3,P09619,7.685
orantinib,4,Q9NSY1,7.645
orantinib,5,P36888-2,7.606
orantinib,6,P36888,7.569
orantinib,7,Q2M2I8,7.486
orantinib,8,P16234,7.442
orantinib,9,Q2M2I8-2,7.41
orantinib,10,P49760-3,7.386
orphenadrine,1,Q9NSY1-2,6.52
orphenadrine,2,Q9NSY1-3,6.509
orphenadrine,3,Q2M2I8,6.494
orphenadrine,4,Q56UN5,6.49
orphenadrine,5,P49759,6.48
orphenadrine,6,Q2M2I8-2,6.459
orphenadrine,7,Q9NSY1,6.438
orphenadrine,8,P49759-3,6.438
orphenadrine,9,Q9HAZ1,6.402
orphenadrine,10,P36888-2,6.335
oxantel,1,Q56UN5,6.708
oxantel,2,O00443,6.579
oxantel,3,O75747-2,6.574
oxantel,4,P48736,6.568
oxantel,5,P57078-2,6.557
oxantel,6,Q9BVS4,6.552
oxantel,7,Q9BVS4-2,6.527
oxantel,8,P57078,6.511
oxantel,9,O00750,6.469
oxantel,10,P11362-15,6.453
oxfendazole,1,Q56UN5,7.111
oxfendazole,2,P36888-2,6.888
oxfendazole,3,O14976,6.747
oxfendazole,4,P36888,6.732
oxfendazole,5,P16234-3,6.687
oxfendazole,6,O43283-6,6.646
oxfendazole,7,P09619,6.622
oxfendazole,8,P16234,6.574
oxfendazole,9,P35558-2,6.533
oxfendazole,10,P11362-15,6.524
oxiconazole,1,P07333,6.447
oxiconazole,2,P15056,6.314
oxiconazole,3,P10398,6.311
oxiconazole,4,P04049-2,6.195
oxiconazole,5,P04049,6.188
oxiconazole,6,P50613,5.941
oxiconazole,7,Q9NYL2,5.933
oxiconazole,8,O76039,5.912
oxiconazole,9,O76039-1,5.911
oxiconazole,10,Q9H3Y6,5.907
oxotremorine,1,Q56UN5,6.904
oxotremorine,2,Q9NSY1-3,6.5
oxotremorine,3,Q9NSY1-2,6.492
oxotremorine,4,O43283-6,6.465
oxotremorine,5,Q9NSY1,6.436
oxotremorine,6,P35558-2,6.376
oxotremorine,7,P49760,6.361
oxotremorine,8,P49760-3,6.358
oxotremorine,9,P49759,6.346
oxotremorine,10,P49759-3,6.338
oxprenolol,1,P49760-3,6.785
oxprenolol,2,P49760,6.783
oxprenolol,3,Q56UN5,6.73
oxprenolol,4,Q9HAZ1,6.722
oxprenolol,5,P49759,6.707
oxprenolol,6,P49759-3,6.665
oxprenolol,7,Q13627,6.661
oxprenolol,8,Q13627-2,6.661
oxprenolol,9,Q13627-3,6.66
oxprenolol,10,Q13627-4,6.66
oxybuprocaine,1,P07333,7.011
oxybuprocaine,2,P36888-2,6.932
oxybuprocaine,3,Q56UN5,6.848
oxybuprocaine,4,P36888,6.799
oxybuprocaine,5,Q13163,6.604
oxybuprocaine,6,P30530-2,6.597
oxybuprocaine,7,Q02750,6.573
oxybuprocaine,8,P30530,6.571
oxybuprocaine,9,Q9NSY1-3,6.571
oxybuprocaine,10,Q9NSY1,6.562
oxybutynin,1,Q56UN5,7.704
oxybutynin,2,O43283-6,7.127
oxybutynin,3,P36888-2,7.088
oxybutynin,4,O75417-2,7.06
oxybutynin,5,Q96Q11-3,7.052
oxybutynin,6,Q13163-4,7.032
oxybutynin,7,Q13163,6.989
oxybutynin,8,P35558-2,6.987
oxybutynin,9,Q9H093,6.985
oxybutynin,10,P36888,6.951
oxymetholone,1,Q9UQ07-3,8.077
oxymetholone,2,Q96Q11-3,7.964
oxymetholone,3,O43283-6,7.955
oxymetholone,4,P11362-17,7.913
oxymetholone,5,P49761-2,7.872
oxymetholone,6,P35558-2,7.858
oxymetholone,7,P37173-3,7.824
oxymetholone,8,Q6ZMQ8-2,7.803
oxymetholone,9,Q16854-6,7.762
oxymetholone,10,P49759-2,7.741
ozagrel,1,P49760,6.147
ozagrel,2,P49760-3,6.144
ozagrel,3,Q9UKE5,6.079
ozagrel,4,Q9UKE5-4,6.076
ozagrel,5,Q9UKE5-7,6.072
ozagrel,6,Q9UKE5-2,6.07
ozagrel,7,Q9UKE5-6,6.07
ozagrel,8,Q9UKE5-3,6.067
ozagrel,9,O95819-3,6.065
ozagrel,10,Q9UKE5-5,6.065
paclitaxel,1,P36888-2,8.309
paclitaxel,2,P36888,8.276
paclitaxel,3,Q56UN5,8.002
paclitaxel,4,O43283-6,7.801
paclitaxel,5,Q9UQ07-3,7.737
paclitaxel,6,Q96Q11-3,7.719
paclitaxel,7,P37173-3,7.69
paclitaxel,8,P04629-3,7.624
paclitaxel,9,O00444-3,7.618
paclitaxel,10,P35558-2,7.616
palbociclib,1,O60674,7.862
palbociclib,2,P52333,7.52
palbociclib,3,P52333-2,7.52
palbociclib,4,O14976,7.48
palbociclib,5,Q9H093,7.449
palbociclib,6,O00444,7.29
palbociclib,7,O00444-3,7.232
palbociclib,8,P09769,7.198
palbociclib,9,P06239-3,7.191
palbociclib,10,P06239,7.187
palmitoylethanolamide,1,P15056,6.353
palmitoylethanolamide,2,P10398,6.317
palmitoylethanolamide,3,Q56UN5,6.155
palmitoylethanolamide,4,P07333,6.152
palmitoylethanolamide,5,P04049-2,6.111
palmitoylethanolamide,6,P04049,6.099
palmitoylethanolamide,7,P36888-2,6.098
palmitoylethanolamide,8,P36888,6.082
palmitoylethanolamide,9,Q9Y572-3,6.046
palmitoylethanolamide,10,Q9Y572-2,6.036
pantoprazole,1,P07333,6.67
pantoprazole,2,P09619,6.55
pantoprazole,3,P16234-3,6.49
pantoprazole,4,P16234,6.486
pantoprazole,5,P08581-2,6.454
pantoprazole,6,Q56UN5,6.453
pantoprazole,7,P08581,6.429
pantoprazole,8,O14976,6.366
pantoprazole,9,Q9H2G2,6.308
pantoprazole,10,Q9H2G2-2,6.301
papaverine,1,P07333,6.743
papaverine,2,Q16620-2,6.305
papaverine,3,Q16620-5,6.279
papaverine,4,Q16620-3,6.256
papaverine,5,Q16620-4,6.168
papaverine,6,Q16288-2,6.167
papaverine,7,Q16620,6.141
papaverine,8,Q16620-6,6.115
papaverine,9,Q16288,6.067
papaverine,10,Q16288-3,6.064
parbendazole,1,P07333,6.896
parbendazole,2,Q56UN5,6.767
parbendazole,3,P16234-3,6.747
parbendazole,4,P09619,6.621
parbendazole,5,P16234,6.613
parbendazole,6,Q13163,6.43
parbendazole,7,P17948-2,6.403
parbendazole,8,Q13163-2,6.36
parbendazole,9,Q13163-3,6.358
parbendazole,10,Q13163-4,6.336
parecoxib,1,P36888,6.711
parecoxib,2,Q56UN5,6.678
parecoxib,3,P36888-2,6.618
parecoxib,4,Q02156,6.516
parecoxib,5,Q05655,6.39
parecoxib,6,Q05655-2,6.37
parecoxib,7,Q96Q11-3,6.369
parecoxib,8,O43283-6,6.36
parecoxib,9,Q8TD08,6.355
parecoxib,10,P37173-3,6.344
paroxetine,1,Q56UN5,6.965
paroxetine,2,O43283-6,6.786
paroxetine,3,O43318-2,6.685
paroxetine,4,Q9UEE5,6.67
paroxetine,5,O43318-4,6.637
paroxetine,6,O43318,6.632
paroxetine,7,O75417-2,6.63
paroxetine,8,O94804,6.624
paroxetine,9,Q96Q11-3,6.616
paroxetine,10,P35558-2,6.596
parthenolide,1,O43283-6,7.673
parthenolide,2,Q9UQ07-3,7.592
parthenolide,3,Q96Q11-3,7.56
parthenolide,4,Q56UN5,7.539
parthenolide,5,P11362-17,7.467
parthenolide,6,P35558-2,7.456
parthenolide,7,P37173-3,7.443
parthenolide,8,Q6ZMQ8-2,7.395
parthenolide,9,O43283-3,7.354
parthenolide,10,P49759-2,7.348
paxilline,1,O00444-3,8.295
paxilline,2,P36888-2,8.25
paxilline,3,O00444,8.165
paxilline,4,Q56UN5,8.154
paxilline,5,O60674,8.153
paxilline,6,P36888,8.121
paxilline,7,P52333,8.116
paxilline,8,P52333-2,8.116
paxilline,9,O00444-2,8.066
paxilline,10,O43283-6,7.967
pazopanib,1,P09619,8.434
pazopanib,2,P16234,8.361
pazopanib,3,P16234-3,8.049
pazopanib,4,P07333,7.947
pazopanib,5,P17948,7.805
pazopanib,6,Q08345-2,7.705
pazopanib,7,Q08345-6,7.705
pazopanib,8,Q08345-5,7.689
pazopanib,9,Q08345,7.687
pazopanib,10,P35968,7.634
pefloxacin,1,Q56UN5,6.467
pefloxacin,2,P07333,6.374
pefloxacin,3,Q8N4C8,6.372
pefloxacin,4,Q32MK0,6.345
pefloxacin,5,Q8N4C8-4,6.327
pefloxacin,6,Q32MK0-4,6.32
pefloxacin,7,Q8N4C8-3,6.319
pefloxacin,8,P36888-2,6.315
pefloxacin,9,Q8N4C8-2,6.312
pefloxacin,10,Q9NSY1-3,6.31
penfluridol,1,P36888-2,7.782
penfluridol,2,P36888,7.692
penfluridol,3,Q16288-2,7.469
penfluridol,4,Q56UN5,7.462
penfluridol,5,Q16620-7,7.422
penfluridol,6,Q16288-3,7.416
penfluridol,7,Q16288,7.405
penfluridol,8,Q16288-5,7.404
penfluridol,9,Q16288-4,7.397
penfluridol,10,P30530,7.332
pentoxifylline,1,Q56UN5,6.327
pentoxifylline,2,O43283-6,6.195
pentoxifylline,3,P52333,6.155
pentoxifylline,4,P52333-2,6.155
pentoxifylline,5,O60674,6.152
pentoxifylline,6,Q15772-4,6.089
pentoxifylline,7,P52333-4,6.075
pentoxifylline,8,P11362-15,5.976
pentoxifylline,9,P35558-2,5.966
pentoxifylline,10,Q6ZMQ8-2,5.93
perindopril,1,P49760-3,7.188
perindopril,2,P49760,7.186
perindopril,3,P36888,7.138
perindopril,4,Q56UN5,7.12
perindopril,5,P36888-2,7.103
perindopril,6,Q9NSY1-3,6.994
perindopril,7,Q2M2I8-2,6.993
perindopril,8,Q9NSY1-2,6.979
perindopril,9,P49759,6.966
perindopril,10,Q2M2I8,6.962
periplocymarin,1,Q56UN5,8.243
periplocymarin,2,Q9UQ07-3,8.211
periplocymarin,3,Q96Q11-3,8.156
periplocymarin,4,O43283-6,8.142
periplocymarin,5,P37173-3,8.085
periplocymarin,6,P35558-2,8.074
periplocymarin,7,P36888-2,8.064
periplocymarin,8,Q6ZMQ8-2,8.043
periplocymarin,9,P11362-17,8.016
periplocymarin,10,P49761-2,8.012
perphenazine,1,Q13163-3,7.155
perphenazine,2,Q13163-2,7.152
perphenazine,3,Q13163,7.103
perphenazine,4,Q13163-4,7.036
perphenazine,5,P07333,7.019
perphenazine,6,Q08345-5,6.948
perphenazine,7,Q08345,6.942
perphenazine,8,Q08345-2,6.94
perphenazine,9,Q08345-6,6.939
perphenazine,10,Q56UN5,6.855
peucedanin,1,P36888-2,6.791
peucedanin,2,P36888,6.702
peucedanin,3,Q16620-2,6.504
peucedanin,4,Q16620-7,6.493
peucedanin,5,Q16620-5,6.49
peucedanin,6,Q16620-3,6.467
peucedanin,7,P07333,6.457
peucedanin,8,Q16288-2,6.45
peucedanin,9,Q56UN5,6.444
peucedanin,10,Q16620-6,6.435
phenanthridone,1,Q9HAZ1,6.715
phenanthridone,2,P49760,6.658
phenanthridone,3,P49760-3,6.656
phenanthridone,4,P49759,6.607
phenanthridone,5,P49759-3,6.559
phenanthridone,6,P11362-15,6.535
phenanthridone,7,P17948,6.484
phenanthridone,8,O43283-6,6.395
phenanthridone,9,P07333-2,6.39
phenanthridone,10,P36888-2,6.376
phenazopyridine,1,P07333,6.605
phenazopyridine,2,P15056,6.453
phenazopyridine,3,P10398,6.344
phenazopyridine,4,P04049-2,6.148
phenazopyridine,5,P07333-2,6.13
phenazopyridine,6,P04049,6.119
phenazopyridine,7,O00443,6.109
phenazopyridine,8,P16234-3,6.083
phenazopyridine,9,O00750,6.08
phenazopyridine,10,P11362-15,6.08
phenethyl-isothiocyanate,1,Q56UN5,6.034
phenethyl-isothiocyanate,2,P07333,5.946
phenethyl-isothiocyanate,3,P15056,5.926
phenethyl-isothiocyanate,4,O43283-6,5.917
phenethyl-isothiocyanate,5,P07333-2,5.891
phenethyl-isothiocyanate,6,Q9UQ07-3,5.868
phenethyl-isothiocyanate,7,P10398,5.862
phenethyl-isothiocyanate,8,O96017-10,5.851
phenethyl-isothiocyanate,9,P49760,5.831
phenethyl-isothiocyanate,10,P49674,5.828
phenformin,1,P49760,6.42
phenformin,2,P49760-3,6.419
phenformin,3,P49759,6.391
phenformin,4,P49759-3,6.364
phenformin,5,Q9HAZ1,6.359
phenformin,6,P07333,6.214
phenformin,7,Q13627-3,6.178
phenformin,8,Q13627-4,6.177
phenformin,9,Q13627,6.176
phenformin,10,Q13627-2,6.172
phenoxybenzamine,1,P36888-2,6.551
phenoxybenzamine,2,P36888,6.488
phenoxybenzamine,3,P49759,6.267
phenoxybenzamine,4,P07333,6.262
phenoxybenzamine,5,Q8TD08,6.253
phenoxybenzamine,6,P49760-3,6.252
phenoxybenzamine,7,P49760,6.25
phenoxybenzamine,8,P49759-3,6.237
phenoxybenzamine,9,Q9HAZ1,6.193
phenoxybenzamine,10,Q8TD08-2,6.188
phentolamine,1,Q56UN5,6.486
phentolamine,2,O75747-2,6.26
phentolamine,3,P48736,6.24
phentolamine,4,P07333,6.209
phentolamine,5,O00443,6.19
phentolamine,6,O00750,6.173
phentolamine,7,P49760,6.171
phentolamine,8,P11362-15,6.169
phentolamine,9,P49760-3,6.169
phentolamine,10,O75747,6.166
phloretin,1,P49759,6.702
phloretin,2,P49759-3,6.681
phloretin,3,Q9Y463,6.671
phloretin,4,Q13627-5,6.634
phloretin,5,Q13627-3,6.63
phloretin,6,Q13627,6.628
phloretin,7,Q13627-4,6.628
phloretin,8,Q13627-2,6.617
phloretin,9,P49760,6.61
phloretin,10,P49760-3,6.609
physostigmine,1,P36888-2,7.884
physostigmine,2,P36888,7.752
physostigmine,3,O00444-3,7.545
physostigmine,4,O00444,7.532
physostigmine,5,Q9H2G2,7.351
physostigmine,6,P07949,7.326
physostigmine,7,P07949-2,7.326
physostigmine,8,Q9H2G2-2,7.323
physostigmine,9,Q16620-2,7.312
physostigmine,10,Q16620-5,7.302
picrotoxin,1,Q56UN5,8.383
picrotoxin,2,Q9UQ07-3,8.317
picrotoxin,3,Q96Q11-3,8.312
picrotoxin,4,O43283-6,8.258
picrotoxin,5,P36888-2,8.248
picrotoxin,6,P36888,8.229
picrotoxin,7,P37173-3,8.21
picrotoxin,8,P49761-2,8.175
picrotoxin,9,P35558-2,8.142
picrotoxin,10,Q6ZMQ8-2,8.14
pifithrin-alpha,1,P07333,6.461
pifithrin-alpha,2,P49759,6.398
pifithrin-alpha,3,P49759-3,6.376
pifithrin-alpha,4,Q56UN5,6.3
pifithrin-alpha,5,P49760,6.298
pifithrin-alpha,6,P49760-3,6.297
pifithrin-alpha,7,Q9HAZ1,6.22
pifithrin-alpha,8,Q13627-4,6.202
pifithrin-alpha,9,Q13627-3,6.201
pifithrin-alpha,10,Q13627-5,6.191
pifithrin-mu,1,P11362-15,6.463
pifithrin-mu,2,P07333-2,6.449
pifithrin-mu,3,O43283-6,6.394
pifithrin-mu,4,O60674,6.273
pifithrin-mu,5,Q56UN5,6.266
pifithrin-mu,6,Q15772-4,6.266
pifithrin-mu,7,P11362-17,6.215
pifithrin-mu,8,Q9UQ07-3,6.21
pifithrin-mu,9,Q7Z2Y5-3,6.198
pifithrin-mu,10,O96017-10,6.195
pilocarpine,1,Q02156,6.421
pilocarpine,2,Q56UN5,6.351
pilocarpine,3,P49760,6.232
pilocarpine,4,P49760-3,6.232
pilocarpine,5,Q15746,6.198
pilocarpine,6,Q15746-3,6.198
pilocarpine,7,Q15746-5,6.198
pilocarpine,8,Q15746-6,6.198
pilocarpine,9,Q15746-2,6.178
pilocarpine,10,Q15746-4,6.178
pimozide,1,P36888-2,7.778
pimozide,2,P36888,7.617
pimozide,3,P09619,7.313
pimozide,4,Q56UN5,7.188
pimozide,5,O00444,7.148
pimozide,6,O00444-3,7.138
pimozide,7,P30530,7.097
pimozide,8,P30530-2,7.08
pimozide,9,Q9NSY1,7.077
pimozide,10,O00444-2,7.06
pinacidil,1,O60674,7.177
pinacidil,2,Q56UN5,6.922
pinacidil,3,P52333,6.869
pinacidil,4,P52333-2,6.869
pinacidil,5,P07333,6.554
pinacidil,6,P36888-2,6.498
pinacidil,7,P09619,6.493
pinacidil,8,O43283-6,6.453
pinacidil,9,P16234-3,6.451
pinacidil,10,P52333-4,6.431
pindolol,1,P36888-2,6.634
pindolol,2,Q9HAZ1,6.632
pindolol,3,P49760-3,6.624
pindolol,4,P49760,6.623
pindolol,5,P49759,6.542
pindolol,6,P07333-2,6.513
pindolol,7,P17948,6.511
pindolol,8,P36888,6.504
pindolol,9,P49759-3,6.499
pindolol,10,Q56UN5,6.481
pinocembrin,1,P49760,6.859
pinocembrin,2,P49760-3,6.858
pinocembrin,3,P49759,6.825
pinocembrin,4,P49759-3,6.805
pinocembrin,5,Q13627-3,6.803
pinocembrin,6,Q13627-4,6.8
pinocembrin,7,Q13627-5,6.799
pinocembrin,8,Q13627,6.79
pinocembrin,9,Q13627-2,6.787
pinocembrin,10,Q9Y463,6.706
piperine,1,Q56UN5,7.421
piperine,2,Q32MK0,7.28
piperine,3,Q32MK0-4,7.226
piperine,4,P36888-2,7.158
piperine,5,Q9UEE5,7.103
piperine,6,Q13163,7.091
piperine,7,P36888,7.081
piperine,8,Q02750-2,7.06
piperine,9,Q13163-2,7.045
piperine,10,Q13163-3,7.039
pirenperone,1,Q08345-5,6.844
pirenperone,2,Q56UN5,6.843
pirenperone,3,Q08345,6.831
pirenperone,4,Q08345-2,6.831
pirenperone,5,Q08345-6,6.827
pirenperone,6,P04629-3,6.532
pirenperone,7,Q08345-4,6.529
pirenperone,8,O14976,6.518
pirenperone,9,Q16620-6,6.514
pirenperone,10,P36888-2,6.502
pirenzepine,1,P09619,7.613
pirenzepine,2,P07333,7.269
pirenzepine,3,O60674,7.226
pirenzepine,4,Q08345-5,7.168
pirenzepine,5,Q08345,7.125
pirenzepine,6,Q08345-2,7.125
pirenzepine,7,Q08345-6,7.121
pirenzepine,8,P52333,7.109
pirenzepine,9,P52333-2,7.109
pirenzepine,10,P36888-2,7.026
piribedil,1,P07333,6.93
piribedil,2,Q08345-5,6.325
piribedil,3,Q08345,6.311
piribedil,4,Q08345-2,6.297
piribedil,5,Q08345-6,6.294
piribedil,6,Q16288,6.278
piribedil,7,Q16288-3,6.263
piribedil,8,Q16288-4,6.26
piribedil,9,Q16288-2,6.236
piribedil,10,Q16288-5,6.231
practolol,1,P36888,7.445
practolol,2,P36888-2,7.349
practolol,3,Q8TD08,6.844
practolol,4,Q8TD08-2,6.741
practolol,5,Q8TD08-3,6.694
practolol,6,P50613,6.594
practolol,7,P49759,6.593
practolol,8,P49759-3,6.544
practolol,9,Q9HAZ1,6.516
practolol,10,P07333,6.506
praziquantel,1,P52333,7.209
praziquantel,2,P52333-2,7.209
praziquantel,3,O60674,7.003
praziquantel,4,P36888-2,6.894
praziquantel,5,P36888,6.844
praziquantel,6,Q56UN5,6.783
praziquantel,7,P52333-4,6.76
praziquantel,8,Q9H093,6.613
praziquantel,9,P04629-3,6.611
praziquantel,10,Q9NSY1-3,6.605
pregnenolone,1,Q56UN5,7.542
pregnenolone,2,O43283-6,7.439
pregnenolone,3,Q9UQ07-3,7.399
pregnenolone,4,O60674,7.328
pregnenolone,5,Q96Q11-3,7.314
pregnenolone,6,P11362-17,7.26
pregnenolone,7,Q6ZMQ8-2,7.25
pregnenolone,8,P37173-3,7.219
pregnenolone,9,P52333,7.213
pregnenolone,10,P52333-2,7.213
primaquine,1,P16234-3,6.152
primaquine,2,P07333,6.144
primaquine,3,P16234,6.139
primaquine,4,P49759,6.093
primaquine,5,Q9HAZ1,6.091
primaquine,6,P49759-3,6.068
primaquine,7,P09619,6.049
primaquine,8,P49674,5.99
primaquine,9,P49760,5.938
primaquine,10,P49760-3,5.937
primidone,1,P36888-2,7.541
primidone,2,Q56UN5,7.5
primidone,3,P36888,7.485
primidone,4,O43283-6,7.323
primidone,5,Q96Q11-3,7.133
primidone,6,O60674,7.114
primidone,7,Q9UQ07-3,7.111
primidone,8,Q6ZMQ8-2,7.089
primidone,9,P35558-2,7.082
primidone,10,O96017-10,7.054
proadifen,1,Q56UN5,7.058
proadifen,2,P36888-2,6.684
proadifen,3,P36888,6.598
proadifen,4,Q9NSY1-3,6.579
proadifen,5,Q9NSY1-2,6.553
proadifen,6,Q13163-4,6.547
proadifen,7,Q9NSY1,6.544
proadifen,8,Q13163,6.515
proadifen,9,O43283-6,6.46
proadifen,10,Q96Q11-3,6.448
procainamide,1,P36888-2,6.655
procainamide,2,P36888,6.578
procainamide,3,P16234-3,6.41
procainamide,4,P07333,6.394
procainamide,5,Q56UN5,6.349
procainamide,6,P09619,6.279
procainamide,7,P16234,6.237
procainamide,8,P49759,6.217
procainamide,9,P49759-3,6.193
procainamide,10,Q9HAZ1,6.163
procaterol,1,P49760-3,7.031
procaterol,2,P49760,7.027
procaterol,3,P49759,6.952
procaterol,4,P49759-3,6.894
procaterol,5,Q13627-4,6.887
procaterol,6,Q13627-3,6.886
procaterol,7,Q13627-5,6.865
procaterol,8,Q13627,6.861
procaterol,9,Q13627-2,6.858
procaterol,10,Q8TD08,6.781
prochlorperazine,1,Q08345-5,7.395
prochlorperazine,2,Q08345-2,7.387
prochlorperazine,3,Q08345,7.386
prochlorperazine,4,Q08345-6,7.385
prochlorperazine,5,Q13163,7.362
prochlorperazine,6,Q13163-3,7.331
prochlorperazine,7,Q13163-2,7.325
prochlorperazine,8,P09619,7.246
prochlorperazine,9,P07333,7.23
prochlorperazine,10,Q13163-4,7.131
profenamine,1,Q56UN5,6.659
profenamine,2,P49759,6.309
profenamine,3,P49759-3,6.29
profenamine,4,P49760-3,6.272
profenamine,5,P49760,6.27
profenamine,6,Q02156,6.225
profenamine,7,Q8N4C8,6.22
profenamine,8,P49674,6.218
profenamine,9,Q9NSY1-3,6.209
profenamine,10,Q9HAZ1,6.194
propafenone,1,P07333,6.628
propafenone,2,P36888,6.418
propafenone,3,P36888-2,6.369
propafenone,4,P49760-3,6.358
propafenone,5,P49760,6.356
propafenone,6,P49759,6.347
propafenone,7,Q13627,6.345
propafenone,8,Q13627-2,6.339
propafenone,9,Q13627-3,6.339
propafenone,10,Q13627-4,6.338
propentofylline,1,Q56UN5,6.303
propentofylline,2,O43283-6,6.09
propentofylline,3,P52333,6.063
propentofylline,4,P52333-2,6.063
propentofylline,5,O14976,6.037
propentofylline,6,P52333-4,6.026
propentofylline,7,O60674,6.025
propentofylline,8,Q15772-4,6.023
propentofylline,9,Q9H093,6.009
propentofylline,10,Q02750,6.0
propoxycaine,1,P07333,6.953
propoxycaine,2,Q56UN5,6.762
propoxycaine,3,P36888-2,6.762
propoxycaine,4,Q13163,6.745
propoxycaine,5,Q13163-4,6.688
propoxycaine,6,P36888,6.637
propoxycaine,7,Q13163-3,6.633
propoxycaine,8,Q13163-2,6.632
propoxycaine,9,Q02750,6.624
propoxycaine,10,P16234-3,6.514
propylthiouracil,1,P07333,6.292
propylthiouracil,2,P49759,6.261
propylthiouracil,3,P16234-3,6.252
propylthiouracil,4,P49759-3,6.239
propylthiouracil,5,P49760,6.238
propylthiouracil,6,P49760-3,6.236
propylthiouracil,7,Q9HAZ1,6.204
propylthiouracil,8,P16234,6.099
propylthiouracil,9,P09619,6.068
propylthiouracil,10,P36888-2,6.034
proscillaridin,1,Q9UQ07-3,8.054
proscillaridin,2,O43283-6,8.045
proscillaridin,3,Q56UN5,8.036
proscillaridin,4,Q96Q11-3,7.978
proscillaridin,5,O00444-3,7.958
proscillaridin,6,P35558-2,7.947
proscillaridin,7,Q6ZMQ8-2,7.931
proscillaridin,8,O00444,7.925
proscillaridin,9,P37173-3,7.919
proscillaridin,10,P11362-17,7.9
prostaglandin-b2,1,Q56UN5,7.176
prostaglandin-b2,2,Q96Q11-3,7.056
prostaglandin-b2,3,O43283-6,7.0
prostaglandin-b2,4,P35558-2,6.936
prostaglandin-b2,5,Q9UQ07-3,6.904
prostaglandin-b2,6,P37173-3,6.889
prostaglandin-b2,7,P49760,6.885
prostaglandin-b2,8,P49760-3,6.884
prostaglandin-b2,9,P49759,6.811
prostaglandin-b2,10,Q32MK0,6.792
prostratin,1,Q56UN5,8.072
prostratin,2,Q96Q11-3,8.065
prostratin,3,Q9UQ07-3,8.041
prostratin,4,O43283-6,7.98
prostratin,5,P37173-3,7.963
prostratin,6,P11362-17,7.902
prostratin,7,P49761-2,7.818
prostratin,8,P35558-2,7.808
prostratin,9,Q6ZMQ8-2,7.802
prostratin,10,O96017-10,7.735
prothionamide,1,P07333,6.166
prothionamide,2,P10398,5.932
prothionamide,3,P15056,5.885
prothionamide,4,P49674,5.785
prothionamide,5,P04049-2,5.705
prothionamide,6,P04049,5.691
prothionamide,7,P48730,5.665
prothionamide,8,P48730-2,5.664
prothionamide,9,P49759,5.653
prothionamide,10,Q9HAZ1,5.648
protriptyline,1,Q56UN5,7.305
protriptyline,2,O43283-6,7.059
protriptyline,3,P16234-2,7.044
protriptyline,4,Q9UQ07-3,6.967
protriptyline,5,P11362-17,6.963
protriptyline,6,Q96Q11-3,6.925
protriptyline,7,P35558-2,6.909
protriptyline,8,P09619-2,6.898
protriptyline,9,P11362-15,6.891
protriptyline,10,P37173-3,6.86
proxymetacaine,1,P07333,6.928
proxymetacaine,2,P36888-2,6.866
proxymetacaine,3,Q56UN5,6.767
proxymetacaine,4,P36888,6.743
proxymetacaine,5,P30530-2,6.592
proxymetacaine,6,Q13163,6.59
proxymetacaine,7,O43318-4,6.586
proxymetacaine,8,Q02750,6.579
proxymetacaine,9,P30530,6.567
proxymetacaine,10,O43318-2,6.565
pyrazolanthrone,1,P36888-2,7.319
pyrazolanthrone,2,P36888,7.113
pyrazolanthrone,3,Q9HAZ1,7.013
pyrazolanthrone,4,P49759,7.004
pyrazolanthrone,5,Q9NSY1-3,6.988
pyrazolanthrone,6,P49760,6.987
pyrazolanthrone,7,P49760-3,6.986
pyrazolanthrone,8,Q9NSY1-2,6.964
pyrazolanthrone,9,Q9NSY1,6.959
pyrazolanthrone,10,P49759-3,6.958
pyrimethamine,1,P07333,6.128
pyrimethamine,2,O00443,5.921
pyrimethamine,3,O75747-2,5.918
pyrimethamine,4,O75747,5.876
pyrimethamine,5,P48736,5.866
pyrimethamine,6,Q9H2K8,5.864
pyrimethamine,7,Q7L7X3,5.86
pyrimethamine,8,P49760-3,5.858
pyrimethamine,9,P49760,5.857
pyrimethamine,10,Q7L7X3-3,5.851
pyroxamide,1,P15056,6.511
pyroxamide,2,P10398,6.366
pyroxamide,3,P50613,6.26
pyroxamide,4,P04049-2,6.116
pyroxamide,5,P04049,6.109
pyroxamide,6,P07333,6.072
pyroxamide,7,Q8TD08-2,6.052
pyroxamide,8,Q8TD08,6.034
pyroxamide,9,P50750,5.98
pyroxamide,10,P16234-3,5.979
pyrvinium-pamoate,1,Q56UN5,7.093
pyrvinium-pamoate,2,P09619,6.929
pyrvinium-pamoate,3,P16234-3,6.867
pyrvinium-pamoate,4,P16234,6.838
pyrvinium-pamoate,5,O94804,6.822
pyrvinium-pamoate,6,P07333,6.759
pyrvinium-pamoate,7,Q9UQB9-3,6.734
pyrvinium-pamoate,8,P35968,6.73
pyrvinium-pamoate,9,Q9UQB9-2,6.726
pyrvinium-pamoate,10,Q9UQB9,6.723
quercetin,1,Q13627-5,6.836
quercetin,2,Q13627,6.832
quercetin,3,Q13627-3,6.831
quercetin,4,Q13627-4,6.828
quercetin,5,Q13627-2,6.822
quercetin,6,Q9Y463,6.812
quercetin,7,Q9Y463-3,6.73
quercetin,8,P49760,6.673
quercetin,9,P49760-3,6.672
quercetin,10,Q9Y463-2,6.669
quetiapine,1,Q56UN5,7.211
quetiapine,2,Q13163-2,7.145
quetiapine,3,Q13163-3,7.14
quetiapine,4,Q13163,7.065
quetiapine,5,O14976,7.029
quetiapine,6,P09619,7.025
quetiapine,7,P36888-2,6.914
quetiapine,8,P07333,6.877
quetiapine,9,Q13163-4,6.846
quetiapine,10,P36888,6.839
quinapril,1,P36888,7.258
quinapril,2,P36888-2,7.185
quinapril,3,Q56UN5,6.937
quinapril,4,P49760-3,6.913
quinapril,5,P49760,6.91
quinapril,6,Q8TD08,6.846
quinapril,7,Q13627-4,6.832
quinapril,8,Q13627-3,6.83
quinapril,9,Q13627,6.822
quinapril,10,Q13627-2,6.82
quinidine,1,Q56UN5,7.247
quinidine,2,O14976,6.985
quinidine,3,O43283-6,6.706
quinidine,4,Q56UN5-3,6.621
quinidine,5,P00533,6.595
quinidine,6,P52333-4,6.525
quinidine,7,O43353,6.51
quinidine,8,P09619-2,6.501
quinidine,9,O75417-2,6.489
quinidine,10,P11362-15,6.487
quinine,1,Q56UN5,7.247
quinine,2,O14976,6.985
quinine,3,O43283-6,6.706
quinine,4,Q56UN5-3,6.621
quinine,5,P00533,6.595
quinine,6,P52333-4,6.525
quinine,7,O43353,6.51
quinine,8,P09619-2,6.501
quinine,9,O75417-2,6.489
quinine,10,P11362-15,6.487
quinisocaine,1,P07333,6.308
quinisocaine,2,P49674,6.242
quinisocaine,3,Q56UN5,6.136
quinisocaine,4,P16234-3,6.132
quinisocaine,5,P49760,6.131
quinisocaine,6,P49760-3,6.131
quinisocaine,7,P16234,6.094
quinisocaine,8,P49759,6.021
quinisocaine,9,Q9BX84,6.0
quinisocaine,10,Q9BX84-4,6.0
quinoclamine,1,Q9Y572-3,6.282
quinoclamine,2,Q9Y572-2,6.247
quinoclamine,3,P29597,6.239
quinoclamine,4,P11362-17,6.178
quinoclamine,5,O43283-6,6.17
quinoclamine,6,P49760,6.159
quinoclamine,7,Q9UQ07-3,6.158
quinoclamine,8,P49760-3,6.156
quinoclamine,9,P11362-15,6.138
quinoclamine,10,Q56UN5,6.136
quinpirole,1,P49759,6.702
quinpirole,2,P49760,6.673
quinpirole,3,P49760-3,6.673
quinpirole,4,P49759-3,6.669
quinpirole,5,Q56UN5,6.595
quinpirole,6,Q9NSY1-3,6.527
quinpirole,7,Q9NSY1-2,6.518
quinpirole,8,P52333,6.515
quinpirole,9,P52333-2,6.515
quinpirole,10,P11362-15,6.512
quipazine,1,Q56UN5,6.451
quipazine,2,O43283-6,6.3
quipazine,3,P49759,6.269
quipazine,4,P49759-3,6.264
quipazine,5,P11362-17,6.258
quipazine,6,Q8TD08,6.214
quipazine,7,P11362-15,6.212
quipazine,8,O00238-2,6.203
quipazine,9,P49760,6.188
quipazine,10,P49760-3,6.184
quizartinib,1,P36888,8.249
quizartinib,2,P36888-2,8.145
quizartinib,3,P09619,8.081
quizartinib,4,P16234,7.855
quizartinib,5,P16234-3,7.618
quizartinib,6,P10721,7.554
quizartinib,7,P10721-2,7.547
quizartinib,8,P07333,7.532
quizartinib,9,P17948,7.284
quizartinib,10,Q08345-6,7.102
rabeprazole,1,Q56UN5,6.934
rabeprazole,2,P16234-3,6.734
rabeprazole,3,P16234,6.713
rabeprazole,4,P09619,6.683
rabeprazole,5,O14976,6.57
rabeprazole,6,P07333,6.504
rabeprazole,7,P49674,6.476
rabeprazole,8,O43283-6,6.442
rabeprazole,9,P17948,6.42
rabeprazole,10,P17948-2,6.368
raclopride,1,P50613,6.694
raclopride,2,Q9H2K8,6.519
raclopride,3,Q9UPZ9,6.315
raclopride,4,P49760,6.314
raclopride,5,P49760-3,6.313
raclopride,6,Q9UPZ9-2,6.306
raclopride,7,Q8TD08-2,6.295
raclopride,8,Q7L7X3,6.27
raclopride,9,Q8NE63,6.269
raclopride,10,P50750-2,6.249
radicicol,1,Q9H2K8,6.979
radicicol,2,P50613,6.947
radicicol,3,Q9UPZ9,6.887
radicicol,4,O76039,6.855
radicicol,5,Q9UPZ9-2,6.849
radicicol,6,O76039-1,6.844
radicicol,7,Q9HBH9-2,6.812
radicicol,8,Q9HBH9,6.75
radicicol,9,Q59H18-1,6.732
radicicol,10,Q59H18,6.724
raloxifene,1,Q13163,6.986
raloxifene,2,Q13163-3,6.972
raloxifene,3,Q13163-2,6.971
raloxifene,4,Q56UN5,6.897
raloxifene,5,Q13163-4,6.895
raloxifene,6,P07333,6.845
raloxifene,7,P36888,6.752
raloxifene,8,P36888-2,6.731
raloxifene,9,Q08345,6.71
raloxifene,10,Q08345-2,6.71
raltegravir,1,Q56UN5,7.01
raltegravir,2,P49759,6.678
raltegravir,3,P36888,6.64
raltegravir,4,Q13627-4,6.63
raltegravir,5,Q13627-3,6.628
raltegravir,6,P49759-3,6.621
raltegravir,7,Q13627-5,6.614
raltegravir,8,Q96Q11-3,6.61
raltegravir,9,Q13627,6.603
raltegravir,10,Q13627-2,6.599
ramipril,1,P36888,7.265
ramipril,2,P36888-2,7.2
ramipril,3,P49760-3,7.139
ramipril,4,P49760,7.136
ramipril,5,Q56UN5,7.095
ramipril,6,Q13627-4,7.009
ramipril,7,Q13627-3,7.008
ramipril,8,Q13627,7.001
ramipril,9,Q13627-2,6.999
ramipril,10,Q13627-5,6.986
ranitidine,1,Q56UN5,6.431
ranitidine,2,Q9NSY1-2,6.423
ranitidine,3,Q9NSY1-3,6.405
ranitidine,4,Q9UQ07-3,6.398
ranitidine,5,Q9UQB9-3,6.393
ranitidine,6,Q9UQB9,6.389
ranitidine,7,Q9UQB9-2,6.379
ranitidine,8,P35558-2,6.358
ranitidine,9,O43283-6,6.354
ranitidine,10,Q96Q11-3,6.353
ranolazine,1,P36888,7.295
ranolazine,2,P07333,7.293
ranolazine,3,P36888-2,7.247
ranolazine,4,P09619,7.236
ranolazine,5,Q08345-5,7.138
ranolazine,6,Q08345-2,7.096
ranolazine,7,Q08345,7.095
ranolazine,8,Q08345-6,7.093
ranolazine,9,P16234,7.063
ranolazine,10,P10721-2,6.988
razoxane,1,Q56UN5,7.199
razoxane,2,O60674,6.989
razoxane,3,P52333,6.933
razoxane,4,P52333-2,6.933
razoxane,5,P49760-3,6.924
razoxane,6,P49760,6.923
razoxane,7,P49759,6.881
razoxane,8,P36888-2,6.877
razoxane,9,P49759-3,6.843
razoxane,10,P36888,6.824
reboxetine,1,Q56UN5,7.167
reboxetine,2,P50613,6.987
reboxetine,3,Q8TD08,6.88
reboxetine,4,O43283-6,6.839
reboxetine,5,P36888-2,6.796
reboxetine,6,P49760,6.748
reboxetine,7,P49760-3,6.747
reboxetine,8,P36888,6.743
reboxetine,9,Q8TD08-3,6.713
reboxetine,10,P49759,6.71
remacemide,1,P49760-3,6.449
remacemide,2,P49760,6.446
remacemide,3,Q8TD08-3,6.424
remacemide,4,Q56UN5,6.417
remacemide,5,P49759,6.394
remacemide,6,Q8TD08-2,6.39
remacemide,7,Q8TD08,6.38
remacemide,8,P49759-3,6.356
remacemide,9,Q9HAZ1,6.353
remacemide,10,Q13627,6.32
remoxipride,1,P07333,6.53
remoxipride,2,P36888-2,6.417
remoxipride,3,P36888,6.37
remoxipride,4,P49759,6.336
remoxipride,5,Q08345-5,6.332
remoxipride,6,P49759-3,6.322
remoxipride,7,Q08345-2,6.312
remoxipride,8,Q08345-6,6.31
remoxipride,9,P16234-3,6.307
remoxipride,10,Q08345,6.306
repaglinide,1,P36888,7.348
repaglinide,2,P07333,7.342
repaglinide,3,P36888-2,7.045
repaglinide,4,P09619,6.624
repaglinide,5,Q16288,6.585
repaglinide,6,Q16620-6,6.58
repaglinide,7,Q16288-3,6.566
repaglinide,8,Q16620-2,6.56
repaglinide,9,Q16620-4,6.55
repaglinide,10,Q16620,6.547
reserpic-acid,1,P36888-2,7.422
reserpic-acid,2,P36888,7.329
reserpic-acid,3,Q56UN5,7.243
reserpic-acid,4,O14976,6.778
reserpic-acid,5,Q16620-7,6.77
reserpic-acid,6,Q9NSY1-3,6.758
reserpic-acid,7,O00444-3,6.744
reserpic-acid,8,Q9NSY1-2,6.734
reserpic-acid,9,Q16620-2,6.723
reserpic-acid,10,P49760,6.721
resveratrol,1,O75747-2,6.811
resveratrol,2,O00750,6.648
resveratrol,3,P48736,6.642
resveratrol,4,P49760,6.61
resveratrol,5,P49760-3,6.609
resveratrol,6,P49759,6.606
resveratrol,7,P49759-3,6.591
resveratrol,8,Q9BX84,6.571
resveratrol,9,Q9BX84-4,6.571
resveratrol,10,O75747,6.561
retinol,1,Q56UN5,7.985
retinol,2,O43283-6,7.867
retinol,3,Q96Q11-3,7.719
retinol,4,Q9UQ07-3,7.649
retinol,5,P35558-2,7.622
retinol,6,P11362-17,7.599
retinol,7,O75417-2,7.571
retinol,8,P37173-3,7.513
retinol,9,O43283-3,7.507
retinol,10,Q6ZMQ8-2,7.45
reversine,1,O60674,7.147
reversine,2,O14976,7.0
reversine,3,O00444,6.968
reversine,4,Q9UQB9,6.967
reversine,5,Q9UQB9-3,6.96
reversine,6,P52333-4,6.948
reversine,7,Q9UQB9-2,6.943
reversine,8,Q96GD4,6.914
reversine,9,Q96GD4-4,6.913
reversine,10,Q96GD4-5,6.903
rhapontin,1,Q13627,6.887
rhapontin,2,Q13627-4,6.884
rhapontin,3,Q13627-3,6.882
rhapontin,4,Q13627-2,6.881
rhapontin,5,Q13627-5,6.876
rhapontin,6,P49759-3,6.865
rhapontin,7,P49759,6.859
rhapontin,8,P49760,6.829
rhapontin,9,P49760-3,6.829
rhapontin,10,Q56UN5,6.748
rhodomyrtoxin-b,1,Q13627-3,7.267
rhodomyrtoxin-b,2,Q13627-4,7.267
rhodomyrtoxin-b,3,Q13627-5,7.24
rhodomyrtoxin-b,4,Q13627,7.231
rhodomyrtoxin-b,5,Q13627-2,7.223
rhodomyrtoxin-b,6,P49759,7.138
rhodomyrtoxin-b,7,P49760-3,7.133
rhodomyrtoxin-b,8,P49760,7.13
rhodomyrtoxin-b,9,P49759-3,7.112
rhodomyrtoxin-b,10,Q9Y463-3,7.016
ribavirin,1,O60674,6.361
ribavirin,2,O43283-6,6.335
ribavirin,3,P11362-15,6.304
ribavirin,4,Q96Q11-3,6.273
ribavirin,5,P52333,6.265
ribavirin,6,P52333-2,6.265
ribavirin,7,O75460-2,6.264
ribavirin,8,P11362-17,6.254
ribavirin,9,Q9UQ07-3,6.235
ribavirin,10,P15056,6.233
rifampicin,1,Q56UN5,8.29
rifampicin,2,Q9UQ07-3,8.269
rifampicin,3,Q96Q11-3,8.129
rifampicin,4,O43283-6,8.076
rifampicin,5,P49761-2,8.047
rifampicin,6,P37173-3,8.023
rifampicin,7,P49759-2,7.973
rifampicin,8,P36888,7.955
rifampicin,9,P36888-2,7.937
rifampicin,10,P35558-2,7.919
rimcazole,1,Q56UN5,7.244
rimcazole,2,Q02156,6.887
rimcazole,3,O43283-6,6.691
rimcazole,4,Q05655-2,6.637
rimcazole,5,Q05655,6.632
rimcazole,6,Q04759-3,6.6
rimcazole,7,Q04759,6.598
rimcazole,8,Q96Q11-3,6.556
rimcazole,9,P37173-3,6.534
rimcazole,10,Q9NSY1-3,6.52
rimexolone,1,Q56UN5,7.807
rimexolone,2,P36888-2,7.741
rimexolone,3,O43283-6,7.713
rimexolone,4,P36888,7.633
rimexolone,5,Q96Q11-3,7.625
rimexolone,6,Q9UQ07-3,7.622
rimexolone,7,O00444-3,7.598
rimexolone,8,P37173-3,7.574
rimexolone,9,P11362-17,7.54
rimexolone,10,P35558-2,7.528
ritanserin,1,Q08345-5,7.115
ritanserin,2,Q08345-2,7.097
ritanserin,3,Q08345-6,7.094
ritanserin,4,Q08345,7.092
ritanserin,5,Q08345-4,6.732
ritanserin,6,O94804,6.544
ritanserin,7,Q56UN5,6.527
ritanserin,8,P06239,6.502
ritanserin,9,Q9H2G2-2,6.495
ritanserin,10,P07333,6.484
rivaroxaban,1,Q13163,7.515
rivaroxaban,2,Q13163-4,7.436
rivaroxaban,3,Q13163-2,7.4
rivaroxaban,4,Q13163-3,7.396
rivaroxaban,5,P07333,7.172
rivaroxaban,6,P09619,7.102
rivaroxaban,7,Q56UN5,6.927
rivaroxaban,8,O14976,6.871
rivaroxaban,9,Q02750,6.85
rivaroxaban,10,P09769,6.826
roquinimex,1,Q56UN5,7.098
roquinimex,2,O43283-6,6.838
roquinimex,3,P11362-17,6.685
roquinimex,4,P52333,6.684
roquinimex,5,P52333-2,6.684
roquinimex,6,Q9UQ07-3,6.682
roquinimex,7,Q96Q11-3,6.668
roquinimex,8,P35558-2,6.655
roquinimex,9,O75460-2,6.63
roquinimex,10,O75417-2,6.603
roscovitine,1,P49760-3,6.394
roscovitine,2,P49760,6.393
roscovitine,3,P49759,6.316
roscovitine,4,P49759-3,6.279
roscovitine,5,Q9HAZ1,6.258
roscovitine,6,Q02156,6.245
roscovitine,7,Q56UN5,6.191
roscovitine,8,Q13627-4,6.129
roscovitine,9,Q13627-3,6.125
roscovitine,10,Q13627,6.106
rosuvastatin,1,Q56UN5,6.92
rosuvastatin,2,P49760-3,6.864
rosuvastatin,3,P49760,6.862
rosuvastatin,4,P36888,6.847
rosuvastatin,5,P36888-2,6.82
rosuvastatin,6,P49759,6.802
rosuvastatin,7,P49759-3,6.758
rosuvastatin,8,Q9UQB9-2,6.737
rosuvastatin,9,Q96GD4-4,6.724
rosuvastatin,10,Q9UQB9,6.723
rottlerin,1,Q56UN5,8.253
rottlerin,2,O43283-6,7.924
rottlerin,3,P09619,7.91
rottlerin,4,Q96Q11-3,7.898
rottlerin,5,Q9UQ07-3,7.75
rottlerin,6,Q13163-2,7.735
rottlerin,7,Q13163-3,7.722
rottlerin,8,Q9UQB9-3,7.716
rottlerin,9,O75417-2,7.713
rottlerin,10,P36888-2,7.709
rutin,1,P49760-3,6.995
rutin,2,P49760,6.993
rutin,3,Q13627-4,6.984
rutin,4,Q13627-3,6.983
rutin,5,Q13627-5,6.976
rutin,6,Q13627,6.973
rutin,7,Q13627-2,6.964
rutin,8,P49759,6.912
rutin,9,P49759-3,6.897
rutin,10,Q9Y463,6.857
ruxolitinib,1,O60674,9.505
ruxolitinib,2,P52333,8.683
ruxolitinib,3,P52333-2,8.683
ruxolitinib,4,P29597,8.062
ruxolitinib,5,P52333-4,7.479
ruxolitinib,6,P23458,7.115
ruxolitinib,7,Q9C098,7.073
ruxolitinib,8,O43293,6.981
ruxolitinib,9,Q9UIK4-2,6.977
ruxolitinib,10,O43293-2,6.968
ryanodine,1,P36888-2,8.808
ryanodine,2,P36888,8.704
ryanodine,3,Q56UN5,8.498
ryanodine,4,O43283-6,8.331
ryanodine,5,P52333,8.329
ryanodine,6,P52333-2,8.329
ryanodine,7,O60674,8.323
ryanodine,8,Q96Q11-3,8.224
ryanodine,9,Q9UQ07-3,8.206
ryanodine,10,O00444-3,8.189
saclofen,1,P49760,6.892
saclofen,2,P49760-3,6.892
saclofen,3,P49759,6.766
saclofen,4,P49759-3,6.743
saclofen,5,Q9HAZ1,6.647
saclofen,6,O43318-2,6.452
saclofen,7,O43318,6.405
saclofen,8,P50613,6.405
saclofen,9,Q8TD08,6.405
saclofen,10,P29597,6.386
safinamide,1,P07333,6.604
safinamide,2,P36888-2,6.547
safinamide,3,P36888,6.512
safinamide,4,P16234-3,6.457
safinamide,5,P17948,6.43
safinamide,6,P35968,6.422
safinamide,7,P16234,6.357
safinamide,8,P09619,6.267
safinamide,9,Q56UN5,6.265
safinamide,10,P49760,6.06
salicin,1,Q13627,6.949
salicin,2,Q13627-2,6.941
salicin,3,Q13627-4,6.941
salicin,4,Q13627-3,6.94
salicin,5,Q13627-5,6.937
salicin,6,P49760,6.869
salicin,7,P49760-3,6.868
salicin,8,P49759-3,6.828
salicin,9,P49759,6.816
salicin,10,P50613,6.778
salmeterol,1,Q9UQ07-3,6.518
salmeterol,2,P49760,6.515
salmeterol,3,P49760-3,6.513
salmeterol,4,Q56UN5,6.511
salmeterol,5,P49759,6.468
salmeterol,6,Q96Q11-3,6.467
salmeterol,7,Q13627-3,6.459
salmeterol,8,Q13627-4,6.458
salmeterol,9,Q13627-5,6.455
salmeterol,10,Q13627,6.445
sappanone-a,1,P49760,6.769
sappanone-a,2,P49760-3,6.766
sappanone-a,3,Q56UN5,6.747
sappanone-a,4,P49759,6.74
sappanone-a,5,P49759-3,6.731
sappanone-a,6,Q9UQ07-3,6.672
sappanone-a,7,P35558-2,6.595
sappanone-a,8,O43283-6,6.587
sappanone-a,9,P49761-2,6.569
sappanone-a,10,P11362-17,6.557
saquinavir,1,P36888,7.206
saquinavir,2,Q8TD08,7.156
saquinavir,3,P36888-2,7.106
saquinavir,4,Q02156,7.097
saquinavir,5,Q8TD08-3,7.009
saquinavir,6,Q05655,6.945
saquinavir,7,Q05655-2,6.941
saquinavir,8,Q56UN5,6.929
saquinavir,9,Q8TD08-2,6.923
saquinavir,10,P49760-3,6.915
saracatinib,1,P00533,8.32
saracatinib,2,Q13163,7.928
saracatinib,3,O14976,7.766
saracatinib,4,Q13163-3,7.736
saracatinib,5,Q13163-2,7.735
saracatinib,6,Q13163-4,7.539
saracatinib,7,P06239,7.476
saracatinib,8,P00533-4,7.452
saracatinib,9,P00533-3,7.423
saracatinib,10,P06239-3,7.379
sarmentogenin,1,Q9UQ07-3,8.249
sarmentogenin,2,Q96Q11-3,8.213
sarmentogenin,3,O43283-6,8.178
sarmentogenin,4,Q56UN5,8.156
sarmentogenin,5,P11362-17,8.129
sarmentogenin,6,P49761-2,8.078
sarmentogenin,7,Q6ZMQ8-2,8.066
sarmentogenin,8,P37173-3,8.039
sarmentogenin,9,P35558-2,8.032
sarmentogenin,10,P49759-2,7.967
scopolamine,1,P36888-2,6.887
scopolamine,2,P52333,6.869
scopolamine,3,P52333-2,6.869
scopolamine,4,Q56UN5,6.785
scopolamine,5,P36888,6.78
scopolamine,6,P52333-4,6.672
scopolamine,7,P49760,6.613
scopolamine,8,P49760-3,6.612
scopolamine,9,O60674,6.598
scopolamine,10,Q9NSY1-3,6.58
scoulerine,1,P49759,6.723
scoulerine,2,P49759-3,6.685
scoulerine,3,P49760-3,6.672
scoulerine,4,P49760,6.67
scoulerine,5,O14976,6.541
scoulerine,6,P29597,6.499
scoulerine,7,Q16620-2,6.479
scoulerine,8,Q9HAZ1,6.465
scoulerine,9,Q56UN5,6.456
scoulerine,10,Q16620-5,6.456
secoisolariciresinol,1,P49760-3,7.334
secoisolariciresinol,2,P49760,7.332
secoisolariciresinol,3,P49759,7.301
secoisolariciresinol,4,P49759-3,7.268
secoisolariciresinol,5,Q13627,7.196
secoisolariciresinol,6,Q13627-2,7.192
secoisolariciresinol,7,Q13627-4,7.191
secoisolariciresinol,8,Q13627-3,7.19
secoisolariciresinol,9,Q13627-5,7.186
secoisolariciresinol,10,Q9HAZ1,7.138
securinine,1,Q56UN5,7.731
securinine,2,O43283-6,7.458
securinine,3,Q6ZMQ8-2,7.361
securinine,4,P35558-2,7.322
securinine,5,P11362-17,7.316
securinine,6,Q9UQ07-3,7.266
securinine,7,Q96Q11-3,7.244
securinine,8,P11362-15,7.202
securinine,9,O96017-10,7.182
securinine,10,P37173-3,7.161
selumetinib,1,Q02750,6.272
selumetinib,2,P36507,6.167
selumetinib,3,Q13163-4,5.557
selumetinib,4,Q13163-2,5.507
selumetinib,5,Q13163-3,5.504
selumetinib,6,Q02750-2,5.503
selumetinib,7,P29376-3,5.45
selumetinib,8,Q13163,5.442
selumetinib,9,Q9UQB9,5.401
selumetinib,10,Q9UQB9-3,5.397
serdemetan,1,P09619,7.371
serdemetan,2,P17948,7.261
serdemetan,3,P16234-3,7.242
serdemetan,4,P16234,7.221
serdemetan,5,P07333,7.055
serdemetan,6,P35968,7.028
serdemetan,7,P10721-2,6.739
serdemetan,8,P10721,6.728
serdemetan,9,P35916,6.407
serdemetan,10,P35916-1,6.407
sertaconazole,1,P07333,6.23
sertaconazole,2,P49760,5.867
sertaconazole,3,P49760-3,5.865
sertaconazole,4,P49759,5.818
sertaconazole,5,P49759-3,5.816
sertaconazole,6,Q16539-4,5.783
sertaconazole,7,P23458,5.779
sertaconazole,8,Q9Y463,5.762
sertaconazole,9,Q9H3Y6,5.737
sertaconazole,10,P50613,5.735
sertraline,1,Q9H2K8,7.192
sertraline,2,Q7L7X3-3,7.175
sertraline,3,Q7L7X3,7.154
sertraline,4,P50613,6.875
sertraline,5,Q9UL54-2,6.857
sertraline,6,Q13163,6.721
sertraline,7,Q9UL54-4,6.707
sertraline,8,Q08345-5,6.678
sertraline,9,O14976,6.674
sertraline,10,Q08345-2,6.663
siguazodan,1,Q56UN5,7.309
siguazodan,2,O43283-6,7.002
siguazodan,3,P36888,6.876
siguazodan,4,P36888-2,6.862
siguazodan,5,Q96Q11-3,6.857
siguazodan,6,Q9UQ07-3,6.842
siguazodan,7,O75417-2,6.8
siguazodan,8,P11362-17,6.792
siguazodan,9,O60674,6.776
siguazodan,10,O96017-10,6.733
simvastatin,1,Q56UN5,7.687
simvastatin,2,P49760-3,7.194
simvastatin,3,P49760,7.191
simvastatin,4,P49759,7.164
simvastatin,5,Q96Q11-3,7.164
simvastatin,6,P49759-3,7.152
simvastatin,7,P36888,7.14
simvastatin,8,O43283-6,7.118
simvastatin,9,P37173-3,7.105
simvastatin,10,P36888-2,7.098
sirolimus,1,Q56UN5,7.477
sirolimus,2,Q9UQ07-3,7.336
sirolimus,3,O43283-6,7.275
sirolimus,4,Q96Q11-3,7.198
sirolimus,5,P35558-2,7.193
sirolimus,6,Q8TD08,7.171
sirolimus,7,P52333-4,7.159
sirolimus,8,P37173-3,7.142
sirolimus,9,Q6ZMQ8-2,7.134
sirolimus,10,P11362-17,7.132
somatostatin,1,Q8TD08,7.234
somatostatin,2,P49759,7.077
somatostatin,3,Q56UN5,7.055
somatostatin,4,P49760-3,7.051
somatostatin,5,P49760,7.048
somatostatin,6,P49759-3,7.048
somatostatin,7,Q2M2I8,7.033
somatostatin,8,Q2M2I8-2,7.019
somatostatin,9,Q02156,6.949
somatostatin,10,P36888,6.931
sotalol,1,P36888,6.689
sotalol,2,P36888-2,6.66
sotalol,3,P49759,6.546
sotalol,4,P49760-3,6.528
sotalol,5,P49760,6.524
sotalol,6,P49759-3,6.484
sotalol,7,Q9HAZ1,6.476
sotalol,8,Q9NSY1-3,6.32
sotalol,9,Q2M2I8,6.302
sotalol,10,Q9NSY1-2,6.302
spectinomycin,1,Q9H2K8,8.335
spectinomycin,2,Q7L7X3,8.121
spectinomycin,3,Q7L7X3-3,8.117
spectinomycin,4,Q9UQ07-3,8.114
spectinomycin,5,Q96Q11-3,8.07
spectinomycin,6,Q13627-4,8.05
spectinomycin,7,Q13627-3,8.049
spectinomycin,8,Q13627,8.045
spectinomycin,9,Q8N5S9,8.042
spectinomycin,10,Q13627-2,8.04
sphingosine,1,P49760-3,7.092
sphingosine,2,P49760,7.09
sphingosine,3,P49759,7.079
sphingosine,4,P49759-3,7.042
sphingosine,5,Q9HAZ1,6.897
sphingosine,6,Q13627-4,6.856
sphingosine,7,Q13627-3,6.853
sphingosine,8,Q13627,6.839
sphingosine,9,Q13627-2,6.838
sphingosine,10,Q13627-5,6.832
spiperone,1,P36888-2,8.519
spiperone,2,P36888,8.497
spiperone,3,P09619,8.025
spiperone,4,Q56UN5,7.915
spiperone,5,P07333,7.888
spiperone,6,P10721,7.63
spiperone,7,Q16288-2,7.625
spiperone,8,P10721-2,7.618
spiperone,9,P04629-3,7.611
spiperone,10,P07949,7.607
spiramide,1,P36888-2,8.593
spiramide,2,P36888,8.555
spiramide,3,P09619,8.059
spiramide,4,P07333,7.999
spiramide,5,Q56UN5,7.867
spiramide,6,Q16288-2,7.738
spiramide,7,P07949,7.709
spiramide,8,P07949-2,7.709
spiramide,9,P10721,7.703
spiramide,10,P10721-2,7.692
stavudine,1,P49759,6.463
stavudine,2,P49759-3,6.437
stavudine,3,P49760,6.411
stavudine,4,P49760-3,6.411
stavudine,5,Q13627-3,6.405
stavudine,6,Q13627-4,6.405
stavudine,7,Q13627-5,6.381
stavudine,8,Q13627,6.38
stavudine,9,Q13627-2,6.377
stavudine,10,Q56UN5,6.361
strophanthidin,1,Q9UQ07-3,8.452
strophanthidin,2,Q96Q11-3,8.45
strophanthidin,3,O43283-6,8.354
strophanthidin,4,P35558-2,8.336
strophanthidin,5,P11362-17,8.322
strophanthidin,6,Q56UN5,8.302
strophanthidin,7,P37173-3,8.279
strophanthidin,8,P49761-2,8.195
strophanthidin,9,Q6ZMQ8-2,8.169
strophanthidin,10,Q9BRR6-6,8.169
strychnine,1,Q56UN5,7.842
strychnine,2,P36888-2,7.735
strychnine,3,P52333,7.657
strychnine,4,P52333-2,7.657
strychnine,5,O60674,7.634
strychnine,6,P36888,7.561
strychnine,7,O43283-6,7.55
strychnine,8,Q6ZMQ8-2,7.41
strychnine,9,P52333-4,7.369
strychnine,10,O00444-3,7.328
sulconazole,1,P49759,6.568
sulconazole,2,P49759-3,6.539
sulconazole,3,P49760,6.523
sulconazole,4,P49760-3,6.523
sulconazole,5,Q9HAZ1,6.489
sulconazole,6,P50613,6.473
sulconazole,7,Q8TD08-2,6.47
sulconazole,8,O14578-2,6.416
sulconazole,9,Q8TD08,6.373
sulconazole,10,Q9Y463,6.335
sulfafurazole,1,Q56UN5,6.493
sulfafurazole,2,Q7L7X3-3,6.352
sulfafurazole,3,Q7L7X3,6.338
sulfafurazole,4,Q9UQ07-3,6.313
sulfafurazole,5,O43283-6,6.284
sulfafurazole,6,Q9H2K8,6.266
sulfafurazole,7,P49760-3,6.254
sulfafurazole,8,P49760,6.253
sulfafurazole,9,Q8TD08,6.251
sulfafurazole,10,Q96Q11-3,6.249
suloctidil,1,P36888-2,6.489
suloctidil,2,Q56UN5,6.386
suloctidil,3,O43283-6,6.381
suloctidil,4,Q9NSY1-3,6.356
suloctidil,5,P35558-2,6.349
suloctidil,6,Q9NSY1-2,6.346
suloctidil,7,P52333-4,6.329
suloctidil,8,P52333,6.322
suloctidil,9,P52333-2,6.322
suloctidil,10,Q96Q11-3,6.316
sunitinib,1,P09619,9.382
sunitinib,2,P16234,9.152
sunitinib,3,P36888-2,9.118
sunitinib,4,P36888,9.115
sunitinib,5,P35968,8.926
sunitinib,6,Q9UEE5,8.828
sunitinib,7,P16234-3,8.726
sunitinib,8,P07333,8.717
sunitinib,9,P17948,8.548
sunitinib,10,P10721,8.524
syrosingopine,1,P36888,7.775
syrosingopine,2,P36888-2,7.769
syrosingopine,3,Q16620-6,7.291
syrosingopine,4,Q16620-2,7.28
syrosingopine,5,Q16620-5,7.245
syrosingopine,6,Q16620-3,7.243
syrosingopine,7,P07333,7.242
syrosingopine,8,Q16620-4,7.235
syrosingopine,9,Q16620,7.22
syrosingopine,10,P04629-3,7.174
tacedinaline,1,P36888,7.256
tacedinaline,2,P36888-2,7.25
tacedinaline,3,P07333,7.056
tacedinaline,4,P16234-3,7.027
tacedinaline,5,P16234,6.855
tacedinaline,6,P09619,6.815
tacedinaline,7,P17948,6.629
tacedinaline,8,P10721-2,6.525
tacedinaline,9,P10721,6.512
tacedinaline,10,P35968,6.407
tacrine,1,P49759,6.552
tacrine,2,P49759-3,6.518
tacrine,3,Q9HAZ1,6.476
tacrine,4,P49760,6.411
tacrine,5,P49760-3,6.409
tacrine,6,Q13627,6.26
tacrine,7,O75747-2,6.258
tacrine,8,Q13627-2,6.257
tacrine,9,Q13627-4,6.251
tacrine,10,Q13627-3,6.25
talniflumate,1,Q08345-2,7.193
talniflumate,2,Q08345-6,7.19
talniflumate,3,Q08345,7.189
talniflumate,4,Q08345-5,7.145
talniflumate,5,Q13163-2,7.085
talniflumate,6,Q13163,7.082
talniflumate,7,Q13163-3,7.074
talniflumate,8,P09619,7.007
talniflumate,9,Q13163-4,7.002
talniflumate,10,P07333,6.982
tamoxifen,1,Q56UN5,7.161
tamoxifen,2,P36888-2,7.04
tamoxifen,3,P36888,6.911
tamoxifen,4,O43283-6,6.866
tamoxifen,5,Q96Q11-3,6.812
tamoxifen,6,Q9UQ07-3,6.783
tamoxifen,7,Q9NSY1-3,6.777
tamoxifen,8,Q9NSY1-2,6.767
tamoxifen,9,P35558-2,6.764
tamoxifen,10,P37173-3,6.735
tangeritin,1,Q13627,6.466
tangeritin,2,Q13627-2,6.464
tangeritin,3,Q13627-3,6.457
tangeritin,4,Q13627-4,6.457
tangeritin,5,Q16288-2,6.456
tangeritin,6,Q13627-5,6.449
tangeritin,7,P36888,6.448
tangeritin,8,P36888-2,6.432
tangeritin,9,Q16620-2,6.371
tangeritin,10,Q16620-5,6.342
tegaserod,1,P07333,7.213
tegaserod,2,P16234-3,7.197
tegaserod,3,P09619,7.162
tegaserod,4,P16234,7.144
tegaserod,5,P36888-2,6.94
tegaserod,6,Q56UN5,6.892
tegaserod,7,P17948,6.888
tegaserod,8,P36888,6.859
tegaserod,9,P35968,6.819
tegaserod,10,P10721-2,6.667
teicoplanin,1,P36888,7.123
teicoplanin,2,P36888-2,7.016
teicoplanin,3,Q56UN5,6.866
teicoplanin,4,Q13163-4,6.737
teicoplanin,5,Q13163,6.726
teicoplanin,6,P07333,6.61
teicoplanin,7,Q13163-2,6.588
teicoplanin,8,Q13163-3,6.586
teicoplanin,9,P09619,6.563
teicoplanin,10,O14976,6.446
temozolomide,1,P15056,6.115
temozolomide,2,Q56UN5,5.973
temozolomide,3,P10398,5.972
temozolomide,4,P11362-15,5.972
temozolomide,5,O43283-6,5.941
temozolomide,6,O60674,5.883
temozolomide,7,P11362-17,5.835
temozolomide,8,P52333,5.821
temozolomide,9,P52333-2,5.821
temozolomide,10,P07333-2,5.809
temsirolimus,1,Q56UN5,7.477
temsirolimus,2,Q9UQ07-3,7.336
temsirolimus,3,O43283-6,7.275
temsirolimus,4,Q96Q11-3,7.198
temsirolimus,5,P35558-2,7.193
temsirolimus,6,Q8TD08,7.171
temsirolimus,7,P52333-4,7.159
temsirolimus,8,P37173-3,7.142
temsirolimus,9,Q6ZMQ8-2,7.134
temsirolimus,10,P11362-17,7.132
tenidap,1,Q02750,6.567
tenidap,2,P07333,6.558
tenidap,3,Q13163-4,6.534
tenidap,4,Q13163,6.49
tenidap,5,Q13163-2,6.476
tenidap,6,Q13163-3,6.468
tenidap,7,Q56UN5,6.465
tenidap,8,P36507,6.405
tenidap,9,P10398,6.271
tenidap,10,Q02750-2,6.268
tenoxicam,1,P07333,6.719
tenoxicam,2,P09619,6.611
tenoxicam,3,P16234,6.573
tenoxicam,4,P15056,6.538
tenoxicam,5,P10398,6.455
tenoxicam,6,P16234-3,6.442
tenoxicam,7,P04049-2,6.261
tenoxicam,8,P04049,6.247
tenoxicam,9,P17948,6.19
tenoxicam,10,Q56UN5,6.175
terconazole,1,Q08345,7.321
terconazole,2,Q08345-2,7.312
terconazole,3,Q08345-6,7.309
terconazole,4,Q08345-5,7.289
terconazole,5,Q9H2G2,7.131
terconazole,6,O60674,7.124
terconazole,7,Q9H2G2-2,7.111
terconazole,8,O94804,7.109
terconazole,9,P36888-2,7.081
terconazole,10,O00444,7.036
terfenadine,1,P36888-2,7.763
terfenadine,2,P36888,7.709
terfenadine,3,Q56UN5,7.44
terfenadine,4,Q9NSY1-3,7.062
terfenadine,5,Q9NSY1-2,7.033
terfenadine,6,Q9NSY1,6.984
terfenadine,7,P09619,6.955
terfenadine,8,Q8TD08,6.932
terfenadine,9,P07333,6.916
terfenadine,10,P04629-3,6.881
terguride,1,P36888-2,6.891
terguride,2,Q56UN5,6.883
terguride,3,P36888,6.815
terguride,4,O43283-6,6.546
terguride,5,P52333,6.525
terguride,6,P52333-2,6.525
terguride,7,O14976,6.426
terguride,8,Q9H093,6.421
terguride,9,Q96Q11-3,6.399
terguride,10,O60674,6.389
terreic-acid,1,Q13627-4,6.808
terreic-acid,2,Q13627-3,6.804
terreic-acid,3,Q13627-5,6.78
terreic-acid,4,P49760,6.775
terreic-acid,5,Q13627,6.775
terreic-acid,6,P49760-3,6.773
terreic-acid,7,Q13627-2,6.769
terreic-acid,8,P49759,6.621
terreic-acid,9,P49759-3,6.604
terreic-acid,10,Q9Y463-3,6.6
testosterone,1,O43283-6,7.75
testosterone,2,Q9UQ07-3,7.748
testosterone,3,P11362-17,7.691
testosterone,4,Q56UN5,7.669
testosterone,5,Q96Q11-3,7.664
testosterone,6,Q6ZMQ8-2,7.642
testosterone,7,P49761-2,7.607
testosterone,8,P35558-2,7.548
testosterone,9,O96017-10,7.517
testosterone,10,P37173-3,7.51
tetrabenazine,1,P36888-2,6.966
tetrabenazine,2,P36888,6.915
tetrabenazine,3,Q56UN5,6.867
tetrabenazine,4,O14976,6.802
tetrabenazine,5,P49760-3,6.802
tetrabenazine,6,P49760,6.799
tetrabenazine,7,P49759,6.726
tetrabenazine,8,P49759-3,6.7
tetrabenazine,9,P07333,6.611
tetrabenazine,10,Q9UM73,6.557
tetracycline,1,Q56UN5,8.119
tetracycline,2,Q9UQ07-3,8.034
tetracycline,3,Q96Q11-3,8.008
tetracycline,4,O43283-6,7.92
tetracycline,5,P37173-3,7.83
tetracycline,6,P11362-17,7.787
tetracycline,7,P49761-2,7.767
tetracycline,8,P35558-2,7.764
tetracycline,9,P49759-2,7.706
tetracycline,10,O96017-10,7.703
tetrahydrobiopterin,1,P49760-3,6.876
tetrahydrobiopterin,2,P49760,6.875
tetrahydrobiopterin,3,P49759,6.774
tetrahydrobiopterin,4,O60674,6.75
tetrahydrobiopterin,5,P49759-3,6.736
tetrahydrobiopterin,6,P52333,6.634
tetrahydrobiopterin,7,P52333-2,6.634
tetrahydrobiopterin,8,Q9HAZ1,6.63
tetrahydrobiopterin,9,P29597,6.55
tetrahydrobiopterin,10,Q9UQ07-3,6.498
tetrindole,1,Q56UN5,7.19
tetrindole,2,P49760,6.746
tetrindole,3,P49760-3,6.745
tetrindole,4,P49759,6.743
tetrindole,5,P49759-3,6.718
tetrindole,6,O43283-6,6.654
tetrindole,7,Q9HAZ1,6.596
tetrindole,8,P35558-2,6.558
tetrindole,9,O75417-2,6.539
tetrindole,10,P11362-15,6.457
thapsigargin,1,P36888,8.207
thapsigargin,2,P36888-2,8.187
thapsigargin,3,Q56UN5,8.059
thapsigargin,4,O43283-6,7.745
thapsigargin,5,Q96Q11-3,7.736
thapsigargin,6,P37173-3,7.681
thapsigargin,7,Q9UQ07-3,7.63
thapsigargin,8,P35558-2,7.575
thapsigargin,9,Q9H093,7.558
thapsigargin,10,O75417-2,7.534
theophylline,1,P11362-15,6.101
theophylline,2,P16234-2,5.96
theophylline,3,P09619-2,5.91
theophylline,4,O43283-6,5.883
theophylline,5,P07333-2,5.88
theophylline,6,P11362-17,5.86
theophylline,7,Q15772-4,5.843
theophylline,8,O60674,5.838
theophylline,9,Q9UQ07-3,5.804
theophylline,10,Q56UN5,5.77
thiethylperazine,1,Q56UN5,7.241
thiethylperazine,2,Q08345-5,7.007
thiethylperazine,3,Q08345-2,6.97
thiethylperazine,4,Q08345-6,6.969
thiethylperazine,5,Q08345,6.967
thiethylperazine,6,P36888-2,6.846
thiethylperazine,7,Q13163-3,6.797
thiethylperazine,8,Q13163-2,6.795
thiethylperazine,9,P07333,6.759
thiethylperazine,10,Q13163,6.72
thioperamide,1,P52333,7.24
thioperamide,2,P52333-2,7.24
thioperamide,3,O60674,7.058
thioperamide,4,P52333-4,6.905
thioperamide,5,Q56UN5,6.828
thioperamide,6,O43283-6,6.642
thioperamide,7,P29597,6.627
thioperamide,8,P11362-15,6.578
thioperamide,9,P35558-2,6.497
thioperamide,10,Q96Q11-3,6.476
thioridazine,1,Q08345-6,8.243
thioridazine,2,Q08345-5,8.242
thioridazine,3,Q08345-2,8.237
thioridazine,4,Q08345,8.229
thioridazine,5,Q08345-4,7.405
thioridazine,6,Q16832,7.343
thioridazine,7,P06239,7.222
thioridazine,8,P07333,7.19
thioridazine,9,Q56UN5,7.18
thioridazine,10,P06239-3,7.13
thiostrepton,1,P36888,8.073
thiostrepton,2,P36888-2,8.047
thiostrepton,3,Q56UN5,7.934
thiostrepton,4,O43283-6,7.758
thiostrepton,5,Q96Q11-3,7.688
thiostrepton,6,Q9UQ07-3,7.68
thiostrepton,7,P37173-3,7.588
thiostrepton,8,Q16854-6,7.541
thiostrepton,9,P35558-2,7.522
thiostrepton,10,O43283-3,7.521
thiothixene,1,Q08345-5,7.076
thiothixene,2,P09619,7.046
thiothixene,3,Q08345,7.034
thiothixene,4,Q13163,7.033
thiothixene,5,Q08345-2,7.032
thiothixene,6,Q08345-6,7.029
thiothixene,7,P36888-2,7.023
thiothixene,8,Q13163-3,7.014
thiothixene,9,Q13163-2,7.007
thiothixene,10,Q56UN5,7.006
tiabendazole,1,P48736,6.084
tiabendazole,2,O75747-2,6.031
tiabendazole,3,P42345,6.007
tiabendazole,4,Q56UN5,6.004
tiabendazole,5,O00443,5.998
tiabendazole,6,P49760,5.98
tiabendazole,7,P49760-3,5.977
tiabendazole,8,P11362-15,5.968
tiabendazole,9,P49759,5.949
tiabendazole,10,O43283-6,5.944
tianeptine,1,P07333,7.09
tianeptine,2,P09619,6.952
tianeptine,3,P36888-2,6.86
tianeptine,4,P36888,6.774
tianeptine,5,Q13163,6.718
tianeptine,6,P16234,6.669
tianeptine,7,Q13163-3,6.668
tianeptine,8,Q13163-2,6.664
tianeptine,9,Q13163-4,6.648
tianeptine,10,P07949,6.556
tiaprofenic-acid,1,O43283-6,6.671
tiaprofenic-acid,2,Q56UN5,6.653
tiaprofenic-acid,3,Q96Q11-3,6.593
tiaprofenic-acid,4,P35558-2,6.587
tiaprofenic-acid,5,P11362-17,6.581
tiaprofenic-acid,6,Q9Y572-2,6.558
tiaprofenic-acid,7,Q9Y572-3,6.558
tiaprofenic-acid,8,Q9UQ07-3,6.538
tiaprofenic-acid,9,P49760,6.52
tiaprofenic-acid,10,P49760-3,6.518
ticlopidine,1,P50613,6.417
ticlopidine,2,Q8TD08,6.275
ticlopidine,3,O76039-1,6.221
ticlopidine,4,Q8TD08-2,6.218
ticlopidine,5,O76039,6.214
ticlopidine,6,Q9H2K8,6.151
ticlopidine,7,Q8TD08-3,6.132
ticlopidine,8,Q9UPZ9,6.108
ticlopidine,9,Q9UPZ9-2,6.077
ticlopidine,10,P49760,6.064
tizanidine,1,O43283-6,6.068
tizanidine,2,Q56UN5,6.043
tizanidine,3,O00238,6.03
tizanidine,4,O00238-2,6.025
tizanidine,5,P48736,6.021
tizanidine,6,P12931,5.995
tizanidine,7,P11362-17,5.993
tizanidine,8,P42345,5.993
tizanidine,9,Q13163-2,5.953
tizanidine,10,P09769,5.945
tofacitinib,1,P52333,9.184
tofacitinib,2,P52333-2,9.184
tofacitinib,3,O60674,8.872
tofacitinib,4,P52333-4,7.321
tofacitinib,5,Q9C098,7.049
tofacitinib,6,P23458,6.985
tofacitinib,7,P29597,6.79
tofacitinib,8,Q13470,6.645
tofacitinib,9,Q13470-2,6.619
tofacitinib,10,Q9H093,6.586
tolazamide,1,Q08345,7.102
tolazamide,2,Q08345-6,7.098
tolazamide,3,Q08345-2,7.097
tolazamide,4,Q08345-5,7.094
tolazamide,5,P50613,6.894
tolazamide,6,P36888,6.834
tolazamide,7,P36888-2,6.826
tolazamide,8,Q7L7X3-3,6.753
tolazamide,9,Q9H2K8,6.745
tolazamide,10,Q7L7X3,6.737
tolazoline,1,P49841-2,6.029
tolazoline,2,P49760,5.992
tolazoline,3,P49760-3,5.99
tolazoline,4,P49841,5.989
tolazoline,5,Q56UN5,5.938
tolazoline,6,O43283-6,5.901
tolazoline,7,Q13627-3,5.9
tolazoline,8,Q13627-4,5.9
tolazoline,9,Q13627-5,5.894
tolazoline,10,Q13627,5.882
tolbutamide,1,P36888,6.834
tolbutamide,2,P36888-2,6.803
tolbutamide,3,P07333,6.664
tolbutamide,4,P16234-3,6.647
tolbutamide,5,P16234,6.35
tolbutamide,6,P50613,6.31
tolbutamide,7,P17948,6.277
tolbutamide,8,P09619,6.249
tolbutamide,9,P15056,6.212
tolbutamide,10,P10398,6.205
tolmetin,1,P07333,6.359
tolmetin,2,P35558-2,6.128
tolmetin,3,Q9UQ07-3,6.127
tolmetin,4,O43283-6,6.124
tolmetin,5,P36888-2,6.103
tolmetin,6,Q96Q11-3,6.102
tolmetin,7,Q56UN5,6.089
tolmetin,8,P09619,6.068
tolmetin,9,P37173-3,6.055
tolmetin,10,Q9UQB9-3,6.045
tomelukast,1,P49759,7.153
tomelukast,2,P49760-3,7.116
tomelukast,3,P49759-3,7.115
tomelukast,4,P49760,7.114
tomelukast,5,Q13627-4,7.027
tomelukast,6,Q13627-3,7.026
tomelukast,7,Q13627,7.012
tomelukast,8,Q13627-5,7.008
tomelukast,9,Q13627-2,7.007
tomelukast,10,Q9Y463-3,6.9
torin-1,1,P07333,7.124
torin-1,2,Q08345,7.05
torin-1,3,Q08345-5,7.042
torin-1,4,Q08345-6,7.036
torin-1,5,Q08345-2,7.032
torin-1,6,P09619,6.767
torin-1,7,P08581,6.738
torin-1,8,P08581-2,6.729
torin-1,9,Q56UN5,6.68
torin-1,10,Q13163-3,6.661
torin-2,1,Q56UN5,6.668
torin-2,2,Q08345,6.59
torin-2,3,Q08345-2,6.583
torin-2,4,Q08345-6,6.583
torin-2,5,Q08345-5,6.567
torin-2,6,P07333,6.448
torin-2,7,Q9NYL2,6.304
torin-2,8,Q16288-4,6.247
torin-2,9,Q9NYL2-2,6.245
torin-2,10,Q16288,6.225
tozasertib,1,Q9UQB9,8.669
tozasertib,2,Q9UQB9-3,8.658
tozasertib,3,Q9UQB9-2,8.645
tozasertib,4,Q96GD4,8.515
tozasertib,5,Q96GD4-5,8.496
tozasertib,6,Q96GD4-4,8.491
tozasertib,7,P36888-2,8.432
tozasertib,8,O14965,8.363
tozasertib,9,P36888,8.155
tozasertib,10,Q96GD4-2,8.124
tracazolate,1,Q02750,6.232
tracazolate,2,P36507,6.23
tracazolate,3,O43283-6,6.176
tracazolate,4,Q56UN5,6.159
tracazolate,5,P15056,6.136
tracazolate,6,Q15772-4,6.098
tracazolate,7,P10398,6.08
tracazolate,8,Q96Q11-3,6.062
tracazolate,9,Q9Y572-2,6.044
tracazolate,10,Q9UKE5-4,6.041
tramadol,1,Q56UN5,7.127
tramadol,2,Q13627-3,6.977
tramadol,3,Q13627-4,6.976
tramadol,4,P49760-3,6.969
tramadol,5,P49760,6.967
tramadol,6,Q13627,6.967
tramadol,7,Q13627-2,6.958
tramadol,8,Q13627-5,6.955
tramadol,9,P49759,6.946
tramadol,10,Q9UQ07-3,6.93
tranylcypromine,1,P49760,6.415
tranylcypromine,2,P49760-3,6.415
tranylcypromine,3,Q8TD08,6.32
tranylcypromine,4,P49759,6.278
tranylcypromine,5,P49759-3,6.269
tranylcypromine,6,Q13627-4,6.256
tranylcypromine,7,Q13627-3,6.255
tranylcypromine,8,Q13627,6.248
tranylcypromine,9,Q13627-2,6.241
tranylcypromine,10,Q13627-5,6.239
trapidil,1,P15056,6.186
trapidil,2,P10398,6.134
trapidil,3,P04049-2,5.975
trapidil,4,P04049,5.969
trapidil,5,Q08345-5,5.968
trapidil,6,Q16539-2,5.961
trapidil,7,Q08345,5.957
trapidil,8,Q08345-2,5.956
trapidil,9,Q08345-6,5.949
trapidil,10,Q16539,5.938
trazodone,1,P07333,6.904
trazodone,2,Q08345,6.843
trazodone,3,Q08345-5,6.837
trazodone,4,Q08345-6,6.822
trazodone,5,Q08345-2,6.82
trazodone,6,Q16620,6.476
trazodone,7,Q16620-4,6.472
trazodone,8,Q16832,6.467
trazodone,9,Q15759,6.453
trazodone,10,Q16620-6,6.423
trequinsin,1,P07333,7.736
trequinsin,2,Q08345-5,7.407
trequinsin,3,Q08345-2,7.38
trequinsin,4,Q08345-6,7.38
trequinsin,5,Q08345,7.374
trequinsin,6,P09619,7.17
trequinsin,7,P16234,7.001
trequinsin,8,P16234-3,6.886
trequinsin,9,P10721-2,6.703
trequinsin,10,P10721,6.689
tretinoin,1,Q56UN5,7.841
tretinoin,2,O43283-6,7.734
tretinoin,3,Q96Q11-3,7.616
tretinoin,4,P35558-2,7.53
tretinoin,5,Q9UQ07-3,7.491
tretinoin,6,Q9UQB9,7.445
tretinoin,7,Q9UQB9-2,7.444
tretinoin,8,Q9UQB9-3,7.443
tretinoin,9,O75417-2,7.437
tretinoin,10,P11362-17,7.436
triamcinolone,1,Q96Q11-3,7.834
triamcinolone,2,Q9UQ07-3,7.81
triamcinolone,3,O43283-6,7.764
triamcinolone,4,Q56UN5,7.753
triamcinolone,5,P11362-17,7.709
triamcinolone,6,P49761-2,7.705
triamcinolone,7,P37173-3,7.685
triamcinolone,8,P35558-2,7.67
triamcinolone,9,P49759-2,7.617
triamcinolone,10,Q6ZMQ8-2,7.588
triciribine,1,O60674,6.849
triciribine,2,P52333,6.724
triciribine,3,P52333-2,6.724
triciribine,4,P29597,6.521
triciribine,5,Q02156,6.442
triciribine,6,P52333-4,6.421
triciribine,7,O00238,6.4
triciribine,8,O00238-2,6.389
triciribine,9,Q9C098,6.373
triciribine,10,Q9HBH9-2,6.359
trifluoperazine,1,Q08345,7.831
trifluoperazine,2,Q08345-2,7.826
trifluoperazine,3,Q08345-6,7.826
trifluoperazine,4,Q08345-5,7.793
trifluoperazine,5,Q16832,7.185
trifluoperazine,6,Q13163-3,7.177
trifluoperazine,7,Q13163-2,7.169
trifluoperazine,8,Q13163,7.154
trifluoperazine,9,P09619,7.078
trifluoperazine,10,P07333,7.059
triflupromazine,1,Q08345-2,6.657
triflupromazine,2,Q08345-6,6.657
triflupromazine,3,Q08345,6.655
triflupromazine,4,Q08345-5,6.619
triflupromazine,5,Q56UN5,6.609
triflupromazine,6,Q16832,6.365
triflupromazine,7,P15056,6.316
triflupromazine,8,P10398,6.271
triflupromazine,9,Q08345-4,6.246
triflupromazine,10,P07333,6.227
triprolidine,1,Q08345-5,7.0
triprolidine,2,Q08345-2,6.924
triprolidine,3,Q08345,6.919
triprolidine,4,Q08345-6,6.919
triprolidine,5,P09619,6.863
triprolidine,6,P16234,6.781
triprolidine,7,P07333,6.758
triprolidine,8,Q08345-4,6.544
triprolidine,9,P16234-3,6.512
triprolidine,10,P10721-2,6.394
tropisetron,1,P36888-2,7.51
tropisetron,2,P52333,7.319
tropisetron,3,P52333-2,7.319
tropisetron,4,O00444-2,7.287
tropisetron,5,P36888,7.275
tropisetron,6,O00444-3,7.27
tropisetron,7,O00444,7.205
tropisetron,8,O60674,7.195
tropisetron,9,Q56UN5,7.133
tropisetron,10,P52333-4,7.044
tyrphostin-51,1,Q56UN5,7.14
tyrphostin-51,2,P49760,6.925
tyrphostin-51,3,P49760-3,6.924
tyrphostin-51,4,P49759,6.8
tyrphostin-51,5,P49759-3,6.792
tyrphostin-51,6,O43283-6,6.782
tyrphostin-51,7,O43318-2,6.76
tyrphostin-51,8,P35558-2,6.754
tyrphostin-51,9,Q8N4C8,6.737
tyrphostin-51,10,O75417-2,6.711
tyrphostin-A9,1,Q56UN5,7.231
tyrphostin-A9,2,O43318-2,6.92
tyrphostin-A9,3,O43283-6,6.905
tyrphostin-A9,4,O43318,6.861
tyrphostin-A9,5,O43318-4,6.809
tyrphostin-A9,6,O75417-2,6.756
tyrphostin-A9,7,P35558-2,6.754
tyrphostin-A9,8,Q96Q11-3,6.732
tyrphostin-A9,9,O43318-3,6.727
tyrphostin-A9,10,Q7Z2Y5-3,6.686
tyrphostin-B44,1,Q56UN5,7.185
tyrphostin-B44,2,O43283-6,6.812
tyrphostin-B44,3,Q96Q11-3,6.768
tyrphostin-B44,4,Q9UQ07-3,6.721
tyrphostin-B44,5,P35558-2,6.698
tyrphostin-B44,6,O75417-2,6.683
tyrphostin-B44,7,P37173-3,6.644
tyrphostin-B44,8,Q32MK0,6.609
tyrphostin-B44,9,O60673,6.596
tyrphostin-B44,10,Q32MK0-4,6.589
urapidil,1,Q08345-5,7.228
urapidil,2,Q08345-2,7.189
urapidil,3,Q08345,7.188
urapidil,4,Q08345-6,7.186
urapidil,5,P07333,7.056
urapidil,6,P36888-2,6.811
urapidil,7,Q08345-4,6.8
urapidil,8,P09619,6.767
urapidil,9,Q16832,6.701
urapidil,10,P36888,6.661
valproic-acid,1,P49760-3,6.631
valproic-acid,2,P49760,6.628
valproic-acid,3,P49759,6.514
valproic-acid,4,P49759-3,6.487
valproic-acid,5,Q9HAZ1,6.377
valproic-acid,6,Q13627-4,6.316
valproic-acid,7,Q13627-3,6.313
valproic-acid,8,Q13627,6.302
valproic-acid,9,Q13627-5,6.298
valproic-acid,10,Q13627-2,6.293
vardenafil,1,Q08345-5,7.17
vardenafil,2,Q08345,7.151
vardenafil,3,Q08345-6,7.136
vardenafil,4,Q08345-2,7.134
vardenafil,5,Q16620-6,6.79
vardenafil,6,Q16620-4,6.782
vardenafil,7,Q16620,6.767
vardenafil,8,P04629-3,6.755
vardenafil,9,P04629,6.744
vardenafil,10,P07333,6.743
venlafaxine,1,P36888-2,7.259
venlafaxine,2,Q13627-3,7.181
venlafaxine,3,Q13627-4,7.177
venlafaxine,4,Q13627-5,7.17
venlafaxine,5,Q13627,7.164
venlafaxine,6,P36888,7.163
venlafaxine,7,Q56UN5,7.153
venlafaxine,8,Q13627-2,7.153
venlafaxine,9,Q8TD08,7.146
venlafaxine,10,Q9UQ07-3,7.074
verapamil,1,Q56UN5,7.131
verapamil,2,P49759,7.0
verapamil,3,Q9HAZ1,6.996
verapamil,4,P49759-3,6.983
verapamil,5,P07333,6.924
verapamil,6,P49760-3,6.922
verapamil,7,P49760,6.919
verapamil,8,P36888-2,6.883
verapamil,9,P36888,6.827
verapamil,10,Q16620-6,6.78
veratridine,1,P36888-2,8.45
veratridine,2,P36888,8.364
veratridine,3,Q56UN5,8.204
veratridine,4,O00444-3,7.992
veratridine,5,O43283-6,7.951
veratridine,6,Q16620-2,7.937
veratridine,7,O00444,7.927
veratridine,8,Q16620-5,7.92
veratridine,9,Q16620-3,7.916
veratridine,10,Q16288-2,7.898
vesamicol,1,P29597,7.071
vesamicol,2,P52333,6.896
vesamicol,3,P52333-2,6.896
vesamicol,4,O60674,6.889
vesamicol,5,P52333-4,6.882
vesamicol,6,O00444-3,6.746
vesamicol,7,P49760,6.717
vesamicol,8,P49760-3,6.715
vesamicol,9,O00444-2,6.693
vesamicol,10,O00444,6.686
vicriviroc,1,O60674,7.577
vicriviroc,2,P52333,7.424
vicriviroc,3,P52333-2,7.424
vicriviroc,4,P36888-2,7.332
vicriviroc,5,Q56UN5,7.266
vicriviroc,6,Q08345,7.254
vicriviroc,7,Q08345-2,7.242
vicriviroc,8,Q08345-6,7.24
vicriviroc,9,P36888,7.223
vicriviroc,10,Q08345-5,7.151
vidarabine,1,O60674,6.802
vidarabine,2,P29597,6.793
vidarabine,3,P52333,6.695
vidarabine,4,P52333-2,6.695
vidarabine,5,P49760,6.451
vidarabine,6,P49760-3,6.449
vidarabine,7,P52333-4,6.33
vidarabine,8,P49759,6.271
vidarabine,9,Q9C098,6.267
vidarabine,10,P49759-3,6.262
vinblastine,1,P36888-2,8.259
vinblastine,2,P36888,8.119
vinblastine,3,Q56UN5,7.745
vinblastine,4,P09619,7.719
vinblastine,5,O00444,7.718
vinblastine,6,O00444-3,7.685
vinblastine,7,P35916,7.493
vinblastine,8,P35916-1,7.493
vinblastine,9,P07333,7.45
vinblastine,10,P07949,7.408
vincristine,1,P36888-2,8.259
vincristine,2,P36888,8.119
vincristine,3,Q56UN5,7.745
vincristine,4,P09619,7.719
vincristine,5,O00444,7.718
vincristine,6,O00444-3,7.685
vincristine,7,P35916,7.493
vincristine,8,P35916-1,7.493
vincristine,9,P07333,7.45
vincristine,10,P07949,7.408
vindesine,1,P36888-2,8.259
vindesine,2,P36888,8.119
vindesine,3,Q56UN5,7.745
vindesine,4,P09619,7.719
vindesine,5,O00444,7.718
vindesine,6,O00444-3,7.685
vindesine,7,P35916,7.493
vindesine,8,P35916-1,7.493
vindesine,9,P07333,7.45
vindesine,10,P07949,7.408
vinorelbine,1,P36888-2,8.259
vinorelbine,2,P36888,8.112
vinorelbine,3,Q56UN5,7.808
vinorelbine,4,P09619,7.674
vinorelbine,5,P35916,7.526
vinorelbine,6,P35916-1,7.526
vinorelbine,7,O00444,7.482
vinorelbine,8,O00444-3,7.479
vinorelbine,9,P07333,7.471
vinorelbine,10,P07949,7.337
vinpocetine,1,P36888-2,7.904
vinpocetine,2,P36888,7.844
vinpocetine,3,Q56UN5,7.783
vinpocetine,4,O43283-6,7.394
vinpocetine,5,O00444-2,7.257
vinpocetine,6,P35558-2,7.227
vinpocetine,7,Q96Q11-3,7.22
vinpocetine,8,O75417-2,7.215
vinpocetine,9,O00444-3,7.214
vinpocetine,10,P37173-3,7.144
vitexin,1,Q9UPZ9,7.425
vitexin,2,Q9UPZ9-2,7.332
vitexin,3,O76039,7.27
vitexin,4,O76039-1,7.264
vitexin,5,Q13627,7.237
vitexin,6,Q13627-4,7.234
vitexin,7,Q13627-2,7.233
vitexin,8,Q13627-5,7.232
vitexin,9,Q13627-3,7.231
vitexin,10,P49760-3,7.15
vorinostat,1,P36888,7.006
vorinostat,2,P36888-2,6.937
vorinostat,3,P16234-3,6.705
vorinostat,4,P07333,6.67
vorinostat,5,P16234,6.483
vorinostat,6,P09619,6.4
vorinostat,7,P17948,6.372
vorinostat,8,P50613,6.37
vorinostat,9,Q8TD08,6.367
vorinostat,10,Q9UQB9,6.322
warfarin,1,Q13627-3,7.044
warfarin,2,Q13627-4,7.043
warfarin,3,Q13627,7.03
warfarin,4,Q13627-5,7.03
warfarin,5,Q13627-2,7.024
warfarin,6,P49760-3,6.968
warfarin,7,P49760,6.967
warfarin,8,P49759,6.962
warfarin,9,P49759-3,6.915
warfarin,10,Q9Y463,6.859
withaferin-a,1,Q56UN5,8.506
withaferin-a,2,O43283-6,8.263
withaferin-a,3,Q9UQ07-3,8.261
withaferin-a,4,Q96Q11-3,8.236
withaferin-a,5,P37173-3,8.153
withaferin-a,6,P36888-2,8.103
withaferin-a,7,P35558-2,8.086
withaferin-a,8,P49761-2,8.077
withaferin-a,9,P11362-17,8.074
withaferin-a,10,Q6ZMQ8-2,8.056
wortmannin,1,Q56UN5,8.008
wortmannin,2,O43283-6,7.891
wortmannin,3,Q96Q11-3,7.75
wortmannin,4,Q9UQ07-3,7.74
wortmannin,5,P37173-3,7.689
wortmannin,6,P36888-2,7.675
wortmannin,7,P35558-2,7.641
wortmannin,8,Q6ZMQ8-2,7.633
wortmannin,9,P11362-17,7.614
wortmannin,10,P36888,7.599
xaliproden,1,P07333,7.131
xaliproden,2,Q08345,6.746
xaliproden,3,Q08345-2,6.74
xaliproden,4,Q08345-6,6.74
xaliproden,5,Q08345-5,6.719
xaliproden,6,Q16288-4,6.663
xaliproden,7,Q16288-5,6.656
xaliproden,8,Q16288-3,6.655
xaliproden,9,Q16288,6.652
xaliproden,10,Q16288-2,6.539
xanthinol,1,Q56UN5,6.397
xanthinol,2,P52333,6.214
xanthinol,3,P52333-2,6.214
xanthinol,4,O43283-6,6.188
xanthinol,5,P49760,6.174
xanthinol,6,P49760-3,6.174
xanthinol,7,P49759,6.137
xanthinol,8,Q9HAZ1,6.131
xanthinol,9,P52333-4,6.124
xanthinol,10,P49759-3,6.091
xanthohumol,1,Q56UN5,7.002
xanthohumol,2,Q8N4C8,6.871
xanthohumol,3,Q8N4C8-4,6.839
xanthohumol,4,Q9UKE5-2,6.821
xanthohumol,5,Q9UKE5-6,6.821
xanthohumol,6,Q8N4C8-3,6.816
xanthohumol,7,Q9UKE5,6.814
xanthohumol,8,Q9UKE5-4,6.814
xanthohumol,9,Q8N4C8-2,6.812
xanthohumol,10,Q8N4C8-5,6.758
zamifenacin,1,P36888-2,7.308
zamifenacin,2,P36888,7.229
zamifenacin,3,P04629-3,6.977
zamifenacin,4,Q16620-7,6.975
zamifenacin,5,Q16620-6,6.974
zamifenacin,6,Q16620-4,6.936
zamifenacin,7,Q16620,6.923
zamifenacin,8,Q16620-2,6.921
zamifenacin,9,Q56UN5,6.917
zamifenacin,10,P04629,6.908
zidovudine,1,P49760,6.712
zidovudine,2,P49760-3,6.712
zidovudine,3,P49759,6.602
zidovudine,4,P49759-3,6.575
zidovudine,5,Q13627-4,6.565
zidovudine,6,Q13627-3,6.564
zidovudine,7,Q13627,6.552
zidovudine,8,Q13627-2,6.552
zidovudine,9,Q13627-5,6.543
zidovudine,10,Q9NSY1-2,6.521
ziprasidone,1,Q56UN5,7.37
ziprasidone,2,P36888,7.339
ziprasidone,3,P36888-2,7.328
ziprasidone,4,Q13163,7.091
ziprasidone,5,Q13163-3,7.056
ziprasidone,6,Q13163-2,7.054
ziprasidone,7,Q13163-4,6.926
ziprasidone,8,P07333,6.865
ziprasidone,9,P09619,6.848
ziprasidone,10,O14976,6.749
zolantidine,1,P07333,6.707
zolantidine,2,Q13163,6.581
zolantidine,3,Q13163-2,6.574
zolantidine,4,Q13163-3,6.573
zolantidine,5,Q56UN5,6.488
zolantidine,6,Q13163-4,6.475
zolantidine,7,P36888,6.393
zolantidine,8,P36888-2,6.35
zolantidine,9,P00533,6.323
zolantidine,10,P09619,6.258
zolmitriptan,1,P49760,7.069
zolmitriptan,2,P49760-3,7.068
zolmitriptan,3,Q56UN5,6.973
zolmitriptan,4,Q9HAZ1,6.879
zolmitriptan,5,P49759,6.861
zolmitriptan,6,P49759-3,6.835
zolmitriptan,7,Q02156,6.756
zolmitriptan,8,Q2M2I8,6.661
zolmitriptan,9,Q2M2I8-2,6.651
zolmitriptan,10,Q9NSY1-3,6.557
zolpidem,1,P07333,6.54
zolpidem,2,Q16620-6,6.359
zolpidem,3,Q16620-2,6.33
zolpidem,4,Q16620-5,6.325
zolpidem,5,P04629-3,6.311
zolpidem,6,Q16620-3,6.305
zolpidem,7,P04629,6.293
zolpidem,8,P04629-2,6.281
zolpidem,9,Q16620-4,6.258
zolpidem,10,Q16620,6.248
zonisamide,1,P49760,6.093
zonisamide,2,P49760-3,6.091
zonisamide,3,P11362-15,6.053
zonisamide,4,P11362-17,6.029
zonisamide,5,Q56UN5,5.989
zonisamide,6,O43283-6,5.985
zonisamide,7,Q9UQ07-3,5.973
zonisamide,8,Q8TD08,5.969
zonisamide,9,P52429-2,5.966
zonisamide,10,O96017-10,5.951
zosuquidar,1,Q56UN5,7.835
zosuquidar,2,P36888-2,7.375
zosuquidar,3,P36888,7.331
zosuquidar,4,Q13163,7.304
zosuquidar,5,P09619,7.292
zosuquidar,6,Q13163-3,7.231
zosuquidar,7,Q13163-2,7.226
zosuquidar,8,Q13163-4,7.194
zosuquidar,9,O60674,7.16
zosuquidar,10,P07333,7.106
zoxazolamine,1,P49759-3,6.189
zoxazolamine,2,P49759,6.185
zoxazolamine,3,P49760,6.084
zoxazolamine,4,P49760-3,6.081
zoxazolamine,5,Q9Y463,5.975
zoxazolamine,6,Q9Y463-3,5.898
zoxazolamine,7,P50613,5.878
zoxazolamine,8,Q13627,5.875
zoxazolamine,9,Q9Y463-2,5.867
zoxazolamine,10,Q13627-5,5.863
