fold,MSE,RMSE,CI,R2,Pearson,Spearman
0,0.223004,0.472233,0.884996,0.714337,0.845398,0.677845
1,0.23459,0.484344,0.882763,0.716911,0.84679,0.677113
2,0.24352,0.493477,0.866324,0.695511,0.835246,0.666735
3,0.213033,0.461555,0.88138,0.720578,0.849351,0.677836
4,0.241893,0.491826,0.885198,0.708678,0.843207,0.688812
