fold,MSE,RMSE,CI,R2,Pearson,Spearman
0,0.216307,0.465088,0.886136,0.722916,0.853399,0.681008
1,0.213019,0.46154,0.877195,0.742941,0.862497,0.672467
2,0.227381,0.476845,0.869607,0.71569,0.846853,0.665603
3,0.231313,0.48095,0.879094,0.696603,0.836399,0.673009
4,0.235255,0.485031,0.88365,0.716672,0.847163,0.689618
