fold,MSE,RMSE,CI,R2,Pearson,Spearman
0,0.213791,0.462375,0.886598,0.726139,0.85255,0.680408
1,0.225878,0.475266,0.876316,0.727424,0.854334,0.670817
2,0.241122,0.491042,0.867542,0.69851,0.837884,0.669721
3,0.219209,0.468198,0.888467,0.712478,0.846811,0.691475
4,0.24352,0.493477,0.866324,0.695511,0.835246,0.666735
